testament,book_id,book_name,chapter,verse,word_index,o,r_before,r_after
ВЗ,genesis,Бытие,1,2,2,תֹ֙הוּ֙,безвидность,пустота
ВЗ,genesis,Бытие,1,7,15,וַֽיְהִי\־,"и, оно был",и было
ВЗ,genesis,Бытие,1,9,11,וַֽיְהִי\־,"и, оно был",и было
ВЗ,genesis,Бытие,1,11,18,וַֽיְהִי\־,"и, оно был",и было
ВЗ,genesis,Бытие,1,15,7,וַֽיְהִי\־,"и, оно был",и было
ВЗ,genesis,Бытие,1,22,3,לֵאמֹ֑ר,"к, говоря",говоря
ВЗ,genesis,Бытие,1,24,12,וַֽיְהִי\־,"и, оно был",и было
ВЗ,genesis,Бытие,1,30,19,וַֽיְהִי\־,"и, оно был",и было
ВЗ,genesis,Бытие,2,4,7,יְהוָ֥ה,Яхве,Господь
ВЗ,genesis,Бытие,2,5,14,יְהוָ֤ה,Яхве,Господь
ВЗ,genesis,Бытие,2,6,1,יַֽעֲלֶ֣ה,оно пришёл вверх,было вверх
ВЗ,genesis,Бытие,2,7,1,יְהוָ֨ה,Яхве,Господь
ВЗ,genesis,Бытие,2,8,1,יְהוָ֧ה,Яхве,Господь
ВЗ,genesis,Бытие,2,9,1,יְהוָ֤ה,Яхве,Господь
ВЗ,genesis,Бытие,2,15,1,יְהוָ֥ה,Яхве,Господь
ВЗ,genesis,Бытие,2,16,1,יְהוָ֣ה,Яхве,Господь
ВЗ,genesis,Бытие,2,16,5,לֵאמֹ֑ר,"к, говоря",говоря
ВЗ,genesis,Бытие,2,18,1,יְהוָ֣ה,Яхве,Господь
ВЗ,genesis,Бытие,2,19,1,יְהוָ֨ה,Яхве,Господь
ВЗ,genesis,Бытие,2,21,1,יְהוָ֨ה,Яхве,Господь
ВЗ,genesis,Бытие,2,22,1,יְהוָ֨ה,Яхве,Господь
ВЗ,genesis,Бытие,3,1,8,יְהוָ֣ה,Яхве,Господь
ВЗ,genesis,Бытие,3,6,10,וְנֶחְמָ֤ד,"и, оно был десирабле",и было десирабле
ВЗ,genesis,Бытие,3,7,0,וַתִּפָּקַ֙חְנָה֙,"и, они были открыл","и, открылись"
ВЗ,genesis,Бытие,3,8,3,יְהוָ֧ה,Яхве,Господь
ВЗ,genesis,Бытие,3,8,13,יְהוָ֣ה,Яхве,Господь
ВЗ,genesis,Бытие,3,9,1,יְהוָ֥ה,Яхве,Господь
ВЗ,genesis,Бытие,3,9,6,ל֖וֹ,"к, его",к нему
ВЗ,genesis,Бытие,3,13,1,יְהוָ֧ה,Яхве,Господь
ВЗ,genesis,Бытие,3,14,1,יְהֹוָ֨ה,Яхве,Господь
ВЗ,genesis,Бытие,3,17,11,לֵאמֹ֔ר,"к, говоря",говоря
ВЗ,genesis,Бытие,3,21,1,יְהוָ֨ה,Яхве,Господь
ВЗ,genesis,Бытие,3,22,1,יְהוָ֣ה,Яхве,Господь
ВЗ,genesis,Бытие,3,23,1,יְהוָ֥ה,Яхве,Господь
ВЗ,genesis,Бытие,4,1,13,יְהוָֽה\׃,Яхве,Господь
ВЗ,genesis,Бытие,4,3,8,לַֽיהוָֽה\׃,"к, Яхве","к, Господь"
ВЗ,genesis,Бытие,4,4,8,יְהוָ֔ה,Яхве,Господь
ВЗ,genesis,Бытие,4,6,1,יְהוָ֖ה,Яхве,Господь
ВЗ,genesis,Бытие,4,8,7,וַֽיְהִי֙,"и, оно был",и было
ВЗ,genesis,Бытие,4,9,1,יְהוָה֙,Яхве,Господь
ВЗ,genesis,Бытие,4,13,3,יְהוָ֑ה,Яхве,Господь
ВЗ,genesis,Бытие,4,15,1,ל֣וֹ,"к, его",к нему
ВЗ,genesis,Бытие,4,15,2,יְהוָ֗ה,Яхве,Господь
ВЗ,genesis,Бытие,4,15,10,יְהוָ֤ה,Яхве,Господь
ВЗ,genesis,Бытие,4,16,3,יְהוָ֑ה,Яхве,Господь
ВЗ,genesis,Бытие,4,26,13,יְהוָֽה\׃\ \פ,Яхве,Господь
ВЗ,genesis,Бытие,5,23,0,וַיְהִ֖י,"и, оно был",и было
ВЗ,genesis,Бытие,5,29,4,לֵאמֹ֑ר,"к, говоря",говоря
ВЗ,genesis,Бытие,5,29,14,יְהוָֽה\׃,Яхве,Господь
ВЗ,genesis,Бытие,5,31,0,וַֽיְהִי֙,"и, оно был",и было
ВЗ,genesis,Бытие,6,1,0,וַֽיְהִי֙,"и, оно был",и было
ВЗ,genesis,Бытие,6,3,1,יְהוָ֗ה,Яхве,Господь
ВЗ,genesis,Бытие,6,4,20,מֵעוֹלָ֖ם,"были от, долгий назад","были от, давно"
ВЗ,genesis,Бытие,6,5,1,יְהוָ֔ה,Яхве,Господь
ВЗ,genesis,Бытие,6,6,1,יְהוָ֔ה,Яхве,Господь
ВЗ,genesis,Бытие,6,7,1,יְהוָ֗ה,Яхве,Господь
ВЗ,genesis,Бытие,6,8,4,יְהוָֽה\׃\ \פ,Яхве,Господь
ВЗ,genesis,Бытие,6,11,0,וַתִּשָּׁחֵ֥ת,"и, оно был коррупт",и было коррупт
ВЗ,genesis,Бытие,6,11,4,וַתִּמָּלֵ֥א,"и, оно был наполнил",и было наполнил
ВЗ,genesis,Бытие,7,1,1,יְהוָה֙,Яхве,Господь
ВЗ,genesis,Бытие,7,5,5,יְהוָֽה\׃,Яхве,Господь
ВЗ,genesis,Бытие,7,10,0,וַֽיְהִ֖י,"и, оно был",и было
ВЗ,genesis,Бытие,7,11,21,נִפְתָּֽחוּ\׃,они были открыл,открылись
ВЗ,genesis,Бытие,7,12,0,וַֽיְהִ֥י,"и, оно был",и было
ВЗ,genesis,Бытие,7,16,11,יְהוָ֖ה,Яхве,Господь
ВЗ,genesis,Бытие,7,17,0,וַֽיְהִ֧י,"и, оно был",и было
ВЗ,genesis,Бытие,8,2,5,וַיִּכָּלֵ֥א,"и, оно был рестраинед",и было рестраинед
ВЗ,genesis,Бытие,8,6,0,וַֽיְהִ֕י,"и, оно был",и было
ВЗ,genesis,Бытие,8,9,7,אֵלָיו֙,"к, его",к нему
ВЗ,genesis,Бытие,8,9,21,אֵלָ֖יו,"к, его",к нему
ВЗ,genesis,Бытие,8,11,0,וַתָּבֹ֨א,"и, оно пришёл","и, было"
ВЗ,genesis,Бытие,8,11,1,אֵלָ֤יו,"к, его",к нему
ВЗ,genesis,Бытие,8,12,11,אֵלָ֖יו,"к, его",к нему
ВЗ,genesis,Бытие,8,13,0,וַֽ֠יְהִי,"и, оно был",и было
ВЗ,genesis,Бытие,8,15,4,לֵאמֹֽר\׃,"к, говоря",говоря
ВЗ,genesis,Бытие,8,20,3,לַֽיהוָ֑ה,"к, Яхве","к, Господь"
ВЗ,genesis,Бытие,8,21,1,יְהוָה֮,Яхве,Господь
ВЗ,genesis,Бытие,8,21,6,יְהוָ֜ה,Яхве,Господь
ВЗ,genesis,Бытие,9,8,7,לֵאמֹֽר\׃,"к, говоря",говоря
ВЗ,genesis,Бытие,9,24,7,ל֖וֹ,"к, его",к нему
ВЗ,genesis,Бытие,9,26,2,יְהֹוָ֖ה,Яхве,Господь
ВЗ,genesis,Бытие,10,9,5,יְהוָ֑ה,Яхве,Господь
ВЗ,genesis,Бытие,10,9,13,יְהוָֽה\׃,Яхве,Господь
ВЗ,genesis,Бытие,10,10,0,וַתְּהִ֨י,"и, оно был",и было
ВЗ,genesis,Бытие,10,19,0,וַֽיְהִ֞י,"и, оно был",и было
ВЗ,genesis,Бытие,10,30,0,וַֽיְהִ֥י,"и, оно был",и было
ВЗ,genesis,Бытие,11,1,0,וַֽיְהִ֥י,"и, оно был",и было
ВЗ,genesis,Бытие,11,2,0,וַֽיְהִ֖י,"и, оно был",и было
ВЗ,genesis,Бытие,11,5,1,יְהוָ֔ה,Яхве,Господь
ВЗ,genesis,Бытие,11,6,1,יְהוָ֗ה,Яхве,Господь
ВЗ,genesis,Бытие,11,8,1,יְהוָ֥ה,Яхве,Господь
ВЗ,genesis,Бытие,11,9,8,יְהוָ֖ה,Яхве,Господь
ВЗ,genesis,Бытие,11,9,14,יְהוָ֔ה,Яхве,Господь
ВЗ,genesis,Бытие,12,1,1,יְהוָה֙,Яхве,Господь
ВЗ,genesis,Бытие,12,4,4,אֵלָיו֙,"к, его",к нему
ВЗ,genesis,Бытие,12,4,5,יְהוָ֔ה,Яхве,Господь
ВЗ,genesis,Бытие,12,7,1,יְהוָה֙,Яхве,Господь
ВЗ,genesis,Бытие,12,7,13,לַיהוָ֖ה,"к, Яхве","к, Господь"
ВЗ,genesis,Бытие,12,7,15,אֵלָֽיו\׃,"к, его",к нему
ВЗ,genesis,Бытие,12,8,16,לַֽיהוָ֔ה,"к, Яхве","к, Господь"
ВЗ,genesis,Бытие,12,8,19,יְהוָֽה\׃,Яхве,Господь
ВЗ,genesis,Бытие,12,10,0,וַיְהִ֥י,"и, оно был",и было
ВЗ,genesis,Бытие,12,11,0,וַיְהִ֕י,"и, оно был",и было
ВЗ,genesis,Бытие,12,14,0,וַיְהִ֕י,"и, оно был",и было
ВЗ,genesis,Бытие,12,16,4,ל֤וֹ,"к, его",к нему
ВЗ,genesis,Бытие,12,17,1,יְהוָ֧ה\׀,Яхве,Господь
ВЗ,genesis,Бытие,12,20,11,לֽוֹ\׃,"принадлежал к, его",принадлежал к нему
ВЗ,genesis,Бытие,13,1,7,ל֛וֹ,"принадлежал к, его",принадлежал к нему
ВЗ,genesis,Бытие,13,4,11,יְהוָֽה\׃,Яхве,Господь
ВЗ,genesis,Бытие,13,7,0,וַֽיְהִי\־,"и, оно был",и было
ВЗ,genesis,Бытие,13,10,14,יְהוָ֗ה,Яхве,Господь
ВЗ,genesis,Бытие,13,10,20,יְהוָה֙,Яхве,Господь
ВЗ,genesis,Бытие,13,13,4,לַיהוָ֖ה,"к, Яхве","к, Господь"
ВЗ,genesis,Бытие,13,14,0,וַֽיהוָ֞ה,"и, Яхве","и, Господь"
ВЗ,genesis,Бытие,13,18,11,לַֽיהוָֽה\׃\ \פ,"к, Яхве","к, Господь"
ВЗ,genesis,Бытие,14,1,0,וַיְהִ֗י,"и, оно был",и было
ВЗ,genesis,Бытие,14,20,8,ל֥וֹ,"к, его",к нему
ВЗ,genesis,Бытие,14,22,8,יְהוָה֙,Яхве,Господь
ВЗ,genesis,Бытие,15,1,3,הָיָ֤ה,оно пришёл,было
ВЗ,genesis,Бытие,15,1,5,יְהוָה֙,Яхве,Господь
ВЗ,genesis,Бытие,15,1,9,לֵאמֹ֑ר,"к, говоря",говоря
ВЗ,genesis,Бытие,15,2,3,יֱהוִה֙,Яхве,Господь
ВЗ,genesis,Бытие,15,4,2,יְהוָ֤ה,Яхве,Господь
ВЗ,genesis,Бытие,15,4,3,אֵלָיו֙,"был к, его",был к нему
ВЗ,genesis,Бытие,15,4,4,לֵאמֹ֔ר,"к, говоря",говоря
ВЗ,genesis,Бытие,15,5,14,ל֔וֹ,"к, его",к нему
ВЗ,genesis,Бытие,15,6,1,בַּֽיהוָ֑ה,"в, Яхве","в, Господь"
ВЗ,genesis,Бытие,15,6,3,לּ֖וֹ,"к, его",к нему
ВЗ,genesis,Бытие,15,7,1,אֵלָ֑יו,"к, его",к нему
ВЗ,genesis,Бытие,15,7,3,יְהוָ֗ה,есмь Яхве,есмь Господь
ВЗ,genesis,Бытие,15,8,2,יֱהוִ֔ה,Яхве,Господь
ВЗ,genesis,Бытие,15,9,1,אֵלָ֗יו,"к, его",к нему
ВЗ,genesis,Бытие,15,10,1,ל֣וֹ,"к, его",к нему
ВЗ,genesis,Бытие,15,11,0,וַיֵּ֥רֶד,"и, оно пришёл вниз","и, было вниз"
ВЗ,genesis,Бытие,15,12,0,וַיְהִ֤י,"и, оно был",и было
ВЗ,genesis,Бытие,15,17,0,וַיְהִ֤י,"и, оно был",и было
ВЗ,genesis,Бытие,15,18,3,יְהוָ֛ה,Яхве,Господь
ВЗ,genesis,Бытие,15,18,7,לֵאמֹ֑ר,"к, говоря",говоря
ВЗ,genesis,Бытие,16,1,5,ל֑וֹ,"к, его",к нему
ВЗ,genesis,Бытие,16,2,7,יְהוָה֙,Яхве,Господь
ВЗ,genesis,Бытие,16,5,16,יְהוָ֖ה,Яхве,Господь
ВЗ,genesis,Бытие,16,7,2,יְהוָ֛ה,Яхве,Господь
ВЗ,genesis,Бытие,16,9,3,יְהוָ֔ה,Яхве,Господь
ВЗ,genesis,Бытие,16,10,3,יְהוָ֔ה,Яхве,Господь
ВЗ,genesis,Бытие,16,11,3,יְהוָ֔ה,Яхве,Господь
ВЗ,genesis,Бытие,16,11,13,יְהוָ֖ה,Яхве,Господь
ВЗ,genesis,Бытие,16,13,2,יְהוָה֙,Яхве,Господь
ВЗ,genesis,Бытие,17,1,8,יְהוָ֜ה,Яхве,Господь
ВЗ,genesis,Бытие,17,1,12,אֵלָיו֙,"к, его",к нему
ВЗ,genesis,Бытие,17,3,7,לֵאמֹֽר\׃,"к, говоря",говоря
ВЗ,genesis,Бытие,18,1,1,אֵלָיו֙,"к, его",к нему
ВЗ,genesis,Бытие,18,1,2,יְהוָ֔ה,Яхве,Господь
ВЗ,genesis,Бытие,18,9,1,אֵׄלָׄ֔יׄוׄ,"к, его",к нему
ВЗ,genesis,Бытие,18,12,3,לֵאמֹ֑ר,"к, говоря",говоря
ВЗ,genesis,Бытие,18,13,1,יְהוָ֖ה,Яхве,Господь
ВЗ,genesis,Бытие,18,13,8,לֵאמֹ֗ר,"к, говоря",говоря
ВЗ,genesis,Бытие,18,14,1,מֵיְהוָ֖ה,"для, Яхве","для, Господь"
ВЗ,genesis,Бытие,18,15,2,לֵאמֹ֛ר,"к, говоря",говоря
ВЗ,genesis,Бытие,18,17,0,וַֽיהֹוָ֖ה,"и, Яхве","и, Господь"
ВЗ,genesis,Бытие,18,19,12,יְהוָ֔ה,Яхве,Господь
ВЗ,genesis,Бытие,18,19,18,יְהוָה֙,Яхве,Господь
ВЗ,genesis,Бытие,18,20,1,יְהוָ֔ה,Яхве,Господь
ВЗ,genesis,Бытие,18,22,9,יְהוָֽה\׃,Яхве,Господь
ВЗ,genesis,Бытие,18,26,1,יְהוָ֔ה,Яхве,Господь
ВЗ,genesis,Бытие,18,29,3,אֵלָיו֙,"к, его",к нему
ВЗ,genesis,Бытие,18,33,1,יְהוָ֔ה,Яхве,Господь
ВЗ,genesis,Бытие,19,3,4,אֵלָ֔יו,"к, его",к нему
ВЗ,genesis,Бытие,19,5,4,ל֔וֹ,"к, его",к нему
ВЗ,genesis,Бытие,19,13,11,יְהוָ֔ה,Яхве,Господь
ВЗ,genesis,Бытие,19,13,13,יְהוָ֖ה,Яхве,Господь
ВЗ,genesis,Бытие,19,14,15,יְהוָ֖ה,Яхве,Господь
ВЗ,genesis,Бытие,19,15,2,עָלָ֔ה,оно пришёл вверх,было вверх
ВЗ,genesis,Бытие,19,15,6,לֵאמֹ֑ר,"к, говоря",говоря
ВЗ,genesis,Бытие,19,16,10,יְהוָ֖ה,Яхве,Господь
ВЗ,genesis,Бытие,19,16,11,עָלָ֑יו,"к, его",к нему
ВЗ,genesis,Бытие,19,17,0,וַיְהִי֩,"и, оно был",и было
ВЗ,genesis,Бытие,19,21,1,אֵלָ֔יו,"к, его",к нему
ВЗ,genesis,Бытие,19,23,1,יָצָ֣א,оно пришёл вне,было вне
ВЗ,genesis,Бытие,19,24,0,וַֽיהוָ֗ה,"и, Яхве","и, Господь"
ВЗ,genesis,Бытие,19,24,9,יְהוָ֖ה,Яхве,Господь
ВЗ,genesis,Бытие,19,27,10,יְהוָֽה\׃,Яхве,Господь
ВЗ,genesis,Бытие,19,29,0,וַיְהִ֗י,"и, оно был",и было
ВЗ,genesis,Бытие,19,34,0,וַֽיְהִי֙,"и, оно был",и было
ВЗ,genesis,Бытие,20,3,7,ל֗וֹ,"к, его",к нему
ВЗ,genesis,Бытие,20,6,1,אֵלָ֨יו,"к, его",к нему
ВЗ,genesis,Бытие,20,9,4,ל֜וֹ,"к, его",к нему
ВЗ,genesis,Бытие,20,13,0,וַיְהִ֞י,"и, оно был",и было
ВЗ,genesis,Бытие,20,14,9,ל֔וֹ,"к, его",к нему
ВЗ,genesis,Бытие,20,18,3,יְהוָ֔ה,Яхве,Господь
ВЗ,genesis,Бытие,21,1,0,וַֽיהוָ֛ה,"и, Яхве","и, Господь"
ВЗ,genesis,Бытие,21,1,7,יְהוָ֛ה,Яхве,Господь
ВЗ,genesis,Бытие,21,3,6,ל֛וֹ,"к, его",к нему
ВЗ,genesis,Бытие,21,3,9,לּ֥וֹ,"к, его",к нему
ВЗ,genesis,Бытие,21,5,5,ל֔וֹ,"к, его",к нему
ВЗ,genesis,Бытие,21,11,0,וַיֵּ֧רַע,"и, оно был дисплеасинг",и было дисплеасинг
ВЗ,genesis,Бытие,21,22,0,וַֽיְהִי֙,"и, оно был",и было
ВЗ,genesis,Бытие,21,22,10,לֵאמֹ֑ר,"к, говоря",говоря
ВЗ,genesis,Бытие,21,33,7,יְהוָ֖ה,Яхве,Господь
ВЗ,genesis,Бытие,22,1,0,וַיְהִ֗י,"и, оно был",и было
ВЗ,genesis,Бытие,22,1,9,אֵלָ֔יו,"к, его",к нему
ВЗ,genesis,Бытие,22,3,23,ל֥וֹ,"к, его",к нему
ВЗ,genesis,Бытие,22,9,5,ל֣וֹ,"к, его",к нему
ВЗ,genesis,Бытие,22,11,1,אֵלָ֜יו,"к, его",к нему
ВЗ,genesis,Бытие,22,11,3,יְהוָה֙,Яхве,Господь
ВЗ,genesis,Бытие,22,12,8,ל֖וֹ,"к, его",к нему
ВЗ,genesis,Бытие,22,14,5,יְהוָ֣ה\׀,Яхве,Господь
ВЗ,genesis,Бытие,22,14,11,יְהוָ֖ה,Яхве,Господь
ВЗ,genesis,Бытие,22,15,2,יְהוָ֖ה,Яхве,Господь
ВЗ,genesis,Бытие,22,16,4,יְהוָ֑ה,Яхве,Господь
ВЗ,genesis,Бытие,22,20,0,וַיְהִ֗י,"и, оно был",и было
ВЗ,genesis,Бытие,22,20,4,וַיֻּגַּ֥ד,"и, оно был сказал",и было сказал
ВЗ,genesis,Бытие,22,20,6,לֵאמֹ֑ר,"к, говоря",говоря
ВЗ,genesis,Бытие,23,3,9,לֵאמֹֽר\׃,"к, говоря",говоря
ВЗ,genesis,Бытие,23,5,5,לֵאמֹ֥ר,"к, говоря",говоря
ВЗ,genesis,Бытие,23,5,6,לֽוֹ\׃,"к, его",к нему
ВЗ,genesis,Бытие,23,8,2,לֵאמֹ֑ר,"к, говоря",говоря
ВЗ,genesis,Бытие,23,9,6,ל֔וֹ,"принадлежит к, его",принадлежит к нему
ВЗ,genesis,Бытие,23,10,17,לֵאמֹֽר\׃,"к, говоря",говоря
ВЗ,genesis,Бытие,23,13,6,לֵאמֹ֔ר,"к, говоря",говоря
ВЗ,genesis,Бытие,23,14,4,לֵאמֹ֥ר,"к, говоря",говоря
ВЗ,genesis,Бытие,23,14,5,לֽוֹ\׃,"к, его",к нему
ВЗ,genesis,Бытие,23,17,0,וַיָּ֣קָם\׀,"и, оно был подтвердил",и было подтвердил
ВЗ,genesis,Бытие,23,20,0,וַיָּ֨קָם,"и, оно был подтвердил",и было подтвердил
ВЗ,genesis,Бытие,24,1,4,וַֽיהוָ֛ה,"и, Яхве","и, Господь"
ВЗ,genesis,Бытие,24,2,9,ל֑וֹ,"принадлежал к, его",принадлежал к нему
ВЗ,genesis,Бытие,24,3,1,בַּֽיהוָה֙,"через, Яхве","через, Господь"
ВЗ,genesis,Бытие,24,5,1,אֵלָיו֙,"к, его",к нему
ВЗ,genesis,Бытие,24,6,1,אֵלָ֖יו,"к, его",к нему
ВЗ,genesis,Бытие,24,7,0,יְהוָ֣ה\׀,Яхве,Господь
ВЗ,genesis,Бытие,24,7,15,לֵאמֹ֔ר,"к, говоря",говоря
ВЗ,genesis,Бытие,24,9,9,ל֔וֹ,"к, его",к нему
ВЗ,genesis,Бытие,24,12,1,יְהוָ֗ה,О Яхве,О Господь
ВЗ,genesis,Бытие,24,15,0,וַֽיְהִי\־,"и, оно был",и было
ВЗ,genesis,Бытие,24,21,6,יְהוָ֛ה,Яхве,Господь
ВЗ,genesis,Бытие,24,22,0,וַיְהִ֗י,"и, оно был",и было
ВЗ,genesis,Бытие,24,24,1,אֵלָ֔יו,"к, его",к нему
ВЗ,genesis,Бытие,24,25,1,אֵלָ֔יו,"к, его",к нему
ВЗ,genesis,Бытие,24,26,3,לַֽיהוָֽה\׃,"к, Яхве","к, Господь"
ВЗ,genesis,Бытие,24,27,2,יְהוָה֙,Яхве,Господь
ВЗ,genesis,Бытие,24,27,16,יְהוָ֔ה,Яхве,Господь
ВЗ,genesis,Бытие,24,30,0,וַיְהִ֣י\׀,"и, оно был",и было
ВЗ,genesis,Бытие,24,30,14,לֵאמֹ֔ר,"к, говоря",говоря
ВЗ,genesis,Бытие,24,31,3,יְהוָ֑ה,Яхве,Господь
ВЗ,genesis,Бытие,24,33,0,וַיּוּשַׂ֤ם,"и, оно был положить",и было положить
ВЗ,genesis,Бытие,24,35,0,וַיהוָ֞ה,"и, Яхве","и, Господь"
ВЗ,genesis,Бытие,24,35,7,ל֞וֹ,"к, его",к нему
ВЗ,genesis,Бытие,24,36,9,לּ֖וֹ,"к, его",к нему
ВЗ,genesis,Бытие,24,36,13,לֽוֹ\׃,"принадлежит к, его",принадлежит к нему
ВЗ,genesis,Бытие,24,37,2,לֵאמֹ֑ר,"к, говоря",говоря
ВЗ,genesis,Бытие,24,40,2,יְהוָ֞ה,Яхве,Господь
ВЗ,genesis,Бытие,24,42,5,יְהוָה֙,О Яхве,О Господь
ВЗ,genesis,Бытие,24,44,12,יְהוָ֖ה,Яхве,Господь
ВЗ,genesis,Бытие,24,47,13,לּ֖וֹ,"к, его",к нему
ВЗ,genesis,Бытие,24,48,2,לַיהוָ֑ה,"к, Яхве","к, Господь"
ВЗ,genesis,Бытие,24,48,5,יְהוָה֙,Яхве,Господь
ВЗ,genesis,Бытие,24,50,4,מֵיְהוָ֖ה,"от, Яхве","от, Господь"
ВЗ,genesis,Бытие,24,51,11,יְהוָֽה\׃,Яхве,Господь
ВЗ,genesis,Бытие,24,52,0,וַיְהִ֕י,"и, оно был",и было
ВЗ,genesis,Бытие,24,52,9,לַֽיהוָֽה\׃,"к, Яхве","к, Господь"
ВЗ,genesis,Бытие,24,56,5,וַֽיהוָ֖ה,"и, Яхве","и, Господь"
ВЗ,genesis,Бытие,25,2,1,ל֗וֹ,"к, его",к нему
ВЗ,genesis,Бытие,25,5,5,ל֖וֹ,"принадлежал к, его",принадлежал к нему
ВЗ,genesis,Бытие,25,11,0,וַיְהִ֗י,"и, оно был",и было
ВЗ,genesis,Бытие,25,21,2,לַֽיהוָה֙,"к, Яхве","к, Господь"
ВЗ,genesis,Бытие,25,21,10,יְהוָ֔ה,Яхве,Господь
ВЗ,genesis,Бытие,25,22,12,יְהוָֽה\׃,Яхве,Господь
ВЗ,genesis,Бытие,25,23,1,יְהוָ֜ה,Яхве,Господь
ВЗ,genesis,Бытие,25,33,6,ל֑וֹ,"к, его",к нему
ВЗ,genesis,Бытие,26,1,0,וַיְהִ֤י,"и, оно был",и было
ВЗ,genesis,Бытие,26,2,1,אֵלָיו֙,"к, его",к нему
ВЗ,genesis,Бытие,26,2,2,יְהוָ֔ה,Яхве,Господь
ВЗ,genesis,Бытие,26,5,6,מִשְׁמַרְתִּ֔י,"дутй, мой","долг, мой"
ВЗ,genesis,Бытие,26,8,0,וַיְהִ֗י,"и, оно был",и было
ВЗ,genesis,Бытие,26,8,3,ל֥וֹ,"к, его",к нему
ВЗ,genesis,Бытие,26,9,13,אֵלָיו֙,"к, его",к нему
ВЗ,genesis,Бытие,26,11,5,לֵאמֹ֑ר,"к, говоря",говоря
ВЗ,genesis,Бытие,26,12,10,יְהוָֽה\׃,Яхве,Господь
ВЗ,genesis,Бытие,26,14,1,ל֤וֹ,"к, его",к нему
ВЗ,genesis,Бытие,26,20,6,לֵאמֹ֖ר,"к, говоря",говоря
ВЗ,genesis,Бытие,26,22,15,יְהוָ֛ה,Яхве,Господь
ВЗ,genesis,Бытие,26,24,1,אֵלָ֤יו,"к, его",к нему
ВЗ,genesis,Бытие,26,24,2,יְהוָה֙,Яхве,Господь
ВЗ,genesis,Бытие,26,25,5,יְהוָ֔ה,Яхве,Господь
ВЗ,genesis,Бытие,26,26,2,אֵלָ֖יו,"к, его",к нему
ВЗ,genesis,Бытие,26,28,5,יְהוָ֣ה\׀,Яхве,Господь
ВЗ,genesis,Бытие,26,29,17,יְהוָֽה\׃,Яхве,Господь
ВЗ,genesis,Бытие,26,32,0,וַיְהִ֣י\׀,"и, оно был",и было
ВЗ,genesis,Бытие,26,32,7,ל֔וֹ,"к, его",к нему
ВЗ,genesis,Бытие,26,32,14,ל֖וֹ,"к, его",к нему
ВЗ,genesis,Бытие,27,1,0,וַיְהִי֙,"и, оно был",и было
ВЗ,genesis,Бытие,27,1,13,אֵלָיו֙,"к, его",к нему
ВЗ,genesis,Бытие,27,1,16,אֵלָ֖יו,"к, его",к нему
ВЗ,genesis,Бытие,27,6,5,לֵאמֹ֑ר,"к, говоря",говоря
ВЗ,genesis,Бытие,27,6,14,לֵאמֹֽר\׃,"к, говоря",говоря
ВЗ,genesis,Бытие,27,7,9,יְהוָ֖ה,Яхве,Господь
ВЗ,genesis,Бытие,27,13,1,לוֹ֙,"к, его",к нему
ВЗ,genesis,Бытие,27,20,12,יְהוָ֥ה,Яхве,Господь
ВЗ,genesis,Бытие,27,25,10,לוֹ֙,"к, его",к нему
ВЗ,genesis,Бытие,27,25,13,ל֦וֹ,"к, его",к нему
ВЗ,genesis,Бытие,27,26,1,אֵלָ֖יו,"к, его",к нему
ВЗ,genesis,Бытие,27,27,2,ל֔וֹ,"к, его",к нему
ВЗ,genesis,Бытие,27,27,16,יְהוָֽה\׃,Яхве,Господь
ВЗ,genesis,Бытие,27,30,0,וַיְהִ֗י,"и, оно был",и было
ВЗ,genesis,Бытие,27,30,7,וַיְהִ֗י,"и, оно был",и было
ВЗ,genesis,Бытие,27,32,1,ל֛וֹ,"к, его",к нему
ВЗ,genesis,Бытие,27,37,12,לוֹ֙,"к, его",к нему
ВЗ,genesis,Бытие,27,39,4,אֵלָ֑יו,"к, его",к нему
ВЗ,genesis,Бытие,27,42,0,וַיֻּגַּ֣ד,"и, оно был сказал",и было сказал
ВЗ,genesis,Бытие,27,42,13,אֵלָ֔יו,"к, его",к нему
ВЗ,genesis,Бытие,27,45,9,לּ֔וֹ,"к, его",к нему
ВЗ,genesis,Бытие,28,1,8,ל֔וֹ,"к, его",к нему
ВЗ,genesis,Бытие,28,6,18,עָלָיו֙,"к, его",к нему
ВЗ,genesis,Бытие,28,6,19,לֵאמֹ֔ר,"к, говоря",говоря
ВЗ,genesis,Бытие,28,13,1,יְהוָ֜ה,Яхве,Господь
ВЗ,genesis,Бытие,28,13,6,יְהוָ֗ה,есмь Яхве,есмь Господь
ВЗ,genesis,Бытие,28,16,6,יְהוָ֔ה,есть Яхве,есть Господь
ВЗ,genesis,Бытие,28,20,3,לֵאמֹ֑ר,"к, говоря",говоря
ВЗ,genesis,Бытие,28,21,6,יְהוָ֛ה,Яхве,Господь
ВЗ,genesis,Бытие,29,6,3,ל֑וֹ,"принадлежать к, его",принадлежать к нему
ВЗ,genesis,Бытие,29,10,0,וַיְהִ֡י,"и, оно был",и было
ВЗ,genesis,Бытие,29,13,0,וַיְהִי֩,"и, оно был",и было
ВЗ,genesis,Бытие,29,13,11,לוֹ֙,"к, его",к нему
ВЗ,genesis,Бытие,29,13,13,ל֔וֹ,"к, его",к нему
ВЗ,genesis,Бытие,29,14,1,לוֹ֙,"к, его",к нему
ВЗ,genesis,Бытие,29,23,0,וַיְהִ֣י,"и, оно был",и было
ВЗ,genesis,Бытие,29,23,8,אֵלָ֑יו,"к, его",к нему
ВЗ,genesis,Бытие,29,25,0,וַיְהִ֣י,"и, оно был",и было
ВЗ,genesis,Бытие,29,28,7,ל֛וֹ,"к, его",к нему
ВЗ,genesis,Бытие,29,31,1,יְהוָה֙,Яхве,Господь
ВЗ,genesis,Бытие,29,32,11,יְהוָה֙,Яхве,Господь
ВЗ,genesis,Бытие,29,33,7,יְהוָה֙,Яхве,Господь
ВЗ,genesis,Бытие,29,34,12,ל֖וֹ,"к, его",к нему
ВЗ,genesis,Бытие,29,35,8,יְהוָ֔ה,Яхве,Господь
ВЗ,genesis,Бытие,30,4,1,ל֛וֹ,"к, его",к нему
ВЗ,genesis,Бытие,30,20,12,ל֖וֹ,"к, его",к нему
ВЗ,genesis,Бытие,30,24,4,לֵאמֹ֑ר,"к, говоря",говоря
ВЗ,genesis,Бытие,30,24,6,יְהוָ֛ה,Яхве,Господь
ВЗ,genesis,Бытие,30,25,0,וַיְהִ֕י,"и, оно был",и было
ВЗ,genesis,Бытие,30,27,1,אֵלָיו֙,"к, его",к нему
ВЗ,genesis,Бытие,30,27,10,יְהוָ֖ה,Яхве,Господь
ВЗ,genesis,Бытие,30,29,1,אֵלָ֔יו,"к, его",к нему
ВЗ,genesis,Бытие,30,30,9,יְהוָ֛ה,Яхве,Господь
ВЗ,genesis,Бытие,30,41,0,וְהָיָ֗ה,"и, оно был",и было
ВЗ,genesis,Бытие,30,42,4,וְהָיָ֤ה,"и, оно был",и было
ВЗ,genesis,Бытие,30,43,5,לוֹ֙,"к, его",к нему
ВЗ,genesis,Бытие,31,1,5,לֵאמֹ֔ר,"к, говоря",говоря
ВЗ,genesis,Бытие,31,3,1,יְהוָה֙,Яхве,Господь
ВЗ,genesis,Бытие,31,10,0,וַיְהִ֗י,"и, оно был",и было
ВЗ,genesis,Бытие,31,14,4,ל֑וֹ,"к, его",к нему
ВЗ,genesis,Бытие,31,20,9,ל֔וֹ,"к, его",к нему
ВЗ,genesis,Бытие,31,21,4,ל֔וֹ,"принадлежал к, его",принадлежал к нему
ВЗ,genesis,Бытие,31,22,0,וַיֻּגַּ֥ד,"и, оно был сказал",и было сказал
ВЗ,genesis,Бытие,31,24,8,ל֗וֹ,"к, его",к нему
ВЗ,genesis,Бытие,31,29,11,לֵאמֹ֗ר,"к, говоря",говоря
ВЗ,genesis,Бытие,31,33,12,מֵאֹ֣הֶל,"от, шатёр",из шатра
ВЗ,genesis,Бытие,31,49,4,יְהוָ֖ה,Яхве,Господь
ВЗ,genesis,Бытие,33,13,1,אֵלָ֗יו,"к, его",к нему
ВЗ,genesis,Бытие,34,4,5,לֵאמֹ֑ר,"к, говоря",говоря
ВЗ,genesis,Бытие,34,8,3,לֵאמֹ֑ר,"к, говоря",говоря
ВЗ,genesis,Бытие,34,8,12,ל֖וֹ,"к, его",к нему
ВЗ,genesis,Бытие,34,14,12,ל֣וֹ,"принадлежит к, его",принадлежит к нему
ВЗ,genesis,Бытие,34,20,11,לֵאמֹֽר\׃,"к, говоря",говоря
ВЗ,genesis,Бытие,34,25,0,וַיְהִי֩,"и, оно был",и было
ВЗ,genesis,Бытие,35,5,1,וַיְהִ֣י\׀,"и, оно был",и было
ВЗ,genesis,Бытие,35,7,11,אֵלָיו֙,"к, его",к нему
ВЗ,genesis,Бытие,35,10,1,ל֥וֹ,"к, его",к нему
ВЗ,genesis,Бытие,35,11,1,ל֨וֹ,"к, его",к нему
ВЗ,genesis,Бытие,35,16,3,וַֽיְהִי\־,"и, оно был",и было
ВЗ,genesis,Бытие,35,17,0,וַיְהִ֥י,"и, оно был",и было
ВЗ,genesis,Бытие,35,18,0,וַיְהִ֞י,"и, оно был",и было
ВЗ,genesis,Бытие,35,18,11,ל֥וֹ,"к, его",к нему
ВЗ,genesis,Бытие,35,22,0,וַיְהִ֗י,"и, оно был",и было
ВЗ,genesis,Бытие,35,26,11,ל֖וֹ,"к, его",к нему
ВЗ,genesis,Бытие,36,5,13,ל֖וֹ,"к, его",к нему
ВЗ,genesis,Бытие,37,4,12,דַּבְּר֥וֹ,"к говорить к, его",к говорить к нему
ВЗ,genesis,Бытие,37,8,1,לוֹ֙,"к, его",к нему
ВЗ,genesis,Бытие,37,10,9,ל֔וֹ,"к, его",к нему
ВЗ,genesis,Бытие,37,13,12,ל֖וֹ,"к, его",к нему
ВЗ,genesis,Бытие,37,14,1,ל֗וֹ,"к, его",к нему
ВЗ,genesis,Бытие,37,15,7,לֵאמֹ֖ר,"к, говоря",говоря
ВЗ,genesis,Бытие,37,23,0,וַֽיְהִ֕י,"и, оно был",и было
ВЗ,genesis,Бытие,38,1,0,וַֽיְהִי֙,"и, оно был",и было
ВЗ,genesis,Бытие,38,7,6,יְהוָ֑ה,Яхве,Господь
ВЗ,genesis,Бытие,38,7,8,יְהוָֽה\׃,Яхве,Господь
ВЗ,genesis,Бытие,38,9,4,ל֖וֹ,"к, его",к нему
ВЗ,genesis,Бытие,38,9,7,וְהָיָ֞ה,"и, оно был",и было
ВЗ,genesis,Бытие,38,10,0,וַיֵּ֛רַע,"и, оно был зло",и было зло
ВЗ,genesis,Бытие,38,10,2,יְהוָ֖ה,Яхве,Господь
ВЗ,genesis,Бытие,38,13,0,וַיֻּגַּ֥ד,"и, оно был сказал",и было сказал
ВЗ,genesis,Бытие,38,13,2,לֵאמֹ֑ר,"к, говоря",говоря
ВЗ,genesis,Бытие,38,14,22,ל֖וֹ,"к, его",к нему
ВЗ,genesis,Бытие,38,18,17,לֽוֹ\׃,"к, его",к нему
ВЗ,genesis,Бытие,38,21,4,לֵאמֹ֔ר,"к, говоря",говоря
ВЗ,genesis,Бытие,38,24,0,וַיְהִ֣י\׀,"и, оно был",и было
ВЗ,genesis,Бытие,38,24,3,וַיֻּגַּ֨ד,"и, оно был сказал",и было сказал
ВЗ,genesis,Бытие,38,24,5,לֵֽאמֹר֙,"к, говоря",говоря
ВЗ,genesis,Бытие,38,25,6,לֵאמֹ֔ר,"к, говоря",говоря
ВЗ,genesis,Бытие,38,25,10,לּ֔וֹ,"принадлежать к, его",принадлежать к нему
ВЗ,genesis,Бытие,38,27,0,וַיְהִ֖י,"и, оно был",и было
ВЗ,genesis,Бытие,38,28,0,וַיְהִ֥י,"и, оно был",и было
ВЗ,genesis,Бытие,38,28,10,לֵאמֹ֔ר,"к, говоря",говоря
ВЗ,genesis,Бытие,38,29,0,וַיְהִ֣י\׀,"и, оно был",и было
ВЗ,genesis,Бытие,39,2,1,יְהוָה֙,Яхве,Господь
ВЗ,genesis,Бытие,39,3,3,יְהוָ֖ה,Яхве,Господь
ВЗ,genesis,Бытие,39,3,9,יְהוָ֖ה,Яхве,Господь
ВЗ,genesis,Бытие,39,4,11,ל֖וֹ,"принадлежал к, его",принадлежал к нему
ВЗ,genesis,Бытие,39,5,0,וַיְהִ֡י,"и, оно был",и было
ВЗ,genesis,Бытие,39,5,9,ל֔וֹ,"принадлежал к, его",принадлежал к нему
ВЗ,genesis,Бытие,39,5,11,יְהוָ֛ה,Яхве,Господь
ВЗ,genesis,Бытие,39,5,17,וַיְהִ֞י,"и, оно был",и было
ВЗ,genesis,Бытие,39,5,19,יְהוָה֙,Яхве,Господь
ВЗ,genesis,Бытие,39,5,23,ל֔וֹ,"принадлежал к, его",принадлежал к нему
ВЗ,genesis,Бытие,39,6,3,לוֹ֮,"принадлежал к, его",принадлежал к нему
ВЗ,genesis,Бытие,39,7,0,וַיְהִ֗י,"и, оно был",и было
ВЗ,genesis,Бытие,39,8,15,ל֖וֹ,"принадлежит к, его",принадлежит к нему
ВЗ,genesis,Бытие,39,10,0,וַיְהִ֕י,"и, оно был",и было
ВЗ,genesis,Бытие,39,11,0,וַיְהִי֙,"и, оно был",и было
ВЗ,genesis,Бытие,39,12,2,לֵאמֹ֖ר,"к, говоря",говоря
ВЗ,genesis,Бытие,39,13,0,וַיְהִי֙,"и, оно был",и было
ВЗ,genesis,Бытие,39,14,5,לֵאמֹ֔ר,"к, говоря",говоря
ВЗ,genesis,Бытие,39,15,0,וַיְהִ֣י,"и, оно был",и было
ВЗ,genesis,Бытие,39,17,1,אֵלָ֔יו,"к, его",к нему
ВЗ,genesis,Бытие,39,17,4,לֵאמֹ֑ר,"к, говоря",говоря
ВЗ,genesis,Бытие,39,18,0,וַיְהִ֕י,"и, оно был",и было
ВЗ,genesis,Бытие,39,19,0,וַיְהִי֩,"и, оно был",и было
ВЗ,genesis,Бытие,39,19,8,אֵלָיו֙,"к, его",к нему
ВЗ,genesis,Бытие,39,19,9,לֵאמֹ֔ר,"к, говоря",говоря
ВЗ,genesis,Бытие,39,21,1,יְהוָה֙,Яхве,Господь
ВЗ,genesis,Бытие,39,21,5,אֵלָ֖יו,"к, его",к нему
ВЗ,genesis,Бытие,39,23,10,יְהוָ֖ה,Яхве,Господь
ВЗ,genesis,Бытие,39,23,15,יְהוָ֥ה,Яхве,Господь
ВЗ,genesis,Бытие,40,1,0,וַיְהִ֗י,"и, оно был",и было
ВЗ,genesis,Бытие,40,7,9,לֵאמֹ֑ר,"к, говоря",говоря
ВЗ,genesis,Бытие,40,8,1,אֵלָ֔יו,"к, его",к нему
ВЗ,genesis,Бытие,40,9,7,ל֔וֹ,"к, его",к нему
ВЗ,genesis,Бытие,40,12,1,לוֹ֙,"к, его",к нему
ВЗ,genesis,Бытие,40,20,0,וַיְהִ֣י\׀,"и, оно был",и было
ВЗ,genesis,Бытие,41,1,0,וַיְהִ֕י,"и, оно был",и было
ВЗ,genesis,Бытие,41,8,0,וַיְהִ֤י,"и, оно был",и было
ВЗ,genesis,Бытие,41,8,2,וַתִּפָּ֣עֶם,"и, оно был трублед",и было трублед
ВЗ,genesis,Бытие,41,9,5,לֵאמֹ֑ר,"к, говоря",говоря
ВЗ,genesis,Бытие,41,12,8,ל֔וֹ,"к, его",к нему
ВЗ,genesis,Бытие,41,13,0,וַיְהִ֛י,"и, оно был",и было
ВЗ,genesis,Бытие,41,15,12,לֵאמֹ֔ר,"к, говоря",говоря
ВЗ,genesis,Бытие,41,16,4,לֵאמֹ֖ר,"к, говоря",говоря
ВЗ,genesis,Бытие,41,37,0,וַיִּיטַ֥ב,"и, оно был хороший",и было хороший
ВЗ,genesis,Бытие,41,43,5,ל֔וֹ,"принадлежал к, его",принадлежал к нему
ВЗ,genesis,Бытие,41,45,7,ל֣וֹ,"к, его",к нему
ВЗ,genesis,Бытие,41,50,5,תָּב֖וֹא,оно пришёл,было
ВЗ,genesis,Бытие,41,50,10,לּוֹ֙,"к, его",к нему
ВЗ,genesis,Бытие,41,54,8,וַיְהִ֤י,"и, оно был",и было
ВЗ,genesis,Бытие,41,55,0,וַתִּרְעַב֙,"и, оно был голодный",и было голодный
ВЗ,genesis,Бытие,41,56,14,וַיֶּחֱזַ֥ק,"и, оно был севере",и было севере
ВЗ,genesis,Бытие,42,4,12,יִקְרָאֶ֖נּוּ,"оно должен случиться к, его",оно должен случиться к нему
ВЗ,genesis,Бытие,42,6,14,ל֥וֹ,"к, его",к нему
ВЗ,genesis,Бытие,42,10,1,אֵלָ֖יו,"к, его",к нему
ВЗ,genesis,Бытие,42,14,7,לֵאמֹ֖ר,"к, говоря",говоря
ВЗ,genesis,Бытие,42,22,3,לֵאמֹ֗ר,"к, говоря",говоря
ВЗ,genesis,Бытие,42,22,7,לֵאמֹ֛ר,"к, говоря",говоря
ВЗ,genesis,Бытие,42,25,10,שַׂקּ֔וֹ,"сакк, его",сакк нему
ВЗ,genesis,Бытие,42,27,3,שַׂקּ֗וֹ,"сакк, его",сакк нему
ВЗ,genesis,Бытие,42,27,14,אַמְתַּחְתּֽוֹ\׃,"сакк, его",сакк нему
ВЗ,genesis,Бытие,42,28,14,לֵאמֹ֔ר,"к, говоря",говоря
ВЗ,genesis,Бытие,42,29,7,ל֔וֹ,"к, его",к нему
ВЗ,genesis,Бытие,42,29,12,לֵאמֹֽר\׃,"к, говоря",говоря
ВЗ,genesis,Бытие,42,31,1,אֵלָ֖יו,"к, его",к нему
ВЗ,genesis,Бытие,42,35,0,וַיְהִ֗י,"и, оно был",и было
ВЗ,genesis,Бытие,42,35,8,בְּשַׂקּ֑וֹ,"был в, сакк, его","был в, сакк нему"
ВЗ,genesis,Бытие,42,37,4,לֵאמֹ֔ר,"к, говоря",говоря
ВЗ,genesis,Бытие,42,38,11,וּקְרָאָ֤הוּ,"и, оно будет случиться к, его","и, оно будет случиться к нему"
ВЗ,genesis,Бытие,43,2,0,וַיְהִ֗י,"и, оно был",и было
ВЗ,genesis,Бытие,43,3,1,אֵלָ֛יו,"к, его",к нему
ВЗ,genesis,Бытие,43,3,3,לֵאמֹ֑ר,"к, говоря",говоря
ВЗ,genesis,Бытие,43,3,8,לֵאמֹר֙,"к, говоря",говоря
ВЗ,genesis,Бытие,43,7,6,לֵאמֹ֗ר,"к, говоря",говоря
ВЗ,genesis,Бытие,43,7,14,ל֔וֹ,"к, его",к нему
ВЗ,genesis,Бытие,43,19,8,אֵלָ֖יו,"к, его",к нему
ВЗ,genesis,Бытие,43,21,0,וַֽיְהִ֞י,"и, оно был",и было
ВЗ,genesis,Бытие,43,21,12,אַמְתַּחְתּ֔וֹ,"сакк, его",сакк нему
ВЗ,genesis,Бытие,43,23,13,בָּ֣א,оно пришёл,было
ВЗ,genesis,Бытие,43,26,4,ל֛וֹ,"к, его",к нему
ВЗ,genesis,Бытие,43,26,11,ל֖וֹ,"к, его",к нему
ВЗ,genesis,Бытие,43,34,5,וַתֵּ֜רֶב,"и, оно был великий",и было великий
ВЗ,genesis,Бытие,44,1,5,לֵאמֹר֒,"к, говоря",говоря
ВЗ,genesis,Бытие,44,1,18,אַמְתַּחְתּֽוֹ\׃,"сакк, его",сакк нему
ВЗ,genesis,Бытие,44,7,1,אֵלָ֔יו,"к, его",к нему
ВЗ,genesis,Бытие,44,11,4,אַמְתַּחְתּ֖וֹ,"сакк, его",сакк нему
ВЗ,genesis,Бытие,44,11,8,אַמְתַּחְתּֽוֹ\׃,"сакк, его",сакк нему
ВЗ,genesis,Бытие,44,12,5,וַיִּמָּצֵא֙,"и, оно был нашёл",и было нашёл
ВЗ,genesis,Бытие,44,18,1,אֵלָ֜יו,"к, его",к нему
ВЗ,genesis,Бытие,44,19,4,לֵאמֹ֑ר,"к, говоря",говоря
ВЗ,genesis,Бытие,44,24,0,וַיְהִי֙,"и, оно был",и было
ВЗ,genesis,Бытие,44,24,7,ל֔וֹ,"к, его",к нему
ВЗ,genesis,Бытие,44,29,6,וְקָרָ֣הוּ,"и, оно будет случиться к, его","и, оно будет случиться к нему"
ВЗ,genesis,Бытие,44,32,7,לֵאמֹ֑ר,"к, говоря",говоря
ВЗ,genesis,Бытие,45,9,5,אֵלָ֗יו,"к, его",к нему
ВЗ,genesis,Бытие,45,16,4,לֵאמֹ֔ר,"к, говоря",говоря
ВЗ,genesis,Бытие,45,16,8,וַיִּיטַב֙,"и, оно был хороший",и было хороший
ВЗ,genesis,Бытие,45,26,1,ל֜וֹ,"к, его",к нему
ВЗ,genesis,Бытие,45,26,2,לֵאמֹ֗ר,"к, говоря",говоря
ВЗ,genesis,Бытие,45,27,1,אֵלָ֗יו,"к, его",к нему
ВЗ,genesis,Бытие,46,1,4,ל֔וֹ,"принадлежал к, его",принадлежал к нему
ВЗ,genesis,Бытие,46,20,0,וַיִּוָּלֵ֣ד,"и, оно был рождённый",и было рождённый
ВЗ,genesis,Бытие,46,20,6,לּוֹ֙,"к, его",к нему
ВЗ,genesis,Бытие,46,27,4,ל֥וֹ,"к, его",к нему
ВЗ,genesis,Бытие,46,29,9,אֵלָ֗יו,"к, его",к нему
ВЗ,genesis,Бытие,46,31,11,אֵלָ֔יו,"к, его",к нему
ВЗ,genesis,Бытие,47,5,4,לֵאמֹ֑ר,"к, говоря",говоря
ВЗ,genesis,Бытие,47,15,0,וַיִּתֹּ֣ם,"и, оно был завершил",и было завершил
ВЗ,genesis,Бытие,47,15,11,לֵאמֹר֙,"к, говоря",говоря
ВЗ,genesis,Бытие,47,18,0,וַתִּתֹּם֮,"и, оно был завершил",и было завершил
ВЗ,genesis,Бытие,47,18,4,אֵלָ֜יו,"к, его",к нему
ВЗ,genesis,Бытие,47,18,8,לוֹ֙,"к, его",к нему
ВЗ,genesis,Бытие,47,28,7,וַיְהִ֤י,"и, оно был",и было
ВЗ,genesis,Бытие,47,29,8,לוֹ֙,"к, его",к нему
ВЗ,genesis,Бытие,47,31,4,ל֑וֹ,"к, его",к нему
ВЗ,genesis,Бытие,48,1,0,וַיְהִ֗י,"и, оно был",и было
ВЗ,genesis,Бытие,48,10,9,אֵלָ֔יו,"к, его",к нему
ВЗ,genesis,Бытие,48,13,15,אֵלָֽיו\׃,"к, его",к нему
ВЗ,genesis,Бытие,48,17,10,וַיֵּ֣רַע,"и, оно был дисплеасинг",и было дисплеасинг
ВЗ,genesis,Бытие,48,20,3,לֵאמוֹר֒,"к, говоря",говоря
ВЗ,genesis,Бытие,48,20,7,לֵאמֹ֔ר,"к, говоря",говоря
ВЗ,genesis,Бытие,49,10,11,וְל֖וֹ,"и, будет принадлежать к, его","и, будет принадлежать к нему"
ВЗ,genesis,Бытие,49,18,2,יְהוָֽה\׃,О Яхве,О Господь
ВЗ,genesis,Бытие,49,19,2,יְגוּדֶ֑נּוּ,"оно будет аттакк, его",оно будет аттакк нему
ВЗ,genesis,Бытие,49,23,0,וַֽיְמָרֲרֻ֖הוּ,"и, они показал биттернесс к, его","и, они показал биттернесс к нему"
ВЗ,genesis,Бытие,49,24,2,קַשְׁתּ֔וֹ,"лук, его",лук нему
ВЗ,genesis,Бытие,50,1,8,לֽוֹ\׃,"к, его",к нему
ВЗ,genesis,Бытие,50,4,8,לֵאמֹ֑ר,"к, говоря",говоря
ВЗ,genesis,Бытие,50,4,18,לֵאמֹֽר\׃,"к, говоря",говоря
ВЗ,genesis,Бытие,50,5,2,לֵאמֹ֗ר,"к, говоря",говоря
ВЗ,genesis,Бытие,50,9,6,וַיְהִ֥י,"и, оно был",и было
ВЗ,genesis,Бытие,50,16,3,לֵאמֹ֑ר,"к, говоря",говоря
ВЗ,genesis,Бытие,50,16,8,לֵאמֹֽר\׃,"к, говоря",говоря
ВЗ,genesis,Бытие,50,17,22,אֵלָֽיו\׃,"к, его",к нему
ВЗ,genesis,Бытие,50,25,5,לֵאמֹ֑ר,"к, говоря",говоря
ВЗ,exodus,Исход,1,5,0,וַֽיְהִ֗י,"и, оно был",и было
ВЗ,exodus,Исход,1,7,8,וַתִּמָּלֵ֥א,"и, оно был наполнил",и было наполнил
ВЗ,exodus,Исход,1,21,0,וַיְהִ֕י,"и, оно был",и было
ВЗ,exodus,Исход,1,22,4,לֵאמֹ֑ר,"к, говоря",говоря
ВЗ,exodus,Исход,2,4,6,לֽוֹ\׃,"к, его",к нему
ВЗ,exodus,Исход,2,11,0,וַיְהִ֣י\׀,"и, оно был",и было
ВЗ,exodus,Исход,2,20,10,ל֖וֹ,"к, его",к нему
ВЗ,exodus,Исход,2,23,0,וַיְהִי֩,"и, оно был",и было
ВЗ,exodus,Исход,3,2,2,יְהֹוָ֥ה,Яхве,Господь
ВЗ,exodus,Исход,3,2,3,אֵלָ֛יו,"к, его",к нему
ВЗ,exodus,Исход,3,4,1,יְהוָ֖ה,Яхве,Господь
ВЗ,exodus,Исход,3,4,6,אֵלָ֨יו,"к, его",к нему
ВЗ,exodus,Исход,3,7,1,יְהוָ֔ה,Яхве,Господь
ВЗ,exodus,Исход,3,15,10,יְהוָ֞ה,Яхве,Господь
ВЗ,exodus,Исход,3,16,7,יְהוָ֞ה,Яхве,Господь
ВЗ,exodus,Исход,3,16,16,לֵאמֹ֑ר,"к, говоря",говоря
ВЗ,exodus,Исход,3,18,10,אֵלָיו֙,"к, его",к нему
ВЗ,exodus,Исход,3,18,11,יְהוָ֞ה,Яхве,Господь
ВЗ,exodus,Исход,3,18,24,לַֽיהוָ֥ה,"к, Яхве","к, Господь"
ВЗ,exodus,Исход,4,1,15,יְהוָֽה\׃,Яхве,Господь
ВЗ,exodus,Исход,4,2,1,אֵלָ֛יו,"к, его",к нему
ВЗ,exodus,Исход,4,2,2,יְהוָ֖ה,Яхве,Господь
ВЗ,exodus,Исход,4,4,1,יְהוָה֙,Яхве,Господь
ВЗ,exodus,Исход,4,5,5,יְהוָ֖ה,Яхве,Господь
ВЗ,exodus,Исход,4,6,1,יְהוָ֨ה,Яхве,Господь
ВЗ,exodus,Исход,4,6,2,ל֜וֹ,"к, его",к нему
ВЗ,exodus,Исход,4,10,3,יְהוָה֮,Яхве,Господь
ВЗ,exodus,Исход,4,11,1,יְהוָ֜ה,Яхве,Господь
ВЗ,exodus,Исход,4,11,2,אֵלָ֗יו,"к, его",к нему
ВЗ,exodus,Исход,4,11,19,יְהוָֽה\׃,Яхве,Господь
ВЗ,exodus,Исход,4,14,2,יְהוָ֜ה,Яхве,Господь
ВЗ,exodus,Исход,4,15,1,אֵלָ֔יו,"к, его",к нему
ВЗ,exodus,Исход,4,18,7,לוֹ֙,"к, его",к нему
ВЗ,exodus,Исход,4,19,1,יְהוָ֤ה,Яхве,Господь
ВЗ,exodus,Исход,4,21,1,יְהוָה֮,Яхве,Господь
ВЗ,exodus,Исход,4,22,5,יְהוָ֔ה,Яхве,Господь
ВЗ,exodus,Исход,4,24,0,וַיְהִ֥י,"и, оно был",и было
ВЗ,exodus,Исход,4,24,4,יְהוָ֔ה,Яхве,Господь
ВЗ,exodus,Исход,4,27,1,יְהוָה֙,Яхве,Господь
ВЗ,exodus,Исход,4,27,13,לֽוֹ\׃,"к, его",к нему
ВЗ,exodus,Исход,4,28,6,יְהוָ֖ה,Яхве,Господь
ВЗ,exodus,Исход,4,30,7,יְהוָ֖ה,Яхве,Господь
ВЗ,exodus,Исход,4,31,5,יְהוָ֜ה,Яхве,Господь
ВЗ,exodus,Исход,5,1,9,יְהוָה֙,Яхве,Господь
ВЗ,exodus,Исход,5,2,3,יְהוָה֙,есть Яхве,есть Господь
ВЗ,exodus,Исход,5,2,13,יְהוָ֔ה,Яхве,Господь
ВЗ,exodus,Исход,5,3,12,לַֽיהוָ֣ה,"к, Яхве","к, Господь"
ВЗ,exodus,Исход,5,6,9,לֵאמֹֽר\׃,"к, говоря",говоря
ВЗ,exodus,Исход,5,8,20,לֵאמֹ֔ר,"к, говоря",говоря
ВЗ,exodus,Исход,5,10,7,לֵאמֹ֑ר,"к, говоря",говоря
ВЗ,exodus,Исход,5,13,2,לֵאמֹ֑ר,"к, говоря",говоря
ВЗ,exodus,Исход,5,14,9,לֵאמֹ֑ר,"к, говоря",говоря
ВЗ,exodus,Исход,5,15,7,לֵאמֹ֑ר,"к, говоря",говоря
ВЗ,exodus,Исход,5,17,10,לַֽיהוָֽה\׃,"к, Яхве","к, Господь"
ВЗ,exodus,Исход,5,19,6,לֵאמֹ֑ר,"к, говоря",говоря
ВЗ,exodus,Исход,5,21,3,יְהוָ֛ה,Яхве,Господь
ВЗ,exodus,Исход,5,22,3,יְהוָ֖ה,Яхве,Господь
ВЗ,exodus,Исход,6,1,1,יְהוָה֙,Яхве,Господь
ВЗ,exodus,Исход,6,2,5,אֵלָ֖יו,"к, его",к нему
ВЗ,exodus,Исход,6,2,7,יְהוָֽה\׃,есмь Яхве,есмь Господь
ВЗ,exodus,Исход,6,3,10,יְהוָ֔ה,Яхве,Господь
ВЗ,exodus,Исход,6,6,5,יְהוָה֒,есмь Яхве,есмь Господь
ВЗ,exodus,Исход,6,7,10,יְהוָה֙,есмь Яхве,есмь Господь
ВЗ,exodus,Исход,6,8,18,יְהוָֽה\׃,есмь Яхве,есмь Господь
ВЗ,exodus,Исход,6,10,1,יְהוָ֖ה,Яхве,Господь
ВЗ,exodus,Исход,6,10,4,לֵּאמֹֽר\׃,"к, говоря",говоря
ВЗ,exodus,Исход,6,12,3,יְהוָ֖ה,Яхве,Господь
ВЗ,exodus,Исход,6,12,4,לֵאמֹ֑ר,"к, говоря",говоря
ВЗ,exodus,Исход,6,13,1,יְהוָה֮,Яхве,Господь
ВЗ,exodus,Исход,6,20,8,ל֔וֹ,"к, его",к нему
ВЗ,exodus,Исход,6,23,11,ל֗וֹ,"к, его",к нему
ВЗ,exodus,Исход,6,25,10,ל֖וֹ,"к, его",к нему
ВЗ,exodus,Исход,6,26,5,יְהוָה֙,Яхве,Господь
ВЗ,exodus,Исход,6,28,0,וַיְהִ֗י,"и, оно был",и было
ВЗ,exodus,Исход,6,28,3,יְהוָ֛ה,Яхве,Господь
ВЗ,exodus,Исход,6,29,1,יְהוָ֛ה,Яхве,Господь
ВЗ,exodus,Исход,6,29,4,לֵּאמֹ֖ר,"к, говоря",говоря
ВЗ,exodus,Исход,6,29,6,יְהוָ֑ה,есмь Яхве,есмь Господь
ВЗ,exodus,Исход,6,30,3,יְהוָ֑ה,Яхве,Господь
ВЗ,exodus,Исход,7,1,1,יְהוָה֙,Яхве,Господь
ВЗ,exodus,Исход,7,5,4,יְהוָ֔ה,есмь Яхве,есмь Господь
ВЗ,exodus,Исход,7,6,5,יְהוָ֛ה,Яхве,Господь
ВЗ,exodus,Исход,7,8,1,יְהוָ֔ה,Яхве,Господь
ВЗ,exodus,Исход,7,8,6,לֵאמֹֽר\׃,"к, говоря",говоря
ВЗ,exodus,Исход,7,9,4,לֵאמֹ֔ר,"к, говоря",говоря
ВЗ,exodus,Исход,7,10,9,יְהוָ֑ה,Яхве,Господь
ВЗ,exodus,Исход,7,13,0,וַיֶּחֱזַק֙,"и, оно был сильный",и было сильный
ВЗ,exodus,Исход,7,13,8,יְהוָֽה\׃\ \פ,Яхве,Господь
ВЗ,exodus,Исход,7,14,1,יְהוָה֙,Яхве,Господь
ВЗ,exodus,Исход,7,16,1,אֵלָ֗יו,"к, его",к нему
ВЗ,exodus,Исход,7,16,2,יְהוָ֞ה,Яхве,Господь
ВЗ,exodus,Исход,7,17,2,יְהוָ֔ה,Яхве,Господь
ВЗ,exodus,Исход,7,17,7,יְהוָ֑ה,есмь Яхве,есмь Господь
ВЗ,exodus,Исход,7,19,1,יְהוָ֜ה,Яхве,Господь
ВЗ,exodus,Исход,7,20,6,יְהוָ֗ה,Яхве,Господь
ВЗ,exodus,Исход,7,21,13,וַיְהִ֥י,"и, оно был",и было
ВЗ,exodus,Исход,7,22,5,וַיֶּחֱזַ֤ק,"и, оно был сильный",и было сильный
ВЗ,exodus,Исход,7,22,13,יְהוָֽה\׃,Яхве,Господь
ВЗ,exodus,Исход,7,25,0,וַיִּמָּלֵ֖א,"и, оно был завершённый",и было завершённый
ВЗ,exodus,Исход,7,25,5,יְהוָ֖ה,Яхве,Господь
ВЗ,exodus,Исход,9,1,1,יְהוָה֙,Яхве,Господь
ВЗ,exodus,Исход,9,1,8,אֵלָ֗יו,"к, его",к нему
ВЗ,exodus,Исход,9,1,11,יְהוָה֙,Яхве,Господь
ВЗ,exodus,Исход,9,3,2,יְהוָ֜ה,Яхве,Господь
ВЗ,exodus,Исход,9,4,1,יְהוָ֔ה,Яхве,Господь
ВЗ,exodus,Исход,9,5,1,יְהוָ֖ה,Яхве,Господь
ВЗ,exodus,Исход,9,5,3,לֵאמֹ֑ר,"к, говоря",говоря
ВЗ,exodus,Исход,9,5,6,יְהוָ֛ה,Яхве,Господь
ВЗ,exodus,Исход,9,6,1,יְהוָ֜ה,Яхве,Господь
ВЗ,exodus,Исход,9,7,9,וַיִּכְבַּד֙,"и, оно был унреспонсиве",и было унреспонсиве
ВЗ,exodus,Исход,9,8,1,יְהוָה֮,Яхве,Господь
ВЗ,exodus,Исход,9,12,1,יְהוָה֙,Яхве,Господь
ВЗ,exodus,Исход,9,12,10,יְהוָ֖ה,Яхве,Господь
ВЗ,exodus,Исход,9,13,1,יְהוָה֙,Яхве,Господь
ВЗ,exodus,Исход,9,13,10,אֵלָ֗יו,"к, его",к нему
ВЗ,exodus,Исход,9,13,13,יְהוָה֙,Яхве,Господь
ВЗ,exodus,Исход,9,20,3,יְהוָ֔ה,Яхве,Господь
ВЗ,exodus,Исход,9,21,6,יְהוָ֑ה,Яхве,Господь
ВЗ,exodus,Исход,9,22,1,יְהוָ֜ה,Яхве,Господь
ВЗ,exodus,Исход,9,23,6,וַֽיהוָ֗ה,"и, Яхве","и, Господь"
ВЗ,exodus,Исход,9,23,14,יְהוָ֛ה,Яхве,Господь
ВЗ,exodus,Исход,9,24,0,וַיְהִ֣י,"и, оно был",и было
ВЗ,exodus,Исход,9,27,9,יְהוָה֙,Яхве,Господь
ВЗ,exodus,Исход,9,28,2,יְהוָ֔ה,Яхве,Господь
ВЗ,exodus,Исход,9,29,1,אֵלָיו֙,"к, его",к нему
ВЗ,exodus,Исход,9,29,10,יְהוָ֑ה,Яхве,Господь
ВЗ,exodus,Исход,9,29,20,לַיהוָ֖ה,"принадлежит к, Яхве","принадлежит к, Господь"
ВЗ,exodus,Исход,9,30,7,יְהוָ֥ה,Яхве,Господь
ВЗ,exodus,Исход,9,33,9,יְהוָ֑ה,Яхве,Господь
ВЗ,exodus,Исход,9,35,0,וַֽיֶּחֱזַק֙,"и, оно был сильный",и было сильный
ВЗ,exodus,Исход,9,35,10,יְהוָ֖ה,Яхве,Господь
ВЗ,exodus,Исход,10,1,1,יְהוָה֙,Яхве,Господь
ВЗ,exodus,Исход,10,2,18,יְהוָֽה\׃,есмь Яхве,есмь Господь
ВЗ,exodus,Исход,10,3,6,אֵלָ֗יו,"к, его",к нему
ВЗ,exodus,Исход,10,3,9,יְהוָה֙,Яхве,Господь
ВЗ,exodus,Исход,10,7,3,אֵלָ֗יו,"к, его",к нему
ВЗ,exodus,Исход,10,7,15,יְהוָ֣ה,Яхве,Господь
ВЗ,exodus,Исход,10,8,12,יְהוָ֣ה,Яхве,Господь
ВЗ,exodus,Исход,10,9,12,יְהוָ֖ה,Яхве,Господь
ВЗ,exodus,Исход,10,10,4,יְהוָה֙,Яхве,Господь
ВЗ,exodus,Исход,10,11,7,יְהוָ֔ה,Яхве,Господь
ВЗ,exodus,Исход,10,12,1,יְהוָ֜ה,Яхве,Господь
ВЗ,exodus,Исход,10,13,7,וַֽיהוָ֗ה,"и, Яхве","и, Господь"
ВЗ,exodus,Исход,10,14,0,וַיַּ֣עַל,"и, оно пришёл вверх","и, было вверх"
ВЗ,exodus,Исход,10,16,7,לַיהוָ֥ה,"к, Яхве","к, Господь"
ВЗ,exodus,Исход,10,17,7,לַיהוָ֣ה,"к, Яхве","к, Господь"
ВЗ,exodus,Исход,10,18,5,יְהוָֽה\׃,Яхве,Господь
ВЗ,exodus,Исход,10,19,1,יְהוָ֤ה,Яхве,Господь
ВЗ,exodus,Исход,10,20,1,יְהוָ֖ה,Яхве,Господь
ВЗ,exodus,Исход,10,21,1,יְהוָ֜ה,Яхве,Господь
ВЗ,exodus,Исход,10,22,6,וַיְהִ֧י,"и, оно был",и было
ВЗ,exodus,Исход,10,24,8,יְהוָ֔ה,Яхве,Господь
ВЗ,exodus,Исход,10,25,9,לַיהוָ֥ה,"к, Яхве","к, Господь"
ВЗ,exodus,Исход,10,26,12,יְהוָ֣ה,Яхве,Господь
ВЗ,exodus,Исход,10,26,20,יְהוָ֔ה,Яхве,Господь
ВЗ,exodus,Исход,10,27,1,יְהוָ֖ה,Яхве,Господь
ВЗ,exodus,Исход,10,28,1,ל֥וֹ,"к, его",к нему
ВЗ,exodus,Исход,11,1,1,יְהוָ֜ה,Яхве,Господь
ВЗ,exodus,Исход,11,2,7,רֵעֵ֗הוּ,"ближний маск, его",ближний маск нему
ВЗ,exodus,Исход,11,3,1,יְהוָ֛ה,Яхве,Господь
ВЗ,exodus,Исход,11,4,4,יְהוָ֑ה,Яхве,Господь
ВЗ,exodus,Исход,11,7,6,לְשֹׁנ֔וֹ,"язык, его",язык нему
ВЗ,exodus,Исход,11,7,14,יְהוָ֔ה,Яхве,Господь
ВЗ,exodus,Исход,11,8,7,לֵאמֹ֗ר,"к, говоря",говоря
ВЗ,exodus,Исход,11,9,1,יְהוָה֙,Яхве,Господь
ВЗ,exodus,Исход,11,10,10,יְהוָה֙,Яхве,Господь
ВЗ,exodus,Исход,12,1,1,יְהוָה֙,Яхве,Господь
ВЗ,exodus,Исход,12,1,8,לֵאמֹֽר\׃,"к, говоря",говоря
ВЗ,exodus,Исход,12,3,5,לֵאמֹ֔ר,"к, говоря",говоря
ВЗ,exodus,Исход,12,11,14,לַיהוָֽה\׃,"к, Яхве","к, Господь"
ВЗ,exodus,Исход,12,12,19,יְהוָֽה\׃,есмь Яхве,есмь Господь
ВЗ,exodus,Исход,12,14,8,לַֽיהוָ֑ה,Яхве,Господь
ВЗ,exodus,Исход,12,23,1,יְהוָה֮,Яхве,Господь
ВЗ,exodus,Исход,12,23,14,יְהוָה֙,Яхве,Господь
ВЗ,exodus,Исход,12,25,7,יְהוָ֛ה,Яхве,Господь
ВЗ,exodus,Исход,12,27,4,לַֽיהוָ֗ה,"к, Яхве","к, Господь"
ВЗ,exodus,Исход,12,28,6,יְהוָ֛ה,Яхве,Господь
ВЗ,exodus,Исход,12,29,0,וַיְהִ֣י\׀,"и, оно был",и было
ВЗ,exodus,Исход,12,29,3,וַֽיהוָה֮,"и, Яхве","и, Господь"
ВЗ,exodus,Исход,12,30,8,וַתְּהִ֛י,"и, оно был",и было
ВЗ,exodus,Исход,12,31,17,יְהוָ֖ה,Яхве,Господь
ВЗ,exodus,Исход,12,36,0,וַֽיהוָ֞ה,"и, Яхве","и, Господь"
ВЗ,exodus,Исход,12,41,0,וַיְהִ֗י,"и, оно был",и было
ВЗ,exodus,Исход,12,41,7,וַיְהִ֗י,"и, оно был",и было
ВЗ,exodus,Исход,12,41,14,יְהוָ֖ה,Яхве,Господь
ВЗ,exodus,Исход,12,42,3,לַֽיהוָ֔ה,"для, Яхве","для, Господь"
ВЗ,exodus,Исход,12,42,10,לַֽיהוָ֔ה,"для, Яхве","для, Господь"
ВЗ,exodus,Исход,12,43,1,יְהוָה֙,Яхве,Господь
ВЗ,exodus,Исход,12,48,6,לַיהוָה֒,"к, Яхве","к, Господь"
ВЗ,exodus,Исход,12,50,6,יְהוָ֛ה,Яхве,Господь
ВЗ,exodus,Исход,12,51,0,וַיְהִ֕י,"и, оно был",и было
ВЗ,exodus,Исход,12,51,5,יְהוָ֜ה,Яхве,Господь
ВЗ,exodus,Исход,13,1,1,יְהוָ֖ה,Яхве,Господь
ВЗ,exodus,Исход,13,1,4,לֵּאמֹֽר\׃,"к, говоря",говоря
ВЗ,exodus,Исход,13,3,17,יְהֹוָ֛ה,Яхве,Господь
ВЗ,exodus,Исход,13,5,3,יְהוָ֡ה,Яхве,Господь
ВЗ,exodus,Исход,13,6,7,לַיהוָֽה\׃,Яхве,Господь
ВЗ,exodus,Исход,13,8,4,לֵאמֹ֑ר,"к, говоря",говоря
ВЗ,exodus,Исход,13,8,8,יְהוָה֙,Яхве,Господь
ВЗ,exodus,Исход,13,9,11,יְהוָ֖ה,Яхве,Господь
ВЗ,exodus,Исход,13,9,17,יְהֹוָ֖ה,Яхве,Господь
ВЗ,exodus,Исход,13,11,3,יְהוָה֙,Яхве,Господь
ВЗ,exodus,Исход,13,12,4,לַֽיהֹוָ֑ה,"к, Яхве","к, Господь"
ВЗ,exodus,Исход,13,12,13,לַיהוָֽה\׃,"будет принадлежать к, Яхве","будет принадлежать к, Господь"
ВЗ,exodus,Исход,13,14,5,לֵאמֹ֣ר,"к, говоря",говоря
ВЗ,exodus,Исход,13,14,9,אֵלָ֔יו,"к, его",к нему
ВЗ,exodus,Исход,13,14,13,יְהוָ֛ה,Яхве,Господь
ВЗ,exodus,Исход,13,15,0,וַיְהִ֗י,"и, оно был",и было
ВЗ,exodus,Исход,13,15,6,יְהֹוָ֤ה,Яхве,Господь
ВЗ,exodus,Исход,13,15,20,לַֽיהוָ֗ה,"к, Яхве","к, Господь"
ВЗ,exodus,Исход,13,16,11,יְהוָ֖ה,Яхве,Господь
ВЗ,exodus,Исход,13,17,0,וַיְהִ֗י,"и, оно был",и было
ВЗ,exodus,Исход,13,19,12,לֵאמֹ֔ר,"к, говоря",говоря
ВЗ,exodus,Исход,13,21,0,וַֽיהוָ֡ה,"и, Яхве","и, Господь"
ВЗ,exodus,Исход,14,1,1,יְהֹוָ֖ה,Яхве,Господь
ВЗ,exodus,Исход,14,1,4,לֵּאמֹֽר\׃,"к, говоря",говоря
ВЗ,exodus,Исход,14,4,14,יְהוָ֑ה,есмь Яхве,есмь Господь
ВЗ,exodus,Исход,14,5,0,וַיֻּגַּד֙,"и, оно был сказал",и было сказал
ВЗ,exodus,Исход,14,5,6,וַ֠יֵּהָפֵךְ,"и, оно был изменил",и было изменил
ВЗ,exodus,Исход,14,8,1,יְהֹוָ֗ה,Яхве,Господь
ВЗ,exodus,Исход,14,10,17,יְהוָֽה\׃,Яхве,Господь
ВЗ,exodus,Исход,14,12,7,לֵאמֹ֔ר,"к, говоря",говоря
ВЗ,exodus,Исход,14,13,10,יְהוָ֔ה,Яхве,Господь
ВЗ,exodus,Исход,14,14,0,יְהוָ֖ה,Яхве,Господь
ВЗ,exodus,Исход,14,15,1,יְהוָה֙,Яхве,Господь
ВЗ,exodus,Исход,14,18,4,יְהוָ֑ה,есмь Яхве,есмь Господь
ВЗ,exodus,Исход,14,20,7,וַיְהִ֤י,"и, оно был",и было
ВЗ,exodus,Исход,14,21,7,יְהוָ֣ה\׀,Яхве,Господь
ВЗ,exodus,Исход,14,24,0,וַֽיְהִי֙,"и, оно был",и было
ВЗ,exodus,Исход,14,24,4,יְהוָה֙,Яхве,Господь
ВЗ,exodus,Исход,14,25,12,יְהוָ֔ה,Яхве,Господь
ВЗ,exodus,Исход,14,26,1,יְהוָה֙,Яхве,Господь
ВЗ,exodus,Исход,14,27,15,יְהוָ֛ה,Яхве,Господь
ВЗ,exodus,Исход,14,30,1,יְהוָ֜ה,Яхве,Господь
ВЗ,exodus,Исход,14,31,7,יְהוָה֙,Яхве,Господь
ВЗ,exodus,Исход,14,31,12,יְהוָ֑ה,Яхве,Господь
ВЗ,exodus,Исход,14,31,14,בַּֽיהוָ֔ה,"в, Яхве","в, Господь"
ВЗ,exodus,Исход,15,1,8,לַֽיהוָ֔ה,"к, Яхве","к, Господь"
ВЗ,exodus,Исход,15,1,10,לֵאמֹ֑ר,"к, говоря",говоря
ВЗ,exodus,Исход,15,1,12,לַֽיהוָה֙,"к, Яхве","к, Господь"
ВЗ,exodus,Исход,15,2,2,יָ֔הּ,Яхве,Господь
ВЗ,exodus,Исход,15,3,0,יְהוָ֖ה,Яхве,Господь
ВЗ,exodus,Исход,15,3,3,יְהוָ֖ה,Яхве,Господь
ВЗ,exodus,Исход,15,6,1,יְהוָ֔ה,О Яхве,О Господь
ВЗ,exodus,Исход,15,6,5,יְהוָ֖ה,О Яхве,О Господь
ВЗ,exodus,Исход,15,11,3,יְהוָ֔ה,О Яхве,О Господь
ВЗ,exodus,Исход,15,16,11,יְהוָ֔ה,О Яхве,О Господь
ВЗ,exodus,Исход,15,17,7,יְהוָ֑ה,О Яхве,О Господь
ВЗ,exodus,Исход,15,18,0,יְהוָ֥ה\׀,Яхве,Господь
ВЗ,exodus,Исход,15,19,1,בָא֩,оно пришёл,было
ВЗ,exodus,Исход,15,19,8,יְהוָ֛ה,Яхве,Господь
ВЗ,exodus,Исход,15,21,4,לַֽיהוָה֙,"к, Яхве","к, Господь"
ВЗ,exodus,Исход,15,24,4,לֵּאמֹ֖ר,"к, говоря",говоря
ВЗ,exodus,Исход,15,25,2,יְהוָ֗ה,Яхве,Господь
ВЗ,exodus,Исход,15,25,4,יְהוָה֙,Яхве,Господь
ВЗ,exodus,Исход,15,26,5,יְהוָ֣ה,Яхве,Господь
ВЗ,exodus,Исход,15,26,25,יְהוָ֖ה,есмь Яхве,есмь Господь
ВЗ,exodus,Исход,16,3,8,יְהוָה֙,Яхве,Господь
ВЗ,exodus,Исход,16,4,1,יְהוָה֙,Яхве,Господь
ВЗ,exodus,Исход,16,6,10,יְהוָ֛ה,Яхве,Господь
ВЗ,exodus,Исход,16,7,4,יְהוָ֔ה,Яхве,Господь
ВЗ,exodus,Исход,16,7,9,יְהוָ֑ה,Яхве,Господь
ВЗ,exodus,Исход,16,8,3,יְהוָה֩,Яхве,Господь
ВЗ,exodus,Исход,16,8,12,יְהוָה֙,Яхве,Господь
ВЗ,exodus,Исход,16,8,26,יְהוָֽה\׃,Яхве,Господь
ВЗ,exodus,Исход,16,9,12,יְהוָ֑ה,Яхве,Господь
ВЗ,exodus,Исход,16,10,0,וַיְהִ֗י,"и, оно был",и было
ВЗ,exodus,Исход,16,10,13,יְהוָ֔ה,Яхве,Господь
ВЗ,exodus,Исход,16,11,1,יְהוָ֖ה,Яхве,Господь
ВЗ,exodus,Исход,16,11,4,לֵּאמֹֽר\׃,"к, говоря",говоря
ВЗ,exodus,Исход,16,12,7,לֵאמֹ֗ר,"к, говоря",говоря
ВЗ,exodus,Исход,16,12,18,יְהוָ֖ה,есмь Яхве,есмь Господь
ВЗ,exodus,Исход,16,13,0,וַיְהִ֣י,"и, оно был",и было
ВЗ,exodus,Исход,16,13,2,וַתַּ֣עַל,"и, оно пришёл вверх","и, было вверх"
ВЗ,exodus,Исход,16,15,21,יְהוָ֛ה,Яхве,Господь
ВЗ,exodus,Исход,16,16,4,יְהוָ֔ה,Яхве,Господь
ВЗ,exodus,Исход,16,21,7,וְחַ֥ם,"и, оно был тёплый",и было тёплый
ВЗ,exodus,Исход,16,22,0,וַיְהִ֣י\׀,"и, оно был",и было
ВЗ,exodus,Исход,16,23,5,יְהוָ֔ה,Яхве,Господь
ВЗ,exodus,Исход,16,23,9,לַֽיהוָ֖ה,"к, Яхве","к, Господь"
ВЗ,exodus,Исход,16,25,7,לַיהוָ֑ה,"к, Яхве","к, Господь"
ВЗ,exodus,Исход,16,27,0,וַֽיְהִי֙,"и, оно был",и было
ВЗ,exodus,Исход,16,28,1,יְהוָ֖ה,Яхве,Господь
ВЗ,exodus,Исход,16,29,2,יְהוָה֮,Яхве,Господь
ВЗ,exodus,Исход,16,32,6,יְהוָ֔ה,Яхве,Господь
ВЗ,exodus,Исход,16,33,15,יְהוָ֔ה,Яхве,Господь
ВЗ,exodus,Исход,16,34,2,יְהוָ֖ה,Яхве,Господь
ВЗ,exodus,Исход,17,1,10,יְהוָ֑ה,Яхве,Господь
ВЗ,exodus,Исход,17,2,18,יְהוָֽה\׃,Яхве,Господь
ВЗ,exodus,Исход,17,3,0,וַיִּצְמָ֨א,"и, оно был фирстй",и было фирстй
ВЗ,exodus,Исход,17,4,3,יְהוָ֣ה,Яхве,Господь
ВЗ,exodus,Исход,17,4,4,לֵאמֹ֔ר,"к, говоря",говоря
ВЗ,exodus,Исход,17,5,1,יְהוָ֜ה,Яхве,Господь
ВЗ,exodus,Исход,17,7,12,יְהוָה֙,Яхве,Господь
ВЗ,exodus,Исход,17,7,13,לֵאמֹ֔ר,"к, говоря",говоря
ВЗ,exodus,Исход,17,7,15,יְהוָ֛ה,Яхве,Господь
ВЗ,exodus,Исход,17,8,0,וַיָּבֹ֖א,"и, оно пришёл","и, было"
ВЗ,exodus,Исход,17,10,4,לוֹ֙,"к, его",к нему
ВЗ,exodus,Исход,17,11,0,וְהָיָ֗ה,"и, оно был",и было
ВЗ,exodus,Исход,17,12,17,וַיְהִ֥י,"и, оно был",и было
ВЗ,exodus,Исход,17,14,1,יְהוָ֜ה,Яхве,Господь
ВЗ,exodus,Исход,17,15,5,יְהוָ֥ה\׀,Яхве,Господь
ВЗ,exodus,Исход,17,16,5,יָ֔הּ,Яхве,Господь
ВЗ,exodus,Исход,17,16,7,לַיהוָ֖ה,"будет принадлежать к, Яхве","будет принадлежать к, Господь"
ВЗ,exodus,Исход,18,1,16,יְהוָ֛ה,Яхве,Господь
ВЗ,exodus,Исход,18,7,6,ל֔וֹ,"к, его",к нему
ВЗ,exodus,Исход,18,8,7,יְהוָה֙,Яхве,Господь
ВЗ,exodus,Исход,18,8,20,יְהוָֽה\׃,Яхве,Господь
ВЗ,exodus,Исход,18,9,7,יְהוָ֖ה,Яхве,Господь
ВЗ,exodus,Исход,18,10,3,יְהוָ֔ה,Яхве,Господь
ВЗ,exodus,Исход,18,11,4,יְהוָ֖ה,Яхве,Господь
ВЗ,exodus,Исход,18,13,0,וַיְהִי֙,"и, оно был",и было
ВЗ,exodus,Исход,18,17,3,אֵלָ֑יו,"к, его",к нему
ВЗ,exodus,Исход,19,3,5,אֵלָ֤יו,"к, его",к нему
ВЗ,exodus,Исход,19,3,6,יְהוָה֙,Яхве,Господь
ВЗ,exodus,Исход,19,3,9,לֵאמֹ֔ר,"к, говоря",говоря
ВЗ,exodus,Исход,19,7,13,יְהוָֽה\׃,Яхве,Господь
ВЗ,exodus,Исход,19,8,8,יְהוָ֖ה,Яхве,Господь
ВЗ,exodus,Исход,19,8,16,יְהוָֽה\׃,Яхве,Господь
ВЗ,exodus,Исход,19,9,1,יְהוָ֜ה,Яхве,Господь
ВЗ,exodus,Исход,19,9,25,יְהוָֽה\׃,Яхве,Господь
ВЗ,exodus,Исход,19,10,1,יְהוָ֤ה,Яхве,Господь
ВЗ,exodus,Исход,19,11,8,יְהוָ֛ה,Яхве,Господь
ВЗ,exodus,Исход,19,12,4,לֵאמֹ֔ר,"к, говоря",говоря
ВЗ,exodus,Исход,19,16,0,וַיְהִי֩,"и, оно был",и было
ВЗ,exodus,Исход,19,16,5,וַיְהִי֩,"и, оно был",и было
ВЗ,exodus,Исход,19,18,8,יְהוָ֖ה,Яхве,Господь
ВЗ,exodus,Исход,19,19,0,וַיְהִי֙,"и, оно был",и было
ВЗ,exodus,Исход,19,20,1,יְהוָ֛ה,Яхве,Господь
ВЗ,exodus,Исход,19,20,9,יְהוָ֧ה,Яхве,Господь
ВЗ,exodus,Исход,19,21,1,יְהוָה֙,Яхве,Господь
ВЗ,exodus,Исход,19,21,10,יְהוָה֙,Яхве,Господь
ВЗ,exodus,Исход,19,22,4,יְהוָ֖ה,Яхве,Господь
ВЗ,exodus,Исход,19,22,9,יְהוָֽה\׃,Яхве,Господь
ВЗ,exodus,Исход,19,23,3,יְהוָ֔ה,Яхве,Господь
ВЗ,exodus,Исход,19,23,15,לֵאמֹ֔ר,"к, говоря",говоря
ВЗ,exodus,Исход,19,24,1,אֵלָ֤יו,"к, его",к нему
ВЗ,exodus,Исход,19,24,2,יְהוָה֙,Яхве,Господь
ВЗ,exodus,Исход,19,24,15,יְהוָ֖ה,Яхве,Господь
ВЗ,exodus,Исход,20,1,6,לֵאמֹֽר\׃\ \ס,"к, говоря",говоря
ВЗ,exodus,Исход,20,2,1,יְהוָ֣ה,есмь Яхве,есмь Господь
ВЗ,exodus,Исход,20,5,7,יְהוָ֤ה,Яхве,Господь
ВЗ,exodus,Исход,20,7,4,יְהוָ֥ה,Яхве,Господь
ВЗ,exodus,Исход,20,7,10,יְהוָ֔ה,Яхве,Господь
ВЗ,exodus,Исход,20,10,3,לַיהוָ֣ה,"к, Яхве","к, Господь"
ВЗ,exodus,Исход,20,11,4,יְהוָ֜ה,Яхве,Господь
ВЗ,exodus,Исход,20,11,21,יְהוָ֛ה,Яхве,Господь
ВЗ,exodus,Исход,20,12,11,יְהוָ֥ה,Яхве,Господь
ВЗ,exodus,Исход,20,22,1,יְהוָה֙,Яхве,Господь
ВЗ,exodus,Исход,21,4,3,ל֣וֹ,"к, его",к нему
ВЗ,exodus,Исход,21,4,6,ל֥וֹ,"к, его",к нему
ВЗ,exodus,Исход,21,31,9,לּֽוֹ\׃,"к, его",к нему
ВЗ,exodus,Исход,21,34,8,לּֽוֹ\׃\ \ס,"к, его",к нему
ВЗ,exodus,Исход,21,36,18,לּֽוֹ\׃\ \ס,"к, его",к нему
ВЗ,exodus,Исход,23,4,9,לֽוֹ\׃\ \ס,"к, его",к нему
ВЗ,exodus,Исход,23,17,9,יְהוָֽה\׃,Яхве,Господь
ВЗ,exodus,Исход,23,19,5,יְהוָ֣ה,Яхве,Господь
ВЗ,exodus,Исход,23,25,2,יְהוָ֣ה,Яхве,Господь
ВЗ,exodus,Исход,24,1,5,יְהוָ֗ה,Яхве,Господь
ВЗ,exodus,Исход,24,2,4,יְהוָ֔ה,Яхве,Господь
ВЗ,exodus,Исход,24,3,7,יְהוָ֔ה,Яхве,Господь
ВЗ,exodus,Исход,24,3,21,יְהוָ֖ה,Яхве,Господь
ВЗ,exodus,Исход,24,4,5,יְהוָ֔ה,Яхве,Господь
ВЗ,exodus,Исход,24,5,10,לַיהוָ֖ה,"к, Яхве","к, Господь"
ВЗ,exodus,Исход,24,7,10,יְהוָ֖ה,Яхве,Господь
ВЗ,exodus,Исход,24,8,13,יְהוָה֙,Яхве,Господь
ВЗ,exodus,Исход,24,12,1,יְהוָ֜ה,Яхве,Господь
ВЗ,exodus,Исход,24,12,18,לְהוֹרֹתָֽם\׃,"к, учить, их","понять, их"
ВЗ,exodus,Исход,24,16,2,יְהוָה֙,Яхве,Господь
ВЗ,exodus,Исход,24,17,2,יְהוָ֔ה,Яхве,Господь
ВЗ,exodus,Исход,25,1,1,יְהוָ֖ה,Яхве,Господь
ВЗ,exodus,Исход,25,1,4,לֵּאמֹֽר\׃,"к, говоря",говоря
ВЗ,exodus,Исход,27,3,1,סִּֽירֹתָיו֙,"горшок, его",горшок нему
ВЗ,exodus,Исход,27,21,15,יְהוָ֑ה,Яхве,Господь
ВЗ,exodus,Исход,28,12,16,יְהוָ֛ה,Яхве,Господь
ВЗ,exodus,Исход,28,29,15,יְהוָ֖ה,Яхве,Господь
ВЗ,exodus,Исход,28,30,14,יְהוָ֑ה,Яхве,Господь
ВЗ,exodus,Исход,28,30,24,יְהוָ֖ה,Яхве,Господь
ВЗ,exodus,Исход,28,35,5,ק֠וֹלוֹ,"звук, его",звук нему
ВЗ,exodus,Исход,28,35,10,יְהוָ֛ה,Яхве,Господь
ВЗ,exodus,Исход,28,36,9,לַֽיהוָֽה\׃,"к, Яхве","к, Господь"
ВЗ,exodus,Исход,28,38,23,יְהוָֽה\׃,Яхве,Господь
ВЗ,exodus,Исход,29,5,16,ל֔וֹ,"к, его",к нему
ВЗ,exodus,Исход,29,11,4,יְהוָ֑ה,Яхве,Господь
ВЗ,exodus,Исход,29,18,7,לַֽיהוָ֑ה,"к, Яхве","к, Господь"
ВЗ,exodus,Исход,29,18,11,לַיהוָ֖ה,"к, Яхве","к, Господь"
ВЗ,exodus,Исход,29,23,13,יְהוָֽה\׃,Яхве,Господь
ВЗ,exodus,Исход,29,24,12,יְהוָֽה\׃,Яхве,Господь
ВЗ,exodus,Исход,29,25,10,יְהוָ֔ה,Яхве,Господь
ВЗ,exodus,Исход,29,25,13,לַיהוָֽה\׃,"к, Яхве","к, Господь"
ВЗ,exodus,Исход,29,26,11,יְהוָ֑ה,Яхве,Господь
ВЗ,exodus,Исход,29,28,19,לַיהוָֽה\׃,"к, Яхве","к, Господь"
ВЗ,exodus,Исход,29,41,14,לַיהוָֽה\׃,"к, Яхве","к, Господь"
ВЗ,exodus,Исход,29,42,7,יְהוָ֑ה,Яхве,Господь
ВЗ,exodus,Исход,29,46,3,יְהוָה֙,есмь Яхве,есмь Господь
ВЗ,exodus,Исход,29,46,13,יְהוָ֥ה,есмь Яхве,есмь Господь
ВЗ,exodus,Исход,30,8,10,יְהוָ֖ה,Яхве,Господь
ВЗ,exodus,Исход,30,10,17,לַיהוָֽה\׃\ \פ,"к, Яхве","к, Господь"
ВЗ,exodus,Исход,30,11,1,יְהוָ֖ה,Яхве,Господь
ВЗ,exodus,Исход,30,11,4,לֵּאמֹֽר\׃,"к, говоря",говоря
ВЗ,exodus,Исход,30,12,11,לַיהוָ֖ה,"к, Яхве","к, Господь"
ВЗ,exodus,Исход,30,13,16,לַֽיהוָֽה\׃,"к, Яхве","к, Господь"
ВЗ,exodus,Исход,30,14,10,יְהוָֽה\׃,Яхве,Господь
ВЗ,exodus,Исход,30,15,11,יְהוָ֔ה,Яхве,Господь
ВЗ,exodus,Исход,30,16,18,יְהוָ֔ה,Яхве,Господь
ВЗ,exodus,Исход,30,17,1,יְהוָ֖ה,Яхве,Господь
ВЗ,exodus,Исход,30,17,4,לֵּאמֹֽר\׃,"к, говоря",говоря
ВЗ,exodus,Исход,30,20,15,לַֽיהוָֽה\׃,"к, Яхве","к, Господь"
ВЗ,exodus,Исход,30,22,1,יְהוָ֖ה,Яхве,Господь
ВЗ,exodus,Исход,30,22,4,לֵּאמֹֽר\׃,"к, говоря",говоря
ВЗ,exodus,Исход,30,31,4,לֵאמֹ֑ר,"к, говоря",говоря
ВЗ,exodus,Исход,30,34,1,יְהוָ֨ה,Яхве,Господь
ВЗ,exodus,Исход,30,37,10,לַיהוָֽה\׃,"к, Яхве","к, Господь"
ВЗ,exodus,Исход,31,1,1,יְהוָ֖ה,Яхве,Господь
ВЗ,exodus,Исход,31,1,4,לֵּאמֹֽר\׃,"к, говоря",говоря
ВЗ,exodus,Исход,31,12,1,יְהוָ֖ה,Яхве,Господь
ВЗ,exodus,Исход,31,12,4,לֵּאמֹֽר\׃,"к, говоря",говоря
ВЗ,exodus,Исход,31,13,5,לֵאמֹ֔ר,"к, говоря",говоря
ВЗ,exodus,Исход,31,13,19,יְהוָ֖ה,есмь Яхве,есмь Господь
ВЗ,exodus,Исход,31,15,9,לַיהוָ֑ה,"к, Яхве","к, Господь"
ВЗ,exodus,Исход,31,17,11,יְהוָה֙,Яхве,Господь
ВЗ,exodus,Исход,32,1,13,אֵלָיו֙,"к, его",к нему
ВЗ,exodus,Исход,32,1,33,לֽוֹ\׃,"к, его",к нему
ВЗ,exodus,Исход,32,5,9,לַיהוָ֖ה,Яхве,Господь
ВЗ,exodus,Исход,32,7,1,יְהוָ֖ה,Яхве,Господь
ВЗ,exodus,Исход,32,9,1,יְהוָ֖ה,Яхве,Господь
ВЗ,exodus,Исход,32,11,4,יְהוָ֣ה,Яхве,Господь
ВЗ,exodus,Исход,32,11,8,יְהוָה֙,О Яхве,О Господь
ВЗ,exodus,Исход,32,12,3,לֵאמֹ֗ר,"к, говоря",говоря
ВЗ,exodus,Исход,32,14,1,יְהוָ֑ה,Яхве,Господь
ВЗ,exodus,Исход,32,19,0,וַֽיְהִ֗י,"и, оно был",и было
ВЗ,exodus,Исход,32,23,20,לֽוֹ\׃,"к, его",к нему
ВЗ,exodus,Исход,32,24,9,וַיֵּצֵ֖א,"и, оно пришёл вне","и, было вне"
ВЗ,exodus,Исход,32,26,6,לַיהוָ֖ה,"принадлежит к, Яхве","принадлежит к, Господь"
ВЗ,exodus,Исход,32,26,9,אֵלָ֖יו,"к, его",к нему
ВЗ,exodus,Исход,32,27,4,יְהוָה֙,Яхве,Господь
ВЗ,exodus,Исход,32,29,5,לַֽיהוָ֔ה,"к, Яхве","к, Господь"
ВЗ,exodus,Исход,32,30,0,וַיְהִי֙,"и, оно был",и было
ВЗ,exodus,Исход,32,30,13,יְהוָ֔ה,Яхве,Господь
ВЗ,exodus,Исход,32,31,3,יְהוָ֖ה,Яхве,Господь
ВЗ,exodus,Исход,32,33,1,יְהוָ֖ה,Яхве,Господь
ВЗ,exodus,Исход,32,35,1,יְהוָ֖ה,Яхве,Господь
ВЗ,exodus,Исход,33,1,1,יְהוָ֤ה,Яхве,Господь
ВЗ,exodus,Исход,33,1,20,לֵאמֹ֔ר,"к, говоря",говоря
ВЗ,exodus,Исход,33,5,1,יְהוָ֜ה,Яхве,Господь
ВЗ,exodus,Исход,33,7,15,וְהָיָה֙,"и, оно был",и было
ВЗ,exodus,Исход,33,7,18,יְהוָ֔ה,Яхве,Господь
ВЗ,exodus,Исход,33,8,0,וְהָיָ֗ה,"и, оно был",и было
ВЗ,exodus,Исход,33,9,0,וְהָיָ֗ה,"и, оно был",и было
ВЗ,exodus,Исход,33,9,4,יֵרֵד֙,оно пришёл вниз,было вниз
ВЗ,exodus,Исход,33,11,1,יְהוָ֤ה,Яхве,Господь
ВЗ,exodus,Исход,33,12,3,יְהוָ֗ה,Яхве,Господь
ВЗ,exodus,Исход,33,15,1,אֵלָ֑יו,"к, его",к нему
ВЗ,exodus,Исход,33,17,1,יְהוָה֙,Яхве,Господь
ВЗ,exodus,Исход,33,19,9,יְהוָ֖ה,Яхве,Господь
ВЗ,exodus,Исход,33,21,1,יְהוָ֔ה,Яхве,Господь
ВЗ,exodus,Исход,34,1,1,יְהוָה֙,Яхве,Господь
ВЗ,exodus,Исход,34,4,14,יְהוָ֖ה,Яхве,Господь
ВЗ,exodus,Исход,34,5,1,יְהוָה֙,Яхве,Господь
ВЗ,exodus,Исход,34,5,8,יְהוָֽה\׃,Яхве,Господь
ВЗ,exodus,Исход,34,6,1,יְהוָ֥ה\׀,Яхве,Господь
ВЗ,exodus,Исход,34,6,5,יְהוָ֣ה\׀,Яхве,Господь
ВЗ,exodus,Исход,34,6,6,יְהוָ֔ה,Яхве,Господь
ВЗ,exodus,Исход,34,10,25,יְהוָה֙,Яхве,Господь
ВЗ,exodus,Исход,34,14,6,יְהוָה֙,Яхве,Господь
ВЗ,exodus,Исход,34,23,9,יְהוָ֖ה,Яхве,Господь
ВЗ,exodus,Исход,34,24,16,יְהוָ֣ה,Яхве,Господь
ВЗ,exodus,Исход,34,26,5,יְהוָ֣ה,Яхве,Господь
ВЗ,exodus,Исход,34,27,1,יְהוָה֙,Яхве,Господь
ВЗ,exodus,Исход,34,28,3,יְהוָ֗ה,Яхве,Господь
ВЗ,exodus,Исход,34,29,0,וַיְהִ֗י,"и, оно был",и было
ВЗ,exodus,Исход,34,30,13,אֵלָֽיו\׃,"к, его",к нему
ВЗ,exodus,Исход,34,31,4,אֵלָ֛יו,"к, его",к нему
ВЗ,exodus,Исход,34,32,11,יְהוָ֛ה,Яхве,Господь
ВЗ,exodus,Исход,34,34,3,יְהוָה֙,Яхве,Господь
ВЗ,exodus,Исход,35,1,13,יְהוָ֖ה,Яхве,Господь
ВЗ,exodus,Исход,35,2,11,לַיהוָ֑ה,"к, Яхве","к, Господь"
ВЗ,exodus,Исход,35,4,7,לֵאמֹ֑ר,"к, говоря",говоря
ВЗ,exodus,Исход,35,4,12,יְהוָ֖ה,Яхве,Господь
ВЗ,exodus,Исход,35,4,13,לֵאמֹֽר\׃,"к, говоря",говоря
ВЗ,exodus,Исход,35,5,3,לַֽיהוָ֔ה,"к, Яхве","к, Господь"
ВЗ,exodus,Исход,35,5,10,יְהוָ֑ה,Яхве,Господь
ВЗ,exodus,Исход,35,10,10,יְהוָֽה\׃,Яхве,Господь
ВЗ,exodus,Исход,35,21,14,יְהוָ֜ה,Яхве,Господь
ВЗ,exodus,Исход,35,22,21,לַיהוָֽה\׃,"к, Яхве","к, Господь"
ВЗ,exodus,Исход,35,24,8,יְהוָ֑ה,Яхве,Господь
ВЗ,exodus,Исход,35,29,12,יְהוָ֛ה,Яхве,Господь
ВЗ,exodus,Исход,35,29,20,לַיהוָֽה\׃\ \פ,"к, Яхве","к, Господь"
ВЗ,exodus,Исход,35,30,7,יְהוָ֖ה,Яхве,Господь
ВЗ,exodus,Исход,35,34,0,וּלְהוֹרֹ֖ת,"и, к, учить","и, понять"
ВЗ,exodus,Исход,36,1,9,יְהוָ֜ה,Яхве,Господь
ВЗ,exodus,Исход,36,1,23,יְהוָֽה\׃,Яхве,Господь
ВЗ,exodus,Исход,36,2,13,יְהוָ֛ה,Яхве,Господь
ВЗ,exodus,Исход,36,3,17,אֵלָ֥יו,"к, его",к нему
ВЗ,exodus,Исход,36,5,3,לֵּאמֹ֔ר,"к, говоря",говоря
ВЗ,exodus,Исход,36,5,12,יְהוָ֖ה,Яхве,Господь
ВЗ,exodus,Исход,36,6,5,לֵאמֹר֒,"к, говоря",говоря
ВЗ,exodus,Исход,36,6,14,וַיִּכָּלֵ֥א,"и, оно был рестраинед",и было рестраинед
ВЗ,exodus,Исход,36,7,7,וְהוֹתֵֽר\׃\ \ס,"и, оно был более чем енугх",и было более чем енугх
ВЗ,exodus,Исход,36,13,11,וַֽיְהִ֥י,"и, оно был",и было
ВЗ,exodus,Исход,38,22,12,יְהוָ֖ה,Яхве,Господь
ВЗ,exodus,Исход,38,24,7,וַיְהִ֣י\׀,"и, оно был",и было
ВЗ,exodus,Исход,38,27,0,וַיְהִ֗י,"и, оно был",и было
ВЗ,exodus,Исход,39,1,18,יְהוָ֖ה,Яхве,Господь
ВЗ,exodus,Исход,39,5,16,יְהוָ֖ה,Яхве,Господь
ВЗ,exodus,Исход,39,7,11,יְהוָ֖ה,Яхве,Господь
ВЗ,exodus,Исход,39,21,20,יְהוָ֖ה,Яхве,Господь
ВЗ,exodus,Исход,39,26,11,יְהוָ֖ה,Яхве,Господь
ВЗ,exodus,Исход,39,29,12,יְהוָ֖ה,Яхве,Господь
ВЗ,exodus,Исход,39,30,13,לַיהוָֽה\׃,"к, Яхве","к, Господь"
ВЗ,exodus,Исход,39,31,10,יְהוָ֖ה,Яхве,Господь
ВЗ,exodus,Исход,39,32,0,וַתֵּ֕כֶל,"и, оно был завершил",и было завершил
ВЗ,exodus,Исход,39,32,12,יְהוָ֛ה,Яхве,Господь
ВЗ,exodus,Исход,39,42,3,יְהוָ֖ה,Яхве,Господь
ВЗ,exodus,Исход,39,43,10,יְהוָ֖ה,Яхве,Господь
ВЗ,exodus,Исход,40,1,1,יְהוָ֖ה,Яхве,Господь
ВЗ,exodus,Исход,40,1,4,לֵּאמֹֽר\׃,"к, говоря",говоря
ВЗ,exodus,Исход,40,16,5,יְהוָ֛ה,Яхве,Господь
ВЗ,exodus,Исход,40,17,0,וַיְהִ֞י,"и, оно был",и было
ВЗ,exodus,Исход,40,19,13,יְהוָ֖ה,Яхве,Господь
ВЗ,exodus,Исход,40,21,15,יְהוָ֖ה,Яхве,Господь
ВЗ,exodus,Исход,40,23,5,יְהוָ֑ה,Яхве,Господь
ВЗ,exodus,Исход,40,23,8,יְהוָ֖ה,Яхве,Господь
ВЗ,exodus,Исход,40,25,3,יְהוָ֑ה,Яхве,Господь
ВЗ,exodus,Исход,40,25,6,יְהוָ֖ה,Яхве,Господь
ВЗ,exodus,Исход,40,27,6,יְהוָ֖ה,Яхве,Господь
ВЗ,exodus,Исход,40,29,16,יְהוָ֖ה,Яхве,Господь
ВЗ,exodus,Исход,40,32,10,יְהוָ֖ה,Яхве,Господь
ВЗ,exodus,Исход,40,34,6,יְהוָ֔ה,Яхве,Господь
ВЗ,exodus,Исход,40,35,12,יְהוָ֔ה,Яхве,Господь
ВЗ,exodus,Исход,40,38,2,יְהוָ֤ה,Яхве,Господь
ВЗ,leviticus,Левит,1,1,4,יְהוָה֙,Яхве,Господь
ВЗ,leviticus,Левит,1,1,5,אֵלָ֔יו,"к, его",к нему
ВЗ,leviticus,Левит,1,1,6,מֵאֹ֥הֶל,"от, шатёр",из шатра
ВЗ,leviticus,Левит,1,1,8,לֵאמֹֽר\׃,"к, говоря",говоря
ВЗ,leviticus,Левит,1,2,11,לַֽיהוָ֑ה,"к, Яхве","к, Господь"
ВЗ,leviticus,Левит,1,3,16,יְהוָֽה\׃,Яхве,Господь
ВЗ,leviticus,Левит,1,5,5,יְהוָ֑ה,Яхве,Господь
ВЗ,leviticus,Левит,1,9,13,לַֽיהוָֽה\׃\ \ס,"к, Яхве","к, Господь"
ВЗ,leviticus,Левит,1,11,7,יְהוָ֑ה,Яхве,Господь
ВЗ,leviticus,Левит,1,13,15,לַיהוָֽה\׃\ \פ,"к, Яхве","к, Господь"
ВЗ,leviticus,Левит,1,14,5,לַֽיהוָ֑ה,"к, Яхве","к, Господь"
ВЗ,leviticus,Левит,1,17,19,לַיהוָֽה\׃\ \ס,"к, Яхве","к, Господь"
ВЗ,leviticus,Левит,2,1,5,לַֽיהוָ֔ה,"к, Яхве","к, Господь"
ВЗ,leviticus,Левит,2,2,22,לַיהוָֽה\׃,"к, Яхве","к, Господь"
ВЗ,leviticus,Левит,2,3,8,יְהוָֽה\׃\ \ס,Яхве,Господь
ВЗ,leviticus,Левит,2,8,6,לַיהוָ֑ה,"к, Яхве","к, Господь"
ВЗ,leviticus,Левит,2,9,11,לַיהוָֽה\׃,"к, Яхве","к, Господь"
ВЗ,leviticus,Левит,2,10,8,יְהוָֽה\׃,Яхве,Господь
ВЗ,leviticus,Левит,2,11,4,לַיהוָ֔ה,"к, Яхве","к, Господь"
ВЗ,leviticus,Левит,2,11,17,לַֽיהוָֽה\׃,"к, Яхве","к, Господь"
ВЗ,leviticus,Левит,2,12,4,לַיהוָ֑ה,"к, Яхве","к, Господь"
ВЗ,leviticus,Левит,2,14,4,לַיהוָ֑ה,"к, Яхве","к, Господь"
ВЗ,leviticus,Левит,2,16,10,לַיהוָֽה\׃\ \פ,"к, Яхве","к, Господь"
ВЗ,leviticus,Левит,3,1,16,יְהוָֽה\׃,Яхве,Господь
ВЗ,leviticus,Левит,3,3,4,לַיהוָ֑ה,"к, Яхве","к, Господь"
ВЗ,leviticus,Левит,3,5,16,לַֽיהוָֽה\׃\ \פ,"к, Яхве","к, Господь"
ВЗ,leviticus,Левит,3,6,6,לַיהוָ֑ה,"к, Яхве","к, Господь"
ВЗ,leviticus,Левит,3,7,9,יְהוָֽה\׃,Яхве,Господь
ВЗ,leviticus,Левит,3,9,4,לַיהוָה֒,"к, Яхве","к, Господь"
ВЗ,leviticus,Левит,3,9,5,חֶלְבּוֹ֙,"тук, его",тук нему
ВЗ,leviticus,Левит,3,11,5,לַיהוָֽה\׃\ \פ,"к, Яхве","к, Господь"
ВЗ,leviticus,Левит,3,12,5,יְהוָֽה\׃,Яхве,Господь
ВЗ,leviticus,Левит,3,14,4,לַֽיהוָ֑ה,"к, Яхве","к, Господь"
ВЗ,leviticus,Левит,3,16,9,לַיהוָֽה\׃,"принадлежит к, Яхве","принадлежит к, Господь"
ВЗ,leviticus,Левит,4,1,1,יְהוָ֖ה,Яхве,Господь
ВЗ,leviticus,Левит,4,1,4,לֵּאמֹֽר\׃,"к, говоря",говоря
ВЗ,leviticus,Левит,4,2,4,לֵאמֹר֒,"к, говоря",говоря
ВЗ,leviticus,Левит,4,2,11,יְהוָ֔ה,Яхве,Господь
ВЗ,leviticus,Левит,4,3,15,לַיהוָ֖ה,"к, Яхве","к, Господь"
ВЗ,leviticus,Левит,4,4,8,יְהוָ֑ה,Яхве,Господь
ВЗ,leviticus,Левит,4,4,19,יְהוָֽה\׃,Яхве,Господь
ВЗ,leviticus,Левит,4,6,11,יְהוָ֔ה,Яхве,Господь
ВЗ,leviticus,Левит,4,7,10,יְהוָ֔ה,Яхве,Господь
ВЗ,leviticus,Левит,4,13,13,יְהוָ֛ה,Яхве,Господь
ВЗ,leviticus,Левит,4,15,9,יְהוָ֑ה,Яхве,Господь
ВЗ,leviticus,Левит,4,15,14,יְהוָֽה\׃,Яхве,Господь
ВЗ,leviticus,Левит,4,17,9,יְהוָ֔ה,Яхве,Господь
ВЗ,leviticus,Левит,4,18,8,יְהוָ֔ה,Яхве,Господь
ВЗ,leviticus,Левит,4,19,2,חֶלְבּ֖וֹ,"тук, его",тук нему
ВЗ,leviticus,Левит,4,22,7,יְהוָ֨ה,Яхве,Господь
ВЗ,leviticus,Левит,4,23,2,אֵלָיו֙,"к, его",к нему
ВЗ,leviticus,Левит,4,24,13,יְהוָ֑ה,Яхве,Господь
ВЗ,leviticus,Левит,4,26,2,חֶלְבּוֹ֙,"тук, его",тук нему
ВЗ,leviticus,Левит,4,26,13,לֽוֹ\׃\ \פ,"к, его",к нему
ВЗ,leviticus,Левит,4,27,10,יְהוָ֛ה,Яхве,Господь
ВЗ,leviticus,Левит,4,28,2,אֵלָ֔יו,"к, его",к нему
ВЗ,leviticus,Левит,4,31,2,חֶלְבָּ֣הּ,"тук, его",тук нему
ВЗ,leviticus,Левит,4,31,15,לַיהוָ֑ה,"к, Яхве","к, Господь"
ВЗ,leviticus,Левит,4,31,20,לֽוֹ\׃\ \פ,"к, его",к нему
ВЗ,leviticus,Левит,4,35,2,חֶלְבָּ֣ה,"тук, его",тук нему
ВЗ,leviticus,Левит,4,35,16,יְהוָ֑ה,Яхве,Господь
ВЗ,leviticus,Левит,4,35,25,לֽוֹ\׃\ \פ,"к, его",к нему
ВЗ,leviticus,Левит,5,6,3,לַיהוָ֡ה,"к, Яхве","к, Господь"
ВЗ,leviticus,Левит,5,7,17,לַֽיהוָ֑ה,"к, Яхве","к, Господь"
ВЗ,leviticus,Левит,5,10,12,לֽוֹ\׃\ \ס,"к, его",к нему
ВЗ,leviticus,Левит,5,12,14,יְהוָ֑ה,Яхве,Господь
ВЗ,leviticus,Левит,5,13,10,ל֑וֹ,"к, его",к нему
ВЗ,leviticus,Левит,5,14,1,יְהוָ֖ה,Яхве,Господь
ВЗ,leviticus,Левит,5,14,4,לֵּאמֹֽר\׃,"к, говоря",говоря
ВЗ,leviticus,Левит,5,15,7,יְהוָ֑ה,Яхве,Господь
ВЗ,leviticus,Левит,5,15,11,לַֽיהוָ֜ה,"к, Яхве","к, Господь"
ВЗ,leviticus,Левит,5,16,19,לֽוֹ\׃\ \פ,"к, его",к нему
ВЗ,leviticus,Левит,5,17,8,יְהוָ֔ה,Яхве,Господь
ВЗ,leviticus,Левит,5,18,20,לֽוֹ\׃,"к, его",к нему
ВЗ,leviticus,Левит,5,19,4,לַיהוָֽה\׃\ \פ,"к, Яхве","к, Господь"
ВЗ,leviticus,Левит,7,3,2,חֶלְבּ֖וֹ,"тук, его",тук нему
ВЗ,leviticus,Левит,7,5,5,לַיהוָ֑ה,"к, Яхве","к, Господь"
ВЗ,leviticus,Левит,7,7,9,ל֥וֹ,"к, его",к нему
ВЗ,leviticus,Левит,7,8,10,ל֥וֹ,"к, его",к нему
ВЗ,leviticus,Левит,7,9,13,ל֥וֹ,"к, его",к нему
ВЗ,leviticus,Левит,7,11,6,לַיהוָֽה\׃,"к, Яхве","к, Господь"
ВЗ,leviticus,Левит,7,14,6,לַיהוָ֑ה,"к, Яхве","к, Господь"
ВЗ,leviticus,Левит,7,14,12,ל֥וֹ,"к, его",к нему
ВЗ,leviticus,Левит,7,18,14,ל֖וֹ,"к, его",к нему
ВЗ,leviticus,Левит,7,20,7,לַיהוָ֔ה,"принадлежит к, Яхве","принадлежит к, Господь"
ВЗ,leviticus,Левит,7,21,19,לַיהוָ֑ה,"принадлежит к, Яхве","принадлежит к, Господь"
ВЗ,leviticus,Левит,7,22,1,יְהוָ֖ה,Яхве,Господь
ВЗ,leviticus,Левит,7,22,4,לֵּאמֹֽר\׃,"к, говоря",говоря
ВЗ,leviticus,Левит,7,23,4,לֵאמֹ֑ר,"к, говоря",говоря
ВЗ,leviticus,Левит,7,25,10,לַיהוָ֑ה,"к, Яхве","к, Господь"
ВЗ,leviticus,Левит,7,28,1,יְהוָ֖ה,Яхве,Господь
ВЗ,leviticus,Левит,7,28,4,לֵּאמֹֽר\׃,"к, говоря",говоря
ВЗ,leviticus,Левит,7,29,4,לֵאמֹ֑ר,"к, говоря",говоря
ВЗ,leviticus,Левит,7,29,9,לַיהוָ֔ה,"к, Яхве","к, Господь"
ВЗ,leviticus,Левит,7,29,13,לַיהוָ֖ה,"к, Яхве","к, Господь"
ВЗ,leviticus,Левит,7,30,4,יְהוָ֑ה,Яхве,Господь
ВЗ,leviticus,Левит,7,30,16,יְהוָֽה\׃,Яхве,Господь
ВЗ,leviticus,Левит,7,33,8,ל֧וֹ,"к, его",к нему
ВЗ,leviticus,Левит,7,35,6,יְהוָ֑ה,Яхве,Господь
ВЗ,leviticus,Левит,7,35,11,לַיהוָֽה\׃,"к, Яхве","к, Господь"
ВЗ,leviticus,Левит,7,36,2,יְהוָ֜ה,Яхве,Господь
ВЗ,leviticus,Левит,7,38,2,יְהוָ֛ה,Яхве,Господь
ВЗ,leviticus,Левит,7,38,15,לַיהוָ֖ה,"к, Яхве","к, Господь"
ВЗ,leviticus,Левит,8,1,1,יְהוָ֖ה,Яхве,Господь
ВЗ,leviticus,Левит,8,1,4,לֵּאמֹֽר\׃,"к, говоря",говоря
ВЗ,leviticus,Левит,8,4,4,יְהוָ֖ה,Яхве,Господь
ВЗ,leviticus,Левит,8,5,8,יְהוָ֖ה,Яхве,Господь
ВЗ,leviticus,Левит,8,7,20,ל֖וֹ,"к, его",к нему
ВЗ,leviticus,Левит,8,9,18,יְהוָ֖ה,Яхве,Господь
ВЗ,leviticus,Левит,8,13,15,יְהוָ֖ה,Яхве,Господь
ВЗ,leviticus,Левит,8,17,14,יְהוָ֖ה,Яхве,Господь
ВЗ,leviticus,Левит,8,21,18,לַיהוָ֔ה,"к, Яхве","к, Господь"
ВЗ,leviticus,Левит,8,21,21,יְהוָ֖ה,Яхве,Господь
ВЗ,leviticus,Левит,8,26,4,יְהוָ֗ה,Яхве,Господь
ВЗ,leviticus,Левит,8,27,13,יְהוָֽה\׃,Яхве,Господь
ВЗ,leviticus,Левит,8,28,15,לַיהוָֽה\׃,"к, Яхве","к, Господь"
ВЗ,leviticus,Левит,8,29,7,יְהוָ֑ה,Яхве,Господь
ВЗ,leviticus,Левит,8,29,15,יְהוָ֖ה,Яхве,Господь
ВЗ,leviticus,Левит,8,31,22,לֵאמֹ֔ר,"к, говоря",говоря
ВЗ,leviticus,Левит,8,34,5,יְהוָ֛ה,Яхве,Господь
ВЗ,leviticus,Левит,8,35,10,מִשְׁמֶ֥רֶת,дутй,долг
ВЗ,leviticus,Левит,8,35,11,יְהוָ֖ה,Яхве,Господь
ВЗ,leviticus,Левит,8,36,8,יְהוָ֖ה,Яхве,Господь
ВЗ,leviticus,Левит,9,1,0,וַיְהִי֙,"и, оно был",и было
ВЗ,leviticus,Левит,9,2,14,יְהוָֽה\׃,Яхве,Господь
ВЗ,leviticus,Левит,9,3,4,לֵאמֹ֑ר,"к, говоря",говоря
ВЗ,leviticus,Левит,9,4,5,יְהוָ֔ה,Яхве,Господь
ВЗ,leviticus,Левит,9,4,11,יְהוָ֖ה,Яхве,Господь
ВЗ,leviticus,Левит,9,5,14,יְהוָֽה\׃,Яхве,Господь
ВЗ,leviticus,Левит,9,6,6,יְהוָ֖ה,Яхве,Господь
ВЗ,leviticus,Левит,9,6,11,יְהוָֽה\׃,Яхве,Господь
ВЗ,leviticus,Левит,9,7,24,יְהוָֽה\׃,Яхве,Господь
ВЗ,leviticus,Левит,9,9,5,אֵלָיו֒,"к, его",к нему
ВЗ,leviticus,Левит,9,10,14,יְהוָ֖ה,Яхве,Господь
ВЗ,leviticus,Левит,9,12,6,אֵלָיו֙,"к, его",к нему
ВЗ,leviticus,Левит,9,13,3,אֵלָ֛יו,"к, его",к нему
ВЗ,leviticus,Левит,9,18,14,אֵלָ֔יו,"к, его",к нему
ВЗ,leviticus,Левит,9,21,9,יְהוָ֑ה,Яхве,Господь
ВЗ,leviticus,Левит,9,23,12,יְהוָ֖ה,Яхве,Господь
ВЗ,leviticus,Левит,9,24,3,יְהוָ֔ה,Яхве,Господь
ВЗ,leviticus,Левит,10,1,15,יְהוָה֙,Яхве,Господь
ВЗ,leviticus,Левит,10,2,3,יְהוָ֖ה,Яхве,Господь
ВЗ,leviticus,Левит,10,2,8,יְהוָֽה\׃,Яхве,Господь
ВЗ,leviticus,Левит,10,3,7,יְהוָ֤ה\׀,Яхве,Господь
ВЗ,leviticus,Левит,10,3,8,לֵאמֹר֙,"к, говоря",говоря
ВЗ,leviticus,Левит,10,6,28,יְהוָֽה\׃,Яхве,Господь
ВЗ,leviticus,Левит,10,7,10,יְהוָ֖ה,Яхве,Господь
ВЗ,leviticus,Левит,10,8,1,יְהוָ֔ה,Яхве,Господь
ВЗ,leviticus,Левит,10,8,4,לֵאמֹֽר\׃,"к, говоря",говоря
ВЗ,leviticus,Левит,10,11,0,וּלְהוֹרֹ֖ת,"и, к, учить","и, понять"
ВЗ,leviticus,Левит,10,11,9,יְהוָ֛ה,Яхве,Господь
ВЗ,leviticus,Левит,10,12,15,יְהוָ֔ה,Яхве,Господь
ВЗ,leviticus,Левит,10,13,10,יְהוָ֑ה,Яхве,Господь
ВЗ,leviticus,Левит,10,15,11,יְהוָ֑ה,Яхве,Господь
ВЗ,leviticus,Левит,10,15,20,יְהוָֽה\׃,Яхве,Господь
ВЗ,leviticus,Левит,10,16,16,לֵאמֹֽר\׃,"к, говоря",говоря
ВЗ,leviticus,Левит,10,17,21,יְהוָֽה\׃,Яхве,Господь
ВЗ,leviticus,Левит,10,19,12,יְהוָ֔ה,Яхве,Господь
ВЗ,leviticus,Левит,10,19,21,יְהוָֽה\׃,Яхве,Господь
ВЗ,leviticus,Левит,10,20,2,וַיִּיטַ֖ב,"и, оно был хороший",и было хороший
ВЗ,leviticus,Левит,11,1,1,יְהוָ֛ה,Яхве,Господь
ВЗ,leviticus,Левит,11,1,6,לֵאמֹ֥ר,"к, говоря",говоря
ВЗ,leviticus,Левит,11,2,4,לֵאמֹ֑ר,"к, говоря",говоря
ВЗ,leviticus,Левит,11,44,2,יְהוָה֮,есмь Яхве,есмь Господь
ВЗ,leviticus,Левит,11,45,2,יְהוָ֗ה,есмь Яхве,есмь Господь
ВЗ,leviticus,Левит,12,1,1,יְהוָ֖ה,Яхве,Господь
ВЗ,leviticus,Левит,12,1,4,לֵּאמֹֽר\׃,"к, говоря",говоря
ВЗ,leviticus,Левит,12,2,4,לֵאמֹ֔ר,"к, говоря",говоря
ВЗ,leviticus,Левит,12,7,2,יְהוָה֙,Яхве,Господь
ВЗ,leviticus,Левит,13,1,1,יְהוָ֔ה,Яхве,Господь
ВЗ,leviticus,Левит,13,1,6,לֵאמֹֽר\׃,"к, говоря",говоря
ВЗ,leviticus,Левит,14,1,1,יְהוָ֖ה,Яхве,Господь
ВЗ,leviticus,Левит,14,1,4,לֵּאמֹֽר\׃,"к, говоря",говоря
ВЗ,leviticus,Левит,14,11,8,יְהוָ֔ה,Яхве,Господь
ВЗ,leviticus,Левит,14,12,15,יְהוָֽה\׃,Яхве,Господь
ВЗ,leviticus,Левит,14,16,18,יְהוָֽה\׃,Яхве,Господь
ВЗ,leviticus,Левит,14,18,14,יְהוָֽה\׃,Яхве,Господь
ВЗ,leviticus,Левит,14,23,12,יְהוָֽה\׃,Яхве,Господь
ВЗ,leviticus,Левит,14,24,13,יְהוָֽה\׃,Яхве,Господь
ВЗ,leviticus,Левит,14,27,13,יְהוָֽה\׃,Яхве,Господь
ВЗ,leviticus,Левит,14,29,14,יְהוָֽה\׃,Яхве,Господь
ВЗ,leviticus,Левит,14,31,17,יְהוָֽה\׃,Яхве,Господь
ВЗ,leviticus,Левит,14,33,1,יְהוָ֔ה,Яхве,Господь
ВЗ,leviticus,Левит,14,33,6,לֵאמֹֽר\׃,"к, говоря",говоря
ВЗ,leviticus,Левит,14,35,2,ל֣וֹ,"принадлежит к, его",принадлежит к нему
ВЗ,leviticus,Левит,14,35,6,לֵאמֹ֑ר,"к, говоря",говоря
ВЗ,leviticus,Левит,14,57,0,לְהוֹרֹ֕ת,"к, учить",понять
ВЗ,leviticus,Левит,15,1,1,יְהוָ֔ה,Яхве,Господь
ВЗ,leviticus,Левит,15,1,6,לֵאמֹֽר\׃,"к, говоря",говоря
ВЗ,leviticus,Левит,15,14,12,יְהוָ֗ה,Яхве,Господь
ВЗ,leviticus,Левит,15,15,11,יְהוָ֖ה,Яхве,Господь
ВЗ,leviticus,Левит,15,30,12,יְהוָ֔ה,Яхве,Господь
ВЗ,leviticus,Левит,16,1,1,יְהוָה֙,Яхве,Господь
ВЗ,leviticus,Левит,16,1,11,יְהוָ֖ה,Яхве,Господь
ВЗ,leviticus,Левит,16,2,1,יְהוָ֜ה,Яхве,Господь
ВЗ,leviticus,Левит,16,7,7,יְהוָ֔ה,Яхве,Господь
ВЗ,leviticus,Левит,16,8,8,לַיהוָ֔ה,"для, Яхве","для, Господь"
ВЗ,leviticus,Левит,16,9,5,עָלָ֥ה,оно пришёл вверх,было вверх
ВЗ,leviticus,Левит,16,9,8,לַיהוָ֑ה,"для, Яхве","для, Господь"
ВЗ,leviticus,Левит,16,10,2,עָלָ֨ה,оно пришёл вверх,было вверх
ВЗ,leviticus,Левит,16,10,9,יְהוָ֖ה,Яхве,Господь
ВЗ,leviticus,Левит,16,12,8,יְהוָ֔ה,Яхве,Господь
ВЗ,leviticus,Левит,16,13,6,יְהוָ֑ה,Яхве,Господь
ВЗ,leviticus,Левит,16,18,5,יְהוָ֖ה,Яхве,Господь
ВЗ,leviticus,Левит,16,30,10,יְהוָ֖ה,Яхве,Господь
ВЗ,leviticus,Левит,16,34,16,יְהוָ֖ה,Яхве,Господь
ВЗ,leviticus,Левит,17,1,1,יְהוָ֖ה,Яхве,Господь
ВЗ,leviticus,Левит,17,1,4,לֵּאמֹֽר\׃,"к, говоря",говоря
ВЗ,leviticus,Левит,17,2,15,יְהוָ֖ה,Яхве,Господь
ВЗ,leviticus,Левит,17,2,16,לֵאמֹֽר\׃,"к, говоря",говоря
ВЗ,leviticus,Левит,17,4,8,לַֽיהוָ֔ה,"к, Яхве","к, Господь"
ВЗ,leviticus,Левит,17,4,11,יְהוָ֑ה,Яхве,Господь
ВЗ,leviticus,Левит,17,5,14,לַֽיהוָ֗ה,"к, Яхве","к, Господь"
ВЗ,leviticus,Левит,17,5,24,לַֽיהוָ֖ה,"к, Яхве","к, Господь"
ВЗ,leviticus,Левит,17,6,6,יְהוָ֔ה,Яхве,Господь
ВЗ,leviticus,Левит,17,6,14,לַיהוָֽה\׃,"к, Яхве","к, Господь"
ВЗ,leviticus,Левит,17,9,8,לַיהוָ֑ה,"к, Яхве","к, Господь"
ВЗ,leviticus,Левит,18,1,1,יְהוָ֖ה,Яхве,Господь
ВЗ,leviticus,Левит,18,1,4,לֵּאמֹֽר\׃,"к, говоря",говоря
ВЗ,leviticus,Левит,18,2,7,יְהוָ֥ה,есмь Яхве,есмь Господь
ВЗ,leviticus,Левит,18,4,9,יְהוָ֥ה,есмь Яхве,есмь Господь
ВЗ,leviticus,Левит,18,5,12,יְהוָֽה\׃\ \ס,есмь Яхве,есмь Господь
ВЗ,leviticus,Левит,18,6,11,יְהוָֽה\׃\ \ס,есмь Яхве,есмь Господь
ВЗ,leviticus,Левит,18,21,11,יְהוָֽה\׃,есмь Яхве,есмь Господь
ВЗ,leviticus,Левит,18,30,2,מִשְׁמַרְתִּ֗י,"дутй, мой","долг, мой"
ВЗ,leviticus,Левит,18,30,14,יְהוָ֥ה,есмь Яхве,есмь Господь
ВЗ,leviticus,Левит,19,1,1,יְהוָ֖ה,Яхве,Господь
ВЗ,leviticus,Левит,19,1,4,לֵּאמֹֽר,"к, говоря",говоря
ВЗ,leviticus,Левит,19,2,13,יְהוָ֥ה,Яхве,Господь
ВЗ,leviticus,Левит,19,3,8,יְהוָ֥ה,есмь Яхве,есмь Господь
ВЗ,leviticus,Левит,19,4,10,יְהוָ֥ה,есмь Яхве,есмь Господь
ВЗ,leviticus,Левит,19,5,4,לַיהוָ֑ה,"к, Яхве","к, Господь"
ВЗ,leviticus,Левит,19,8,6,יְהוָ֖ה,Яхве,Господь
ВЗ,leviticus,Левит,19,10,12,יְהוָ֥ה,есмь Яхве,есмь Господь
ВЗ,leviticus,Левит,19,12,9,יְהוָֽה\׃,есмь Яхве,есмь Господь
ВЗ,leviticus,Левит,19,14,11,יְהוָֽה\׃,есмь Яхве,есмь Господь
ВЗ,leviticus,Левит,19,16,10,יְהוָֽה\׃,есмь Яхве,есмь Господь
ВЗ,leviticus,Левит,19,18,11,יְהוָֽה\׃,есмь Яхве,есмь Господь
ВЗ,leviticus,Левит,19,21,3,לַֽיהוָ֔ה,"к, Яхве","к, Господь"
ВЗ,leviticus,Левит,19,22,6,יְהוָ֔ה,Яхве,Господь
ВЗ,leviticus,Левит,19,22,12,ל֔וֹ,"к, его",к нему
ВЗ,leviticus,Левит,19,24,7,לַיהוָֽה\׃,"к, Яхве","к, Господь"
ВЗ,leviticus,Левит,19,25,9,יְהוָ֥ה,есмь Яхве,есмь Господь
ВЗ,leviticus,Левит,19,28,11,יְהוָֽה\׃,есмь Яхве,есмь Господь
ВЗ,leviticus,Левит,19,30,6,יְהוָֽה\׃,есмь Яхве,есмь Господь
ВЗ,leviticus,Левит,19,31,11,יְהוָ֥ה,есмь Яхве,есмь Господь
ВЗ,leviticus,Левит,19,32,9,יְהוָֽה\׃\ \פ,есмь Яхве,есмь Господь
ВЗ,leviticus,Левит,19,34,8,לוֹ֙,"к, его",к нему
ВЗ,leviticus,Левит,19,34,16,יְהוָ֥ה,есмь Яхве,есмь Господь
ВЗ,leviticus,Левит,19,36,11,יְהוָ֣ה,есмь Яхве,есмь Господь
ВЗ,leviticus,Левит,19,37,10,יְהוָֽה\׃\ \פ,есмь Яхве,есмь Господь
ВЗ,leviticus,Левит,20,1,1,יְהוָ֖ה,Яхве,Господь
ВЗ,leviticus,Левит,20,1,4,לֵּאמֹֽר\׃,"к, говоря",говоря
ВЗ,leviticus,Левит,20,7,5,יְהוָ֖ה,есмь Яхве,есмь Господь
ВЗ,leviticus,Левит,20,8,6,יְהוָ֖ה,есмь Яхве,есмь Господь
ВЗ,leviticus,Левит,20,24,16,יְהוָ֣ה,есмь Яхве,есмь Господь
ВЗ,leviticus,Левит,20,26,6,יְהוָ֑ה,Яхве,Господь
ВЗ,leviticus,Левит,21,1,1,יְהוָה֙,Яхве,Господь
ВЗ,leviticus,Левит,21,2,4,אֵלָ֑יו,"к, его",к нему
ВЗ,leviticus,Левит,21,3,3,אֵלָ֔יו,"к, его",к нему
ВЗ,leviticus,Левит,21,6,10,יְהוָ֜ה,Яхве,Господь
ВЗ,leviticus,Левит,21,8,13,יְהוָ֖ה,Яхве,Господь
ВЗ,leviticus,Левит,21,12,16,יְהוָֽה\׃,есмь Яхве,есмь Господь
ВЗ,leviticus,Левит,21,15,6,יְהוָ֖ה,есмь Яхве,есмь Господь
ВЗ,leviticus,Левит,21,16,1,יְהוָ֖ה,Яхве,Господь
ВЗ,leviticus,Левит,21,16,4,לֵּאמֹֽר\׃,"к, говоря",говоря
ВЗ,leviticus,Левит,21,17,3,לֵאמֹ֑ר,"к, говоря",говоря
ВЗ,leviticus,Левит,21,21,13,יְהוָ֑ה,Яхве,Господь
ВЗ,leviticus,Левит,21,23,18,יְהוָ֖ה,есмь Яхве,есмь Господь
ВЗ,leviticus,Левит,22,1,1,יְהוָ֖ה,Яхве,Господь
ВЗ,leviticus,Левит,22,1,4,לֵּאמֹֽר\׃,"к, говоря",говоря
ВЗ,leviticus,Левит,22,2,19,יְהוָֽה\׃,есмь Яхве,есмь Господь
ВЗ,leviticus,Левит,22,3,15,לַֽיהוָ֔ה,"к, Яхве","к, Господь"
ВЗ,leviticus,Левит,22,3,23,יְהוָֽה\׃,есмь Яхве,есмь Господь
ВЗ,leviticus,Левит,22,5,8,ל֑וֹ,"к, его",к нему
ВЗ,leviticus,Левит,22,5,13,ל֔וֹ,"к, его",к нему
ВЗ,leviticus,Левит,22,8,7,יְהוָֽה\׃,есмь Яхве,есмь Господь
ВЗ,leviticus,Левит,22,9,2,מִשְׁמַרְתִּ֗י,"дутй, мой","долг, мой"
ВЗ,leviticus,Левит,22,9,12,יְהוָ֖ה,есмь Яхве,есмь Господь
ВЗ,leviticus,Левит,22,15,9,לַיהוָֽה\׃,"к, Яхве","к, Господь"
ВЗ,leviticus,Левит,22,16,9,יְהוָ֖ה,есмь Яхве,есмь Господь
ВЗ,leviticus,Левит,22,17,1,יְהוָ֖ה,Яхве,Господь
ВЗ,leviticus,Левит,22,17,4,לֵּאמֹֽר\׃,"к, говоря",говоря
ВЗ,leviticus,Левит,22,18,27,לַיהוָ֖ה,"к, Яхве","к, Господь"
ВЗ,leviticus,Левит,22,21,5,לַיהוָ֔ה,"к, Яхве","к, Господь"
ВЗ,leviticus,Левит,22,22,14,לַיהוָ֑ה,"к, Яхве","к, Господь"
ВЗ,leviticus,Левит,22,22,21,לַיהוָֽה\׃,"к, Яхве","к, Господь"
ВЗ,leviticus,Левит,22,24,6,לַֽיהוָ֑ה,"к, Яхве","к, Господь"
ВЗ,leviticus,Левит,22,26,1,יְהוָ֖ה,Яхве,Господь
ВЗ,leviticus,Левит,22,26,4,לֵּאמֹֽר\׃,"к, говоря",говоря
ВЗ,leviticus,Левит,22,27,18,לַיהוָֽה\׃,"к, Яхве","к, Господь"
ВЗ,leviticus,Левит,22,29,4,לַיהוָ֑ה,"к, Яхве","к, Господь"
ВЗ,leviticus,Левит,22,30,9,יְהוָֽה\׃,есмь Яхве,есмь Господь
ВЗ,leviticus,Левит,22,31,5,יְהוָֽה\׃,есмь Яхве,есмь Господь
ВЗ,leviticus,Левит,22,32,10,יְהוָ֖ה,есмь Яхве,есмь Господь
ВЗ,leviticus,Левит,22,33,8,יְהוָֽה\׃\ \פ,есмь Яхве,есмь Господь
ВЗ,leviticus,Левит,23,1,1,יְהוָ֖ה,Яхве,Господь
ВЗ,leviticus,Левит,23,1,4,לֵּאמֹֽר\׃,"к, говоря",говоря
ВЗ,leviticus,Левит,23,2,7,יְהוָ֔ה,Яхве,Господь
ВЗ,leviticus,Левит,23,3,16,לַֽיהוָ֔ה,"к, Яхве","к, Господь"
ВЗ,leviticus,Левит,23,4,2,יְהוָ֔ה,Яхве,Господь
ВЗ,leviticus,Левит,23,5,8,לַיהוָֽה\׃,"к, Яхве","к, Господь"
ВЗ,leviticus,Левит,23,6,7,לַיהוָ֑ה,"к, Яхве","к, Господь"
ВЗ,leviticus,Левит,23,8,2,לַיהוָ֖ה,"к, Яхве","к, Господь"
ВЗ,leviticus,Левит,23,9,1,יְהוָ֖ה,Яхве,Господь
ВЗ,leviticus,Левит,23,9,4,לֵּאמֹֽר\׃,"к, говоря",говоря
ВЗ,leviticus,Левит,23,11,4,יְהוָ֖ה,Яхве,Господь
ВЗ,leviticus,Левит,23,12,10,לַיהוָֽה\׃,"к, Яхве","к, Господь"
ВЗ,leviticus,Левит,23,13,7,לַיהוָ֖ה,"к, Яхве","к, Господь"
ВЗ,leviticus,Левит,23,16,10,לַיהוָֽה\׃,"к, Яхве","к, Господь"
ВЗ,leviticus,Левит,23,17,12,לַֽיהוָֽה\׃,"к, Яхве","к, Господь"
ВЗ,leviticus,Левит,23,18,16,לַֽיהוָ֔ה,"к, Яхве","к, Господь"
ВЗ,leviticus,Левит,23,18,22,לַיהוָֽה\׃,"к, Яхве","к, Господь"
ВЗ,leviticus,Левит,23,20,8,יְהוָ֔ה,Яхве,Господь
ВЗ,leviticus,Левит,23,20,14,לַיהוָ֖ה,"к, Яхве","к, Господь"
ВЗ,leviticus,Левит,23,22,18,יְהוָ֥ה,есмь Яхве,есмь Господь
ВЗ,leviticus,Левит,23,23,1,יְהוָ֖ה,Яхве,Господь
ВЗ,leviticus,Левит,23,23,4,לֵּאמֹֽר\׃,"к, говоря",говоря
ВЗ,leviticus,Левит,23,24,4,לֵאמֹ֑ר,"к, говоря",говоря
ВЗ,leviticus,Левит,23,25,7,לַיהוָֽה\׃\ \ס,"к, Яхве","к, Господь"
ВЗ,leviticus,Левит,23,26,1,יְהוָ֖ה,Яхве,Господь
ВЗ,leviticus,Левит,23,26,4,לֵּאמֹֽר\׃,"к, говоря",говоря
ВЗ,leviticus,Левит,23,27,17,לַיהוָֽה\׃,"к, Яхве","к, Господь"
ВЗ,leviticus,Левит,23,28,14,יְהוָ֥ה,Яхве,Господь
ВЗ,leviticus,Левит,23,33,1,יְהוָ֖ה,Яхве,Господь
ВЗ,leviticus,Левит,23,33,4,לֵּאמֹֽר\׃,"к, говоря",говоря
ВЗ,leviticus,Левит,23,34,4,לֵאמֹ֑ר,"к, говоря",говоря
ВЗ,leviticus,Левит,23,34,15,לַיהֹוָֽה\׃,"к, Яхве","к, Господь"
ВЗ,leviticus,Левит,23,36,4,לַיהוָ֑ה,"к, Яхве","к, Господь"
ВЗ,leviticus,Левит,23,36,13,לַֽיהוָה֙,"к, Яхве","к, Господь"
ВЗ,leviticus,Левит,23,37,2,יְהוָ֔ה,Яхве,Господь
ВЗ,leviticus,Левит,23,37,10,לַיהוָ֗ה,"к, Яхве","к, Господь"
ВЗ,leviticus,Левит,23,38,2,יְּהוָ֑ה,Яхве,Господь
ВЗ,leviticus,Левит,23,38,13,לַיהוָֽה\׃,"к, Яхве","к, Господь"
ВЗ,leviticus,Левит,23,39,13,יְהוָ֖ה,Яхве,Господь
ВЗ,leviticus,Левит,23,40,16,יְהוָ֥ה,Яхве,Господь
ВЗ,leviticus,Левит,23,41,3,לַֽיהוָ֔ה,Яхве,Господь
ВЗ,leviticus,Левит,23,43,14,יְהוָ֥ה,есмь Яхве,есмь Господь
ВЗ,leviticus,Левит,23,44,4,יְהוָ֑ה,Яхве,Господь
ВЗ,leviticus,Левит,24,1,1,יְהוָ֖ה,Яхве,Господь
ВЗ,leviticus,Левит,24,1,4,לֵּאמֹֽר\׃,"к, говоря",говоря
ВЗ,leviticus,Левит,24,3,12,יְהוָ֖ה,Яхве,Господь
ВЗ,leviticus,Левит,24,4,7,יְהוָ֖ה,Яхве,Господь
ВЗ,leviticus,Левит,24,6,10,יְהוָֽה\׃,Яхве,Господь
ВЗ,leviticus,Левит,24,7,9,לַֽיהוָֽה\׃,"к, Яхве","к, Господь"
ВЗ,leviticus,Левит,24,8,6,יְהוָ֖ה,Яхве,Господь
ВЗ,leviticus,Левит,24,9,12,יְהוָ֖ה,Яхве,Господь
ВЗ,leviticus,Левит,24,12,6,יְהוָֽה\׃\ \פ,Яхве,Господь
ВЗ,leviticus,Левит,24,13,1,יְהוָ֖ה,Яхве,Господь
ВЗ,leviticus,Левит,24,13,4,לֵּאמֹֽר\׃,"к, говоря",говоря
ВЗ,leviticus,Левит,24,15,4,לֵאמֹ֑ר,"к, говоря",говоря
ВЗ,leviticus,Левит,24,16,2,יְהוָה֙,Яхве,Господь
ВЗ,leviticus,Левит,24,19,9,לּֽוֹ\׃,"к, его",к нему
ВЗ,leviticus,Левит,24,22,9,יְהוָ֖ה,есмь Яхве,есмь Господь
ВЗ,leviticus,Левит,24,23,19,יְהוָ֖ה,Яхве,Господь
ВЗ,leviticus,Левит,25,1,1,יְהוָה֙,Яхве,Господь
ВЗ,leviticus,Левит,25,1,6,לֵאמֹֽר\׃,"к, говоря",говоря
ВЗ,leviticus,Левит,25,2,17,לַיהוָֽה\׃,"к, Яхве","к, Господь"
ВЗ,leviticus,Левит,25,4,7,לַיהוָ֑ה,"к, Яхве","к, Господь"
ВЗ,leviticus,Левит,25,17,9,יְהֹוָ֖ה,есмь Яхве,есмь Господь
ВЗ,leviticus,Левит,25,25,8,אֵלָ֔יו,"к, его",к нему
ВЗ,leviticus,Левит,25,26,4,לּ֖וֹ,"к, его",к нему
ВЗ,leviticus,Левит,25,27,10,ל֑וֹ,"к, его",к нему
ВЗ,leviticus,Левит,25,28,6,לוֹ֒,"к, его",к нему
ВЗ,leviticus,Левит,25,37,4,ל֖וֹ,"к, его",к нему
ВЗ,leviticus,Левит,25,38,1,יְהוָה֙,есмь Яхве,есмь Господь
ВЗ,leviticus,Левит,25,48,4,לּ֑וֹ,"к, его",к нему
ВЗ,leviticus,Левит,25,50,5,ל֔וֹ,"к, его",к нему
ВЗ,leviticus,Левит,25,55,13,יְהוָ֥ה,есмь Яхве,есмь Господь
ВЗ,leviticus,Левит,26,1,18,יְהוָ֖ה,есмь Яхве,есмь Господь
ВЗ,leviticus,Левит,26,2,6,יְהוָֽה\׃\ \ס,есмь Яхве,есмь Господь
ВЗ,leviticus,Левит,26,13,1,יְהוָ֣ה,есмь Яхве,есмь Господь
ВЗ,leviticus,Левит,26,44,16,יְהוָ֖ה,есмь Яхве,есмь Господь
ВЗ,leviticus,Левит,26,45,15,יְהוָֽה\׃,есмь Яхве,есмь Господь
ВЗ,leviticus,Левит,26,46,6,יְהוָ֔ה,Яхве,Господь
ВЗ,leviticus,Левит,27,1,1,יְהוָ֖ה,Яхве,Господь
ВЗ,leviticus,Левит,27,1,4,לֵּאמֹֽר\׃,"к, говоря",говоря
ВЗ,leviticus,Левит,27,2,12,לַֽיהוָֽה\׃,"к, Яхве","к, Господь"
ВЗ,leviticus,Левит,27,9,6,לַֽיהוָ֑ה,"к, Яхве","к, Господь"
ВЗ,leviticus,Левит,27,9,11,לַיהוָ֖ה,"к, Яхве","к, Господь"
ВЗ,leviticus,Левит,27,11,9,לַֽיהוָ֑ה,"к, Яхве","к, Господь"
ВЗ,leviticus,Левит,27,14,6,לַֽיהוָ֔ה,"к, Яхве","к, Господь"
ВЗ,leviticus,Левит,27,15,11,לֽוֹ\׃,"к, его",к нему
ВЗ,leviticus,Левит,27,16,5,לַֽיהוָ֔ה,"к, Яхве","к, Господь"
ВЗ,leviticus,Левит,27,19,13,לֽוֹ\׃,"к, его",к нему
ВЗ,leviticus,Левит,27,21,5,לַֽיהוָ֖ה,"к, Яхве","к, Господь"
ВЗ,leviticus,Левит,27,22,9,לַֽיהוָֽה\׃,"к, Яхве","к, Господь"
ВЗ,leviticus,Левит,27,23,15,לַיהוָֽה\׃,"к, Яхве","к, Господь"
ВЗ,leviticus,Левит,27,24,8,ל֖וֹ,"принадлежит к, его",принадлежит к нему
ВЗ,leviticus,Левит,27,26,4,לַֽיהוָה֙,"принадлежит к, Яхве","принадлежит к, Господь"
ВЗ,leviticus,Левит,27,26,14,לַֽיהוָ֖ה,"принадлежит к, Яхве","принадлежит к, Господь"
ВЗ,leviticus,Левит,27,28,6,לַֽיהוָ֜ה,"к, Яхве","к, Господь"
ВЗ,leviticus,Левит,27,28,9,ל֗וֹ,"принадлежит к, его",принадлежит к нему
ВЗ,leviticus,Левит,27,28,23,לַיהוָֽה\׃,"к, Яхве","к, Господь"
ВЗ,leviticus,Левит,27,30,7,לַיהוָ֖ה,"принадлежит к, Яхве","принадлежит к, Господь"
ВЗ,leviticus,Левит,27,30,10,לַֽיהוָֽה\׃,"к, Яхве","к, Господь"
ВЗ,leviticus,Левит,27,32,12,לַֽיהוָֽה\׃,"к, Яхве","к, Господь"
ВЗ,leviticus,Левит,27,34,4,יְהוָ֛ה,Яхве,Господь
ВЗ,numbers,Числа,1,1,1,יְהוָ֧ה,Яхве,Господь
ВЗ,numbers,Числа,1,1,16,לֵאמֹֽר\׃,"к, говоря",говоря
ВЗ,numbers,Числа,1,19,2,יְהוָ֖ה,Яхве,Господь
ВЗ,numbers,Числа,1,48,1,יְהוָ֖ה,Яхве,Господь
ВЗ,numbers,Числа,1,48,4,לֵּאמֹֽר\׃,"к, говоря",говоря
ВЗ,numbers,Числа,1,53,15,מִשְׁמֶ֖רֶת,дутй,долг
ВЗ,numbers,Числа,1,54,6,יְהוָ֛ה,Яхве,Господь
ВЗ,numbers,Числа,2,1,1,יְהוָ֔ה,Яхве,Господь
ВЗ,numbers,Числа,2,1,6,לֵאמֹֽר\׃,"к, говоря",говоря
ВЗ,numbers,Числа,2,33,8,יְהוָ֖ה,Яхве,Господь
ВЗ,numbers,Числа,2,34,6,יְהוָ֜ה,Яхве,Господь
ВЗ,numbers,Числа,3,1,6,יְהוָ֛ה,Яхве,Господь
ВЗ,numbers,Числа,3,4,4,יְהוָ֡ה,Яхве,Господь
ВЗ,numbers,Числа,3,4,9,יְהוָה֙,Яхве,Господь
ВЗ,numbers,Числа,3,5,1,יְהוָ֖ה,Яхве,Господь
ВЗ,numbers,Числа,3,5,4,לֵּאמֹֽר\׃,"к, говоря",говоря
ВЗ,numbers,Числа,3,7,2,מִשְׁמַרְתּ֗וֹ,"дутй, его","долг, его"
ВЗ,numbers,Числа,3,7,4,מִשְׁמֶ֙רֶת֙,дутй,долг
ВЗ,numbers,Числа,3,8,7,מִשְׁמֶ֖רֶת,дутй,долг
ВЗ,numbers,Числа,3,9,8,ל֔וֹ,"к, его",к нему
ВЗ,numbers,Числа,3,11,1,יְהוָ֖ה,Яхве,Господь
ВЗ,numbers,Числа,3,11,4,לֵּאמֹֽר\׃,"к, говоря",говоря
ВЗ,numbers,Числа,3,13,21,יְהוָֽה\׃\ \ס,есмь Яхве,есмь Господь
ВЗ,numbers,Числа,3,14,1,יְהוָה֙,Яхве,Господь
ВЗ,numbers,Числа,3,14,6,לֵאמֹֽר\׃,"к, говоря",говоря
ВЗ,numbers,Числа,3,16,5,יְהוָ֑ה,Яхве,Господь
ВЗ,numbers,Числа,3,25,0,וּמִשְׁמֶ֤רֶת,"и, дутй","и, долг"
ВЗ,numbers,Числа,3,28,11,מִשְׁמֶ֥רֶת,дутй,долг
ВЗ,numbers,Числа,3,31,0,וּמִשְׁמַרְתָּ֗ם,"и, дутй, их","и, долг, их"
ВЗ,numbers,Числа,3,32,9,מִשְׁמֶ֥רֶת,дутй,долг
ВЗ,numbers,Числа,3,36,1,מִשְׁמֶרֶת֮,дутй,долг
ВЗ,numbers,Числа,3,38,12,מִשְׁמֶ֣רֶת,дутй,долг
ВЗ,numbers,Числа,3,38,14,לְמִשְׁמֶ֖רֶת,"к, дутй","к, долг"
ВЗ,numbers,Числа,3,39,9,יְהוָ֖ה,Яхве,Господь
ВЗ,numbers,Числа,3,40,1,יְהוָ֜ה,Яхве,Господь
ВЗ,numbers,Числа,3,41,5,יְהוָ֔ה,есмь Яхве,есмь Господь
ВЗ,numbers,Числа,3,42,4,יְהוָ֖ה,Яхве,Господь
ВЗ,numbers,Числа,3,43,0,וַיְהִי֩,"и, оно был",и было
ВЗ,numbers,Числа,3,44,1,יְהוָ֖ה,Яхве,Господь
ВЗ,numbers,Числа,3,44,4,לֵּאמֹֽר\׃,"к, говоря",говоря
ВЗ,numbers,Числа,3,45,17,יְהוָֽה\׃,есмь Яхве,есмь Господь
ВЗ,numbers,Числа,3,51,9,יְהוָ֑ה,Яхве,Господь
ВЗ,numbers,Числа,3,51,12,יְהוָ֖ה,Яхве,Господь
ВЗ,numbers,Числа,4,1,1,יְהוָ֔ה,Яхве,Господь
ВЗ,numbers,Числа,4,1,6,לֵאמֹֽר\׃,"к, говоря",говоря
ВЗ,numbers,Числа,4,17,1,יְהוָ֔ה,Яхве,Господь
ВЗ,numbers,Числа,4,17,6,לֵאמֹֽר\׃,"к, говоря",говоря
ВЗ,numbers,Числа,4,21,1,יְהוָ֖ה,Яхве,Господь
ВЗ,numbers,Числа,4,21,4,לֵּאמֹֽר\׃,"к, говоря",говоря
ВЗ,numbers,Числа,4,27,15,בְּמִשְׁמֶ֔רֶת,"в, дутй","в, долг"
ВЗ,numbers,Числа,4,28,7,וּמִ֨שְׁמַרְתָּ֔ם,"и, дутй, их","и, долг, их"
ВЗ,numbers,Числа,4,31,1,מִשְׁמֶ֣רֶת,есть дутй,есть долг
ВЗ,numbers,Числа,4,32,14,מִשְׁמֶ֥רֶת,дутй,долг
ВЗ,numbers,Числа,4,37,14,יְהוָ֖ה,Яхве,Господь
ВЗ,numbers,Числа,4,41,15,יְהוָֽה\׃,Яхве,Господь
ВЗ,numbers,Числа,4,45,11,יְהוָ֖ה,Яхве,Господь
ВЗ,numbers,Числа,4,49,2,יְהוָ֜ה,Яхве,Господь
ВЗ,numbers,Числа,4,49,16,יְהוָ֖ה,Яхве,Господь
ВЗ,numbers,Числа,5,1,1,יְהוָ֖ה,Яхве,Господь
ВЗ,numbers,Числа,5,1,4,לֵּאמֹֽר\׃,"к, говоря",говоря
ВЗ,numbers,Числа,5,4,11,יְהוָה֙,Яхве,Господь
ВЗ,numbers,Числа,5,5,1,יְהוָ֖ה,Яхве,Господь
ВЗ,numbers,Числа,5,5,4,לֵּאמֹֽר\׃,"к, говоря",говоря
ВЗ,numbers,Числа,5,6,14,בַּיהוָ֑ה,"против, Яхве","против, Господь"
ВЗ,numbers,Числа,5,7,15,לֽוֹ\׃,"к, его",к нему
ВЗ,numbers,Числа,5,8,6,אֵלָ֔יו,"к, его",к нему
ВЗ,numbers,Числа,5,8,9,לַיהוָ֖ה,"принадлежит к, Яхве","принадлежит к, Господь"
ВЗ,numbers,Числа,5,9,9,ל֥וֹ,"к, его",к нему
ВЗ,numbers,Числа,5,10,3,ל֣וֹ,"к, его",к нему
ВЗ,numbers,Числа,5,10,9,ל֥וֹ,"к, его",к нему
ВЗ,numbers,Числа,5,11,1,יְהוָ֖ה,Яхве,Господь
ВЗ,numbers,Числа,5,11,4,לֵּאמֹֽר\׃,"к, говоря",говоря
ВЗ,numbers,Числа,5,16,5,יְהוָֽה\׃,Яхве,Господь
ВЗ,numbers,Числа,5,18,5,יְהוָה֒,Яхве,Господь
ВЗ,numbers,Числа,5,21,10,יְהוָ֥ה,Яхве,Господь
ВЗ,numbers,Числа,5,21,17,יְהוָ֤ה,Яхве,Господь
ВЗ,numbers,Числа,5,25,11,יְהוָ֔ה,Яхве,Господь
ВЗ,numbers,Числа,5,30,14,יְהוָ֔ה,Яхве,Господь
ВЗ,numbers,Числа,6,1,1,יְהוָ֖ה,Яхве,Господь
ВЗ,numbers,Числа,6,1,4,לֵּאמֹֽר\׃,"к, говоря",говоря
ВЗ,numbers,Числа,6,2,15,לַֽיהוָֽה\׃,"к, Яхве","к, Господь"
ВЗ,numbers,Числа,6,5,14,לַיהוָה֙,"к, Яхве","к, Господь"
ВЗ,numbers,Числа,6,6,3,לַיהוָ֑ה,"к, Яхве","к, Господь"
ВЗ,numbers,Числа,6,8,5,לַֽיהוָֽה\׃,"к, Яхве","к, Господь"
ВЗ,numbers,Числа,6,12,1,לַֽיהוָה֙,"к, Яхве","к, Господь"
ВЗ,numbers,Числа,6,14,3,לַיהוָ֡ה,"к, Яхве","к, Господь"
ВЗ,numbers,Числа,6,16,3,יְהוָ֑ה,Яхве,Господь
ВЗ,numbers,Числа,6,17,5,לַֽיהוָ֔ה,"к, Яхве","к, Господь"
ВЗ,numbers,Числа,6,20,5,יְהוָה֒,Яхве,Господь
ВЗ,numbers,Числа,6,21,6,לַֽיהוָה֙,"к, Яхве","к, Господь"
ВЗ,numbers,Числа,6,22,1,יְהוָ֖ה,Яхве,Господь
ВЗ,numbers,Числа,6,22,4,לֵּאמֹֽר\׃,"к, говоря",говоря
ВЗ,numbers,Числа,6,23,5,לֵאמֹ֔ר,"к, говоря",говоря
ВЗ,numbers,Числа,6,24,1,יְהוָ֖ה,Яхве,Господь
ВЗ,numbers,Числа,6,25,1,יְהוָ֧ה\׀,Яхве,Господь
ВЗ,numbers,Числа,6,26,1,יְהוָ֤ה\׀,Яхве,Господь
ВЗ,numbers,Числа,7,1,0,וַיְהִ֡י,"и, оно был",и было
ВЗ,numbers,Числа,7,3,4,יְהוָ֗ה,Яхве,Господь
ВЗ,numbers,Числа,7,4,1,יְהוָ֖ה,Яхве,Господь
ВЗ,numbers,Числа,7,4,4,לֵּאמֹֽר\׃,"к, говоря",говоря
ВЗ,numbers,Числа,7,11,1,יְהוָ֖ה,Яхве,Господь
ВЗ,numbers,Числа,7,12,0,וַיְהִ֗י,"и, оно был",и было
ВЗ,numbers,Числа,7,89,11,אֵלָ֗יו,"к, его",к нему
ВЗ,numbers,Числа,7,89,22,אֵלָֽיו\׃\ \פ,"к, его",к нему
ВЗ,numbers,Числа,8,1,1,יְהוָ֖ה,Яхве,Господь
ВЗ,numbers,Числа,8,1,4,לֵּאמֹֽר\׃,"к, говоря",говоря
ВЗ,numbers,Числа,8,2,4,אֵלָ֑יו,"к, его",к нему
ВЗ,numbers,Числа,8,3,11,יְהוָ֖ה,Яхве,Господь
ВЗ,numbers,Числа,8,4,14,יְהוָה֙,Яхве,Господь
ВЗ,numbers,Числа,8,5,1,יְהוָ֖ה,Яхве,Господь
ВЗ,numbers,Числа,8,5,4,לֵּאמֹֽר\׃,"к, говоря",говоря
ВЗ,numbers,Числа,8,10,4,יְהוָ֑ה,Яхве,Господь
ВЗ,numbers,Числа,8,11,6,יְהוָ֔ה,Яхве,Господь
ВЗ,numbers,Числа,8,11,14,יְהוָֽה\׃,Яхве,Господь
ВЗ,numbers,Числа,8,12,14,לַֽיהוָ֔ה,"к, Яхве","к, Господь"
ВЗ,numbers,Числа,8,13,10,לַֽיהוָֽה\׃,"к, Яхве","к, Господь"
ВЗ,numbers,Числа,8,20,11,יְהוָ֤ה,Яхве,Господь
ВЗ,numbers,Числа,8,21,9,יְהוָ֑ה,Яхве,Господь
ВЗ,numbers,Числа,8,22,15,יְהוָ֤ה,Яхве,Господь
ВЗ,numbers,Числа,8,23,1,יְהוָ֖ה,Яхве,Господь
ВЗ,numbers,Числа,8,23,4,לֵּאמֹֽר\׃,"к, говоря",говоря
ВЗ,numbers,Числа,8,26,6,מִשְׁמֶ֔רֶת,дутй,долг
ВЗ,numbers,Числа,9,1,1,יְהוָ֣ה,Яхве,Господь
ВЗ,numbers,Числа,9,1,13,לֵאמֹֽר\׃,"к, говоря",говоря
ВЗ,numbers,Числа,9,5,15,יְהוָה֙,Яхве,Господь
ВЗ,numbers,Числа,9,6,0,וַיְהִ֣י,"и, оно был",и было
ВЗ,numbers,Числа,9,7,3,אֵלָ֔יו,"к, его",к нему
ВЗ,numbers,Числа,9,7,14,יְהוָה֙,Яхве,Господь
ВЗ,numbers,Числа,9,8,7,יְהוָ֖ה,Яхве,Господь
ВЗ,numbers,Числа,9,9,1,יְהוָ֖ה,Яхве,Господь
ВЗ,numbers,Числа,9,9,4,לֵּאמֹֽר\׃,"к, говоря",говоря
ВЗ,numbers,Числа,9,10,4,לֵאמֹ֑ר,"к, говоря",говоря
ВЗ,numbers,Числа,9,10,19,לַיהוָֽה\׃,"к, Яхве","к, Господь"
ВЗ,numbers,Числа,9,13,16,יְהוָ֗ה,Яхве,Господь
ВЗ,numbers,Числа,9,14,6,לַֽיהוָ֔ה,"к, Яхве","к, Господь"
ВЗ,numbers,Числа,9,18,2,יְהוָ֗ה,Яхве,Господь
ВЗ,numbers,Числа,9,18,8,יְהוָ֖ה,Яхве,Господь
ВЗ,numbers,Числа,9,19,10,מִשְׁמֶ֥רֶת,дутй,долг
ВЗ,numbers,Числа,9,19,11,יְהוָ֖ה,Яхве,Господь
ВЗ,numbers,Числа,9,20,10,יְהוָה֙,Яхве,Господь
ВЗ,numbers,Числа,9,20,14,יְהוָ֖ה,Яхве,Господь
ВЗ,numbers,Числа,9,21,7,וְנַעֲלָ֧ה,"и, оно был взятый вверх",и было взятый вверх
ВЗ,numbers,Числа,9,21,14,וְנַעֲלָ֥ה,"и, оно был взятый вверх",и было взятый вверх
ВЗ,numbers,Числа,9,23,2,יְהוָה֙,Яхве,Господь
ВЗ,numbers,Числа,9,23,6,יְהוָ֖ה,Яхве,Господь
ВЗ,numbers,Числа,9,23,9,מִשְׁמֶ֤רֶת,дутй,долг
ВЗ,numbers,Числа,9,23,10,יְהוָה֙,Яхве,Господь
ВЗ,numbers,Числа,9,23,14,יְהוָ֖ה,Яхве,Господь
ВЗ,numbers,Числа,10,1,1,יְהוָ֖ה,Яхве,Господь
ВЗ,numbers,Числа,10,1,4,לֵּאמֹֽר\׃,"к, говоря",говоря
ВЗ,numbers,Числа,10,9,12,יְהוָ֣ה,Яхве,Господь
ВЗ,numbers,Числа,10,10,18,יְהוָ֥ה,есмь Яхве,есмь Господь
ВЗ,numbers,Числа,10,11,0,וַיְהִ֞י,"и, оно был",и было
ВЗ,numbers,Числа,10,13,4,יְהוָ֖ה,Яхве,Господь
ВЗ,numbers,Числа,10,17,0,וְהוּרַ֖ד,"и, оно был взятый вниз",и было взятый вниз
ВЗ,numbers,Числа,10,29,14,יְהוָ֔ה,Яхве,Господь
ВЗ,numbers,Числа,10,29,23,יְהוָ֥ה,Яхве,Господь
ВЗ,numbers,Числа,10,30,1,אֵלָ֖יו,"к, его",к нему
ВЗ,numbers,Числа,10,32,9,יְהוָ֛ה,Яхве,Господь
ВЗ,numbers,Числа,10,33,2,יְהוָ֔ה,Яхве,Господь
ВЗ,numbers,Числа,10,33,8,יְהוָ֜ה,Яхве,Господь
ВЗ,numbers,Числа,10,34,1,יְהוָ֛ה,Яхве,Господь
ВЗ,numbers,Числа,10,35,0,וַיְהִ֛י,"и, оно был",и было
ВЗ,numbers,Числа,10,35,6,יְהוָ֗ה,О Яхве,О Господь
ВЗ,numbers,Числа,10,36,3,יְהוָ֔ה,О Яхве,О Господь
ВЗ,numbers,Числа,11,1,0,וַיְהִ֤י,"и, оно был",и было
ВЗ,numbers,Числа,11,1,5,יְהוָ֑ה,Яхве,Господь
ВЗ,numbers,Числа,11,1,7,יְהוָה֙,Яхве,Господь
ВЗ,numbers,Числа,11,1,13,יְהוָ֔ה,Яхве,Господь
ВЗ,numbers,Числа,11,2,7,יְהוָ֔ה,Яхве,Господь
ВЗ,numbers,Числа,11,3,9,יְהוָֽה\׃,Яхве,Господь
ВЗ,numbers,Числа,11,8,13,וְהָיָ֣ה,"и, оно был",и было
ВЗ,numbers,Числа,11,9,5,יֵרֵ֥ד,оно пришёл вниз,было вниз
ВЗ,numbers,Числа,11,10,11,יְהוָה֙,Яхве,Господь
ВЗ,numbers,Числа,11,11,3,יְהוָ֗ה,Яхве,Господь
ВЗ,numbers,Числа,11,13,10,לֵאמֹ֔ר,"к, говоря",говоря
ВЗ,numbers,Числа,11,16,1,יְהוָ֜ה,Яхве,Господь
ВЗ,numbers,Числа,11,18,10,יְהוָ֜ה,Яхве,Господь
ВЗ,numbers,Числа,11,18,11,לֵאמֹ֗ר,"к, говоря",говоря
ВЗ,numbers,Числа,11,18,20,יְהוָ֥ה,Яхве,Господь
ВЗ,numbers,Числа,11,20,14,יְהוָה֙,Яхве,Господь
ВЗ,numbers,Числа,11,20,19,לֵאמֹ֔ר,"к, говоря",говоря
ВЗ,numbers,Числа,11,23,1,יְהוָה֙,Яхве,Господь
ВЗ,numbers,Числа,11,23,5,יְהוָ֖ה,Яхве,Господь
ВЗ,numbers,Числа,11,24,7,יְהוָ֑ה,Яхве,Господь
ВЗ,numbers,Числа,11,25,1,יְהוָ֥ה\׀,Яхве,Господь
ВЗ,numbers,Числа,11,25,4,אֵלָיו֒,"к, его",к нему
ВЗ,numbers,Числа,11,25,15,וַיְהִ֗י,"и, оно был",и было
ВЗ,numbers,Числа,11,29,1,לוֹ֙,"к, его",к нему
ВЗ,numbers,Числа,11,29,10,יְהוָה֙,Яхве,Господь
ВЗ,numbers,Числа,11,29,14,יְהוָ֛ה,Яхве,Господь
ВЗ,numbers,Числа,11,31,3,יְהוָ֗ה,Яхве,Господь
ВЗ,numbers,Числа,11,33,7,יְהוָה֙,Яхве,Господь
ВЗ,numbers,Числа,11,33,11,יְהוָה֙,Яхве,Господь
ВЗ,numbers,Числа,12,2,5,יְהוָ֔ה,Яхве,Господь
ВЗ,numbers,Числа,12,2,11,יְהוָֽה\׃,Яхве,Господь
ВЗ,numbers,Числа,12,4,1,יְהוָ֜ה,Яхве,Господь
ВЗ,numbers,Числа,12,5,1,יְהוָה֙,Яхве,Господь
ВЗ,numbers,Числа,12,6,7,יְהוָ֗ה,Яхве,Господь
ВЗ,numbers,Числа,12,6,9,אֵלָ֣יו,"к, его",к нему
ВЗ,numbers,Числа,12,8,9,יְהוָ֖ה,Яхве,Господь
ВЗ,numbers,Числа,12,9,2,יְהוָ֛ה,Яхве,Господь
ВЗ,numbers,Числа,12,12,8,וַיֵּאָכֵ֖ל,"и, оно был съеденный",и было съеденный
ВЗ,numbers,Числа,12,13,3,יְהוָ֖ה,Яхве,Господь
ВЗ,numbers,Числа,12,13,4,לֵאמֹ֑ר,"к, говоря",говоря
ВЗ,numbers,Числа,12,14,1,יְהוָ֜ה,Яхве,Господь
ВЗ,numbers,Числа,13,1,1,יְהוָ֖ה,Яхве,Господь
ВЗ,numbers,Числа,13,1,4,לֵּאמֹֽר\׃,"к, говоря",говоря
ВЗ,numbers,Числа,13,3,7,יְהוָ֑ה,Яхве,Господь
ВЗ,numbers,Числа,13,27,1,לוֹ֙,"к, его",к нему
ВЗ,numbers,Числа,13,32,9,לֵאמֹ֑ר,"к, говоря",говоря
ВЗ,numbers,Числа,14,3,1,יְ֠הוָה,есть Яхве,есть Господь
ВЗ,numbers,Числа,14,7,6,לֵאמֹ֑ר,"к, говоря",говоря
ВЗ,numbers,Числа,14,8,3,יְהוָ֔ה,Яхве,Господь
ВЗ,numbers,Числа,14,9,1,בַּֽיהוָה֮,"против, Яхве","против, Господь"
ВЗ,numbers,Числа,14,9,16,וַֽיהוָ֥ה,"и, Яхве","и, Господь"
ВЗ,numbers,Числа,14,10,7,יְהוָ֗ה,Яхве,Господь
ВЗ,numbers,Числа,14,11,1,יְהוָה֙,Яхве,Господь
ВЗ,numbers,Числа,14,13,3,יְהוָ֑ה,Яхве,Господь
ВЗ,numbers,Числа,14,14,8,יְהוָ֔ה,О Яхве,О Господь
ВЗ,numbers,Числа,14,14,17,יְהוָ֗ה,О Яхве,О Господь
ВЗ,numbers,Числа,14,15,12,לֵאמֹֽר\׃,"к, говоря",говоря
ВЗ,numbers,Числа,14,16,2,יְהוָ֗ה,Яхве,Господь
ВЗ,numbers,Числа,14,17,7,לֵאמֹֽר\׃,"к, говоря",говоря
ВЗ,numbers,Числа,14,18,0,יְהוָ֗ה,Яхве,Господь
ВЗ,numbers,Числа,14,20,1,יְהוָ֔ה,Яхве,Господь
ВЗ,numbers,Числа,14,21,5,יְהוָ֖ה,Яхве,Господь
ВЗ,numbers,Числа,14,26,1,יְהוָ֔ה,Яхве,Господь
ВЗ,numbers,Числа,14,26,6,לֵאמֹֽר\׃,"к, говоря",говоря
ВЗ,numbers,Числа,14,28,5,יְהוָ֔ה,Яхве,Господь
ВЗ,numbers,Числа,14,35,1,יְהוָה֮,Яхве,Господь
ВЗ,numbers,Числа,14,37,8,יְהוָֽה\׃,Яхве,Господь
ВЗ,numbers,Числа,14,40,6,לֵאמֹ֑ר,"к, говоря",говоря
ВЗ,numbers,Числа,14,40,13,יְהוָ֖ה,Яхве,Господь
ВЗ,numbers,Числа,14,41,8,יְהוָ֑ה,Яхве,Господь
ВЗ,numbers,Числа,14,42,4,יְהוָ֖ה,Яхве,Господь
ВЗ,numbers,Числа,14,43,12,יְהוָ֔ה,Яхве,Господь
ВЗ,numbers,Числа,14,43,15,יְהוָ֖ה,Яхве,Господь
ВЗ,numbers,Числа,14,44,7,יְהוָה֙,Яхве,Господь
ВЗ,numbers,Числа,15,1,1,יְהוָ֖ה,Яхве,Господь
ВЗ,numbers,Числа,15,1,4,לֵּאמֹֽר\׃,"к, говоря",говоря
ВЗ,numbers,Числа,15,3,2,לַֽיהוָה֙,"к, Яхве","к, Господь"
ВЗ,numbers,Числа,15,3,15,לַֽיהוָ֔ה,"к, Яхве","к, Господь"
ВЗ,numbers,Числа,15,4,3,לַֽיהוָ֑ה,"к, Яхве","к, Господь"
ВЗ,numbers,Числа,15,7,7,לַיהוָֽה\׃,"к, Яхве","к, Господь"
ВЗ,numbers,Числа,15,8,11,לַֽיהוָֽה\׃,"к, Яхве","к, Господь"
ВЗ,numbers,Числа,15,10,8,לַיהוָֽה\׃,"к, Яхве","к, Господь"
ВЗ,numbers,Числа,15,13,10,לַֽיהוָֽה\׃,"к, Яхве","к, Господь"
ВЗ,numbers,Числа,15,14,12,לַיהוָ֑ה,"к, Яхве","к, Господь"
ВЗ,numbers,Числа,15,15,13,יְהוָֽה\׃,Яхве,Господь
ВЗ,numbers,Числа,15,17,1,יְהוָ֖ה,Яхве,Господь
ВЗ,numbers,Числа,15,17,4,לֵּאמֹֽר\׃,"к, говоря",говоря
ВЗ,numbers,Числа,15,19,6,לַיהוָֽה\׃,"к, Яхве","к, Господь"
ВЗ,numbers,Числа,15,21,3,לַיהוָ֖ה,"к, Яхве","к, Господь"
ВЗ,numbers,Числа,15,22,10,יְהוָ֖ה,Яхве,Господь
ВЗ,numbers,Числа,15,23,4,יְהוָ֛ה,Яхве,Господь
ВЗ,numbers,Числа,15,23,12,יְהוָ֛ה,Яхве,Господь
ВЗ,numbers,Числа,15,24,16,לַֽיהוָ֔ה,"к, Яхве","к, Господь"
ВЗ,numbers,Числа,15,25,17,לַֽיהוָ֗ה,"к, Яхве","к, Господь"
ВЗ,numbers,Числа,15,25,20,יְהוָ֖ה,Яхве,Господь
ВЗ,numbers,Числа,15,28,8,יְהוָ֑ה,Яхве,Господь
ВЗ,numbers,Числа,15,28,12,לֽוֹ\׃,"к, его",к нему
ВЗ,numbers,Числа,15,30,10,יְהוָ֖ה,Яхве,Господь
ВЗ,numbers,Числа,15,31,2,יְהוָה֙,Яхве,Господь
ВЗ,numbers,Числа,15,34,8,לֽוֹ\׃\ \ס,"к, его",к нему
ВЗ,numbers,Числа,15,35,1,יְהוָה֙,Яхве,Господь
ВЗ,numbers,Числа,15,36,13,יְהוָ֖ה,Яхве,Господь
ВЗ,numbers,Числа,15,37,1,יְהוָ֖ה,Яхве,Господь
ВЗ,numbers,Числа,15,37,4,לֵּאמֹֽר\׃,"к, говоря",говоря
ВЗ,numbers,Числа,15,39,9,יְהוָ֔ה,Яхве,Господь
ВЗ,numbers,Числа,15,41,1,יְהוָ֣ה,есмь Яхве,есмь Господь
ВЗ,numbers,Числа,15,41,12,יְהוָ֥ה,есмь Яхве,есмь Господь
ВЗ,numbers,Числа,16,3,15,יְהוָ֑ה,Яхве,Господь
ВЗ,numbers,Числа,16,3,20,יְהוָֽה\׃,Яхве,Господь
ВЗ,numbers,Числа,16,5,6,לֵאמֹר֒,"к, говоря",говоря
ВЗ,numbers,Числа,16,5,9,יְהוָ֧ה,Яхве,Господь
ВЗ,numbers,Числа,16,5,12,ל֛וֹ,"принадлежит к, его",принадлежит к нему
ВЗ,numbers,Числа,16,7,7,יְהוָה֙,Яхве,Господь
ВЗ,numbers,Числа,16,7,13,יְהוָ֖ה,Яхве,Господь
ВЗ,numbers,Числа,16,9,16,יְהוָ֔ה,Яхве,Господь
ВЗ,numbers,Числа,16,11,6,יְהוָ֑ה,Яхве,Господь
ВЗ,numbers,Числа,16,15,5,יְהוָ֔ה,Яхве,Господь
ВЗ,numbers,Числа,16,16,9,יְהוָ֑ה,Яхве,Господь
ВЗ,numbers,Числа,16,17,8,יְהוָה֙,Яхве,Господь
ВЗ,numbers,Числа,16,19,12,יְהוָ֖ה,Яхве,Господь
ВЗ,numbers,Числа,16,20,1,יְהוָ֔ה,Яхве,Господь
ВЗ,numbers,Числа,16,20,6,לֵאמֹֽר\׃,"к, говоря",говоря
ВЗ,numbers,Числа,16,23,1,יְהוָ֖ה,Яхве,Господь
ВЗ,numbers,Числа,16,23,4,לֵּאמֹֽר\׃,"к, говоря",говоря
ВЗ,numbers,Числа,16,24,3,לֵאמֹ֑ר,"к, говоря",говоря
ВЗ,numbers,Числа,16,26,3,לֵאמֹ֗ר,"к, говоря",говоря
ВЗ,numbers,Числа,16,28,5,יְהוָ֣ה,Яхве,Господь
ВЗ,numbers,Числа,16,29,12,יְהוָ֖ה,Яхве,Господь
ВЗ,numbers,Числа,16,30,3,יְהוָ֗ה,Яхве,Господь
ВЗ,numbers,Числа,16,30,23,יְהוָֽה\׃,Яхве,Господь
ВЗ,numbers,Числа,16,31,0,וַיְהִי֙,"и, оно был",и было
ВЗ,numbers,Числа,16,31,7,וַתִּבָּקַ֥ע,"и, оно был сплит открыть",и было сплит открыть
ВЗ,numbers,Числа,16,35,1,יָצְאָ֖ה,оно пришёл вперёд,было вперёд
ВЗ,numbers,Числа,16,35,3,יְהוָ֑ה,Яхве,Господь
ВЗ,numbers,Числа,18,1,1,יְהוָה֙,Яхве,Господь
ВЗ,numbers,Числа,18,4,4,מִשְׁמֶ֙רֶת֙,дутй,долг
ВЗ,numbers,Числа,18,6,12,לַֽיהוָ֔ה,"к, Яхве","к, Господь"
ВЗ,numbers,Числа,18,8,1,יְהוָה֮,Яхве,Господь
ВЗ,numbers,Числа,18,12,10,לַֽיהוָ֖ה,"к, Яхве","к, Господь"
ВЗ,numbers,Числа,18,13,6,לַיהוָ֖ה,"к, Яхве","к, Господь"
ВЗ,numbers,Числа,18,15,7,לַֽיהוָ֛ה,"к, Яхве","к, Господь"
ВЗ,numbers,Числа,18,17,24,לַֽיהוָֽה\׃,"к, Яхве","к, Господь"
ВЗ,numbers,Числа,18,19,7,לַֽיהוָה֒,"к, Яхве","к, Господь"
ВЗ,numbers,Числа,18,19,20,יְהוָ֔ה,Яхве,Господь
ВЗ,numbers,Числа,18,20,1,יְהוָ֜ה,Яхве,Господь
ВЗ,numbers,Числа,18,24,7,לַֽיהוָה֙,"к, Яхве","к, Господь"
ВЗ,numbers,Числа,18,25,1,יְהוָ֖ה,Яхве,Господь
ВЗ,numbers,Числа,18,25,4,לֵּאמֹֽר\׃,"к, говоря",говоря
ВЗ,numbers,Числа,18,26,20,יְהוָ֔ה,Яхве,Господь
ВЗ,numbers,Числа,18,28,5,יְהוָ֔ה,Яхве,Господь
ВЗ,numbers,Числа,18,28,17,יְהוָ֔ה,Яхве,Господь
ВЗ,numbers,Числа,18,29,6,יְהוָ֑ה,Яхве,Господь
ВЗ,numbers,Числа,19,1,1,יְהוָ֔ה,Яхве,Господь
ВЗ,numbers,Числа,19,1,6,לֵאמֹֽר\׃,"к, говоря",говоря
ВЗ,numbers,Числа,19,2,5,יְהוָ֖ה,Яхве,Господь
ВЗ,numbers,Числа,19,2,6,לֵאמֹ֑ר,"к, говоря",говоря
ВЗ,numbers,Числа,19,13,11,יְהוָה֙,Яхве,Господь
ВЗ,numbers,Числа,19,20,13,יְהוָ֜ה,Яхве,Господь
ВЗ,numbers,Числа,20,3,5,לֵאמֹ֔ר,"к, говоря",говоря
ВЗ,numbers,Числа,20,3,11,יְהוָֽה\׃,Яхве,Господь
ВЗ,numbers,Числа,20,4,4,יְהוָ֔ה,Яхве,Господь
ВЗ,numbers,Числа,20,6,14,יְהוָ֖ה,Яхве,Господь
ВЗ,numbers,Числа,20,7,1,יְהוָ֖ה,Яхве,Господь
ВЗ,numbers,Числа,20,7,4,לֵּאמֹֽר\׃,"к, говоря",говоря
ВЗ,numbers,Числа,20,9,5,יְהוָ֑ה,Яхве,Господь
ВЗ,numbers,Числа,20,12,1,יְהוָה֮,Яхве,Господь
ВЗ,numbers,Числа,20,13,8,יְהוָ֑ה,Яхве,Господь
ВЗ,numbers,Числа,20,16,2,יְהוָה֙,Яхве,Господь
ВЗ,numbers,Числа,20,18,1,אֵלָיו֙,"к, его",к нему
ВЗ,numbers,Числа,20,19,1,אֵלָ֥יו,"к, его",к нему
ВЗ,numbers,Числа,20,20,3,וַיֵּצֵ֤א,"и, оно пришёл вне","и, было вне"
ВЗ,numbers,Числа,20,23,1,יְהוָ֛ה,Яхве,Господь
ВЗ,numbers,Числа,20,23,12,לֵאמֹֽר\׃,"к, говоря",говоря
ВЗ,numbers,Числа,20,27,4,יְהוָ֑ה,Яхве,Господь
ВЗ,numbers,Числа,21,2,3,לַֽיהוָ֖ה,"к, Яхве","к, Господь"
ВЗ,numbers,Числа,21,3,1,יְהוָ֜ה,Яхве,Господь
ВЗ,numbers,Числа,21,6,1,יְהוָ֜ה,Яхве,Господь
ВЗ,numbers,Числа,21,7,0,וַיָּבֹא֩,"и, оно пришёл","и, было"
ВЗ,numbers,Числа,21,7,8,בַֽיהוָה֙,"против, Яхве","против, Господь"
ВЗ,numbers,Числа,21,7,12,יְהוָ֔ה,Яхве,Господь
ВЗ,numbers,Числа,21,8,1,יְהוָ֜ה,Яхве,Господь
ВЗ,numbers,Числа,21,9,7,וְהָיָ֗ה,"и, оно был",и было
ВЗ,numbers,Числа,21,14,5,יְהוָ֑ה,Яхве,Господь
ВЗ,numbers,Числа,21,16,6,יְהוָה֙,Яхве,Господь
ВЗ,numbers,Числа,21,21,7,לֵאמֹֽר\׃,"к, говоря",говоря
ВЗ,numbers,Числа,21,27,3,הַמֹּשְׁלִ֖ים,"те, кто говорить провербс","те, кто говорить притчи"
ВЗ,numbers,Числа,21,34,1,יְהוָ֤ה,Яхве,Господь
ВЗ,numbers,Числа,21,34,17,לּ֔וֹ,"к, его",к нему
ВЗ,numbers,Числа,21,35,10,ל֖וֹ,"к, его",к нему
ВЗ,numbers,Числа,22,3,0,וַיָּ֨גָר,"и, оно был боящийся",и было боящийся
ВЗ,numbers,Числа,22,5,14,ל֑וֹ,"к, его",к нему
ВЗ,numbers,Числа,22,5,15,לֵאמֹ֗ר,"к, говоря",говоря
ВЗ,numbers,Числа,22,7,11,אֵלָ֖יו,"к, его",к нему
ВЗ,numbers,Числа,22,8,10,יְהוָ֖ה,Яхве,Господь
ВЗ,numbers,Числа,22,13,12,יְהוָ֔ה,Яхве,Господь
ВЗ,numbers,Числа,22,16,4,ל֗וֹ,"к, его",к нему
ВЗ,numbers,Числа,22,18,19,יְהוָ֣ה,Яхве,Господь
ВЗ,numbers,Числа,22,19,10,יְהוָ֖ה,Яхве,Господь
ВЗ,numbers,Числа,22,20,6,ל֗וֹ,"к, его",к нему
ВЗ,numbers,Числа,22,22,8,יְהוָ֛ה,Яхве,Господь
ВЗ,numbers,Числа,22,22,11,ל֑וֹ,"к, его",к нему
ВЗ,numbers,Числа,22,23,4,יְהוָ֜ה,Яхве,Господь
ВЗ,numbers,Числа,22,24,2,יְהוָ֔ה,Яхве,Господь
ВЗ,numbers,Числа,22,25,4,יְהוָ֗ה,Яхве,Господь
ВЗ,numbers,Числа,22,26,2,יְהוָ֖ה,Яхве,Господь
ВЗ,numbers,Числа,22,27,4,יְהוָ֔ה,Яхве,Господь
ВЗ,numbers,Числа,22,28,1,יְהוָ֖ה,Яхве,Господь
ВЗ,numbers,Числа,22,31,1,יְהוָה֮,Яхве,Господь
ВЗ,numbers,Числа,22,31,8,יְהוָה֙,Яхве,Господь
ВЗ,numbers,Числа,22,32,1,אֵלָיו֙,"к, его",к нему
ВЗ,numbers,Числа,22,32,3,יְהוָ֔ה,Яхве,Господь
ВЗ,numbers,Числа,22,34,4,יְהוָה֙,Яхве,Господь
ВЗ,numbers,Числа,22,35,2,יְהוָ֜ה,Яхве,Господь
ВЗ,numbers,Числа,22,41,0,וַיְהִ֣י,"и, оно был",и было
ВЗ,numbers,Числа,23,3,9,יְהוָה֙,Яхве,Господь
ВЗ,numbers,Числа,23,4,5,אֵלָ֗יו,"к, его",к нему
ВЗ,numbers,Числа,23,5,1,יְהוָ֛ה,Яхве,Господь
ВЗ,numbers,Числа,23,6,1,אֵלָ֔יו,"к, его",к нему
ВЗ,numbers,Числа,23,8,9,יְהוָֽה\׃,Яхве,Господь
ВЗ,numbers,Числа,23,10,14,כָּמֹֽהוּ\׃,"как, его",как нему
ВЗ,numbers,Числа,23,12,6,יְהוָה֙,Яхве,Господь
ВЗ,numbers,Числа,23,13,1,אֵלָ֜יו,"к, его",к нему
ВЗ,numbers,Числа,23,16,1,יְהוָה֙,Яхве,Господь
ВЗ,numbers,Числа,23,17,1,אֵלָ֗יו,"к, его",к нему
ВЗ,numbers,Числа,23,17,10,לוֹ֙,"к, его",к нему
ВЗ,numbers,Числа,23,17,14,יְהוָֽה\׃,Яхве,Господь
ВЗ,numbers,Числа,23,21,8,יְהוָ֤ה,Яхве,Господь
ВЗ,numbers,Числа,23,22,5,לֽוֹ\׃,"принадлежать к, его",принадлежать к нему
ВЗ,numbers,Числа,23,26,8,לֵאמֹ֔ר,"к, говоря",говоря
ВЗ,numbers,Числа,23,26,12,יְהוָ֖ה,Яхве,Господь
ВЗ,numbers,Числа,24,1,5,יְהוָה֙,Яхве,Господь
ВЗ,numbers,Числа,24,2,9,וַתְּהִ֥י,"и, оно пришёл","и, было"
ВЗ,numbers,Числа,24,6,7,יְהוָ֔ה,Яхве,Господь
ВЗ,numbers,Числа,24,8,5,ל֑וֹ,"принадлежать к, его",принадлежать к нему
ВЗ,numbers,Числа,24,11,10,יְהוָ֖ה,Яхве,Господь
ВЗ,numbers,Числа,24,12,12,לֵאמֹֽר\׃,"к, говоря",говоря
ВЗ,numbers,Числа,24,13,13,יְהוָ֔ה,Яхве,Господь
ВЗ,numbers,Числа,24,13,21,יְהוָ֖ה,Яхве,Господь
ВЗ,numbers,Числа,25,3,6,יְהוָ֖ה,Яхве,Господь
ВЗ,numbers,Числа,25,4,1,יְהוָ֜ה,Яхве,Господь
ВЗ,numbers,Числа,25,4,11,לַיהוָ֖ה,"к, Яхве","к, Господь"
ВЗ,numbers,Числа,25,4,17,יְהוָ֖ה,Яхве,Господь
ВЗ,numbers,Числа,25,8,16,וַתֵּֽעָצַר֙,"и, оно был рестраинед",и было рестраинед
ВЗ,numbers,Числа,25,10,1,יְהוָ֖ה,Яхве,Господь
ВЗ,numbers,Числа,25,10,4,לֵּאמֹֽר\׃,"к, говоря",говоря
ВЗ,numbers,Числа,25,12,4,ל֛וֹ,"к, его",к нему
ВЗ,numbers,Числа,25,13,1,לּוֹ֙,"к, его",к нему
ВЗ,numbers,Числа,25,16,1,יְהוָ֖ה,Яхве,Господь
ВЗ,numbers,Числа,26,1,1,יְהוָה֙,Яхве,Господь
ВЗ,numbers,Числа,26,1,9,לֵאמֹֽר\׃,"к, говоря",говоря
ВЗ,numbers,Числа,26,3,10,לֵאמֹֽר\׃,"к, говоря",говоря
ВЗ,numbers,Числа,26,4,6,יְהוָ֤ה,Яхве,Господь
ВЗ,numbers,Числа,26,9,20,יְהוָֽה\׃,Яхве,Господь
ВЗ,numbers,Числа,26,33,5,ל֛וֹ,"к, его",к нему
ВЗ,numbers,Числа,26,52,1,יְהוָ֖ה,Яхве,Господь
ВЗ,numbers,Числа,26,52,4,לֵּאמֹֽר\׃,"к, говоря",говоря
ВЗ,numbers,Числа,26,60,0,וַיִּוָּלֵ֣ד,"и, оно был рождённый",и было рождённый
ВЗ,numbers,Числа,26,61,7,יְהוָֽה\׃,Яхве,Господь
ВЗ,numbers,Числа,26,65,2,יְהוָה֙,Яхве,Господь
ВЗ,numbers,Числа,27,2,13,לֵאמֹֽר\׃,"к, говоря",говоря
ВЗ,numbers,Числа,27,3,10,יְהוָ֖ה,Яхве,Господь
ВЗ,numbers,Числа,27,3,19,לֽוֹ\׃,"к, его",к нему
ВЗ,numbers,Числа,27,4,8,ל֖וֹ,"принадлежал к, его",принадлежал к нему
ВЗ,numbers,Числа,27,5,5,יְהוָֽה\׃\ \ס,Яхве,Господь
ВЗ,numbers,Числа,27,6,1,יְהוָ֖ה,Яхве,Господь
ВЗ,numbers,Числа,27,6,4,לֵּאמֹֽר\׃,"к, говоря",говоря
ВЗ,numbers,Числа,27,8,4,לֵאמֹ֑ר,"к, говоря",говоря
ВЗ,numbers,Числа,27,8,10,ל֔וֹ,"принадлежит к, его",принадлежит к нему
ВЗ,numbers,Числа,27,9,2,ל֖וֹ,"принадлежит к, его",принадлежит к нему
ВЗ,numbers,Числа,27,10,2,ל֖וֹ,"принадлежать к, его",принадлежать к нему
ВЗ,numbers,Числа,27,11,9,אֵלָ֛יו,"к, его",к нему
ВЗ,numbers,Числа,27,11,20,יְהוָ֖ה,Яхве,Господь
ВЗ,numbers,Числа,27,12,1,יְהוָה֙,Яхве,Господь
ВЗ,numbers,Числа,27,15,3,יְהוָ֖ה,Яхве,Господь
ВЗ,numbers,Числа,27,15,4,לֵאמֹֽר\׃,"к, говоря",говоря
ВЗ,numbers,Числа,27,16,1,יְהוָ֔ה,Яхве,Господь
ВЗ,numbers,Числа,27,17,13,יְהוָ֔ה,Яхве,Господь
ВЗ,numbers,Числа,27,18,1,יְהוָ֜ה,Яхве,Господь
ВЗ,numbers,Числа,27,21,9,יְהוָ֑ה,Яхве,Господь
ВЗ,numbers,Числа,27,22,4,יְהוָ֖ה,Яхве,Господь
ВЗ,numbers,Числа,27,23,7,יְהוָ֖ה,Яхве,Господь
ВЗ,numbers,Числа,28,1,1,יְהוָ֖ה,Яхве,Господь
ВЗ,numbers,Числа,28,1,4,לֵּאמֹֽר\׃,"к, говоря",говоря
ВЗ,numbers,Числа,28,3,6,לַיהוָ֑ה,"к, Яхве","к, Господь"
ВЗ,numbers,Числа,28,6,8,לַֽיהוָֽה\׃,"к, Яхве","к, Господь"
ВЗ,numbers,Числа,28,7,9,לַיהוָֽה\׃,"к, Яхве","к, Господь"
ВЗ,numbers,Числа,28,8,13,לַיהוָֽה\׃\ \פ,"к, Яхве","к, Господь"
ВЗ,numbers,Числа,28,11,4,לַיהוָ֑ה,"к, Яхве","к, Господь"
ВЗ,numbers,Числа,28,13,12,לַיהוָֽה\׃,"к, Яхве","к, Господь"
ВЗ,numbers,Числа,28,15,4,לַיהוָ֑ה,"к, Яхве","к, Господь"
ВЗ,numbers,Числа,28,16,7,לַיהוָֽה\׃,"к, Яхве","к, Господь"
ВЗ,numbers,Числа,28,19,3,לַֽיהוָ֔ה,"к, Яхве","к, Господь"
ВЗ,numbers,Числа,28,24,9,לַיהוָ֑ה,"к, Яхве","к, Господь"
ВЗ,numbers,Числа,28,26,5,לַֽיהוָ֔ה,"к, Яхве","к, Господь"
ВЗ,numbers,Числа,28,27,4,לַֽיהוָ֔ה,"к, Яхве","к, Господь"
ВЗ,numbers,Числа,29,2,4,לַֽיהוָ֔ה,"к, Яхве","к, Господь"
ВЗ,numbers,Числа,29,6,12,לַיהוָֽה\׃\ \ס,"к, Яхве","к, Господь"
ВЗ,numbers,Числа,29,8,2,לַֽיהוָה֙,"к, Яхве","к, Господь"
ВЗ,numbers,Числа,29,12,16,לַיהוָ֖ה,"к, Яхве","к, Господь"
ВЗ,numbers,Числа,29,13,5,לַֽיהוָ֔ה,"к, Яхве","к, Господь"
ВЗ,numbers,Числа,29,36,5,לַֽיהוָ֔ה,"к, Яхве","к, Господь"
ВЗ,numbers,Числа,29,39,2,לַיהוָ֖ה,"к, Яхве","к, Господь"
ВЗ,numbers,Числа,31,1,1,יְהוָ֖ה,Яхве,Господь
ВЗ,numbers,Числа,31,1,4,לֵּאמֹֽר\׃,"к, говоря",говоря
ВЗ,numbers,Числа,31,3,4,לֵאמֹ֔ר,"к, говоря",говоря
ВЗ,numbers,Числа,31,3,14,יְהוָ֖ה,Яхве,Господь
ВЗ,numbers,Числа,31,7,5,יְהוָ֖ה,Яхве,Господь
ВЗ,numbers,Числа,31,16,9,בַּיהוָ֖ה,"в, Яхве","в, Господь"
ВЗ,numbers,Числа,31,16,13,וַתְּהִ֥י,"и, оно был",и было
ВЗ,numbers,Числа,31,16,16,יְהוָֽה\׃,Яхве,Господь
ВЗ,numbers,Числа,31,21,13,יְהוָ֖ה,Яхве,Господь
ВЗ,numbers,Числа,31,25,1,יְהוָ֖ה,Яхве,Господь
ВЗ,numbers,Числа,31,25,4,לֵּאמֹֽר\׃,"к, говоря",говоря
ВЗ,numbers,Числа,31,28,2,לַֽיהוָ֗ה,"для, Яхве","для, Господь"
ВЗ,numbers,Числа,31,29,6,יְהוָֽה\׃,Яхве,Господь
ВЗ,numbers,Числа,31,30,24,יְהוָֽה\׃,Яхве,Господь
ВЗ,numbers,Числа,31,31,6,יְהוָ֖ה,Яхве,Господь
ВЗ,numbers,Числа,31,32,0,וַיְהִי֙,"и, оно был",и было
ВЗ,numbers,Числа,31,36,0,וַתְּהִי֙,"и, оно был",и было
ВЗ,numbers,Числа,31,37,0,וַיְהִ֛י,"и, оно был",и было
ВЗ,numbers,Числа,31,37,2,לַֽיהוָ֖ה,"для, Яхве","для, Господь"
ВЗ,numbers,Числа,31,38,5,לַיהוָ֖ה,"для, Яхве","для, Господь"
ВЗ,numbers,Числа,31,39,6,לַֽיהוָ֖ה,"для, Яхве","для, Господь"
ВЗ,numbers,Числа,31,40,6,לַֽיהוָ֔ה,"для, Яхве","для, Господь"
ВЗ,numbers,Числа,31,41,5,יְהוָ֔ה,Яхве,Господь
ВЗ,numbers,Числа,31,41,10,יְהוָ֖ה,Яхве,Господь
ВЗ,numbers,Числа,31,43,0,וַתְּהִ֛י,"и, оно был",и было
ВЗ,numbers,Числа,31,47,20,יְהוָ֔ה,Яхве,Господь
ВЗ,numbers,Числа,31,47,23,יְהוָ֖ה,Яхве,Господь
ВЗ,numbers,Числа,31,50,3,יְהוָ֗ה,Яхве,Господь
ВЗ,numbers,Числа,31,50,18,יְהוָֽה\׃,Яхве,Господь
ВЗ,numbers,Числа,31,52,0,וַיְהִ֣י\׀,"и, оно был",и было
ВЗ,numbers,Числа,31,52,6,לַֽיהוָ֔ה,"для, Яхве","для, Господь"
ВЗ,numbers,Числа,31,54,19,יְהוָֽה\׃\ \פ,Яхве,Господь
ВЗ,numbers,Числа,32,2,14,לֵאמֹֽר\׃,"к, говоря",говоря
ВЗ,numbers,Числа,32,4,3,יְהוָה֙,Яхве,Господь
ВЗ,numbers,Числа,32,7,12,יְהוָֽה\׃,Яхве,Господь
ВЗ,numbers,Числа,32,9,19,יְהוָֽה\׃,Яхве,Господь
ВЗ,numbers,Числа,32,10,2,יְהוָ֖ה,Яхве,Господь
ВЗ,numbers,Числа,32,10,6,לֵאמֹֽר\׃,"к, говоря",говоря
ВЗ,numbers,Числа,32,12,11,יְהוָֽה\׃,Яхве,Господь
ВЗ,numbers,Числа,32,13,2,יְהוָה֙,Яхве,Господь
ВЗ,numbers,Числа,32,13,15,יְהוָֽה\׃,Яхве,Господь
ВЗ,numbers,Числа,32,14,12,יְהוָ֖ה,Яхве,Господь
ВЗ,numbers,Числа,32,16,1,אֵלָיו֙,"к, его",к нему
ВЗ,numbers,Числа,32,20,11,יְהוָ֖ה,Яхве,Господь
ВЗ,numbers,Числа,32,21,7,יְהוָ֑ה,Яхве,Господь
ВЗ,numbers,Числа,32,22,3,יְהוָה֙,Яхве,Господь
ВЗ,numbers,Числа,32,22,8,מֵיְהוָ֖ה,"от, Яхве","от, Господь"
ВЗ,numbers,Числа,32,22,16,יְהוָֽה\׃,Яхве,Господь
ВЗ,numbers,Числа,32,23,6,לַיהוָ֑ה,"к, Яхве","к, Господь"
ВЗ,numbers,Числа,32,25,7,לֵאמֹ֑ר,"к, говоря",говоря
ВЗ,numbers,Числа,32,27,6,יְהוָ֖ה,Яхве,Господь
ВЗ,numbers,Числа,32,29,16,יְהוָ֔ה,Яхве,Господь
ВЗ,numbers,Числа,32,31,5,לֵאמֹ֑ר,"к, говоря",говоря
ВЗ,numbers,Числа,32,31,9,יְהוָ֛ה,Яхве,Господь
ВЗ,numbers,Числа,32,32,4,יְהוָ֖ה,Яхве,Господь
ВЗ,numbers,Числа,33,2,7,יְהוָ֑ה,Яхве,Господь
ВЗ,numbers,Числа,33,4,5,יְהוָ֛ה,Яхве,Господь
ВЗ,numbers,Числа,33,4,11,יְהוָ֖ה,Яхве,Господь
ВЗ,numbers,Числа,33,38,8,יְהוָ֖ה,Яхве,Господь
ВЗ,numbers,Числа,33,50,1,יְהוָ֛ה,Яхве,Господь
ВЗ,numbers,Числа,33,50,9,לֵאמֹֽר\׃,"к, говоря",говоря
ВЗ,numbers,Числа,33,54,19,ל֣וֹ,"к, его",к нему
ВЗ,numbers,Числа,34,1,1,יְהוָ֖ה,Яхве,Господь
ВЗ,numbers,Числа,34,1,4,לֵּאמֹֽר\׃,"к, говоря",говоря
ВЗ,numbers,Числа,34,13,5,לֵאמֹ֑ר,"к, говоря",говоря
ВЗ,numbers,Числа,34,13,14,יְהוָ֔ה,Яхве,Господь
ВЗ,numbers,Числа,34,16,1,יְהוָ֖ה,Яхве,Господь
ВЗ,numbers,Числа,34,16,4,לֵּאמֹֽר\׃,"к, говоря",говоря
ВЗ,numbers,Числа,34,29,3,יְהוָ֑ה,Яхве,Господь
ВЗ,numbers,Числа,35,1,1,יְהוָ֛ה,Яхве,Господь
ВЗ,numbers,Числа,35,1,9,לֵאמֹֽר\׃,"к, говоря",говоря
ВЗ,numbers,Числа,35,9,1,יְהוָ֖ה,Яхве,Господь
ВЗ,numbers,Числа,35,9,4,לֵּאמֹֽר\׃,"к, говоря",говоря
ВЗ,numbers,Числа,35,27,14,ל֖וֹ,"будет принадлежать к, его",будет принадлежать к нему
ВЗ,numbers,Числа,35,34,14,יְהוָ֔ה,Яхве,Господь
ВЗ,numbers,Числа,36,2,4,יְהוָ֔ה,Яхве,Господь
ВЗ,numbers,Числа,36,2,14,בַֽיהוָ֔ה,"через, Яхве","через, Господь"
ВЗ,numbers,Числа,36,5,7,יְהוָ֖ה,Яхве,Господь
ВЗ,numbers,Числа,36,5,8,לֵאמֹ֑ר,"к, говоря",говоря
ВЗ,numbers,Числа,36,6,4,יְהוָ֗ה,Яхве,Господь
ВЗ,numbers,Числа,36,6,7,לֵאמֹ֔ר,"к, говоря",говоря
ВЗ,numbers,Числа,36,10,2,יְהוָ֖ה,Яхве,Господь
ВЗ,numbers,Числа,36,12,7,וַתְּהִי֙,"и, оно был",и было
ВЗ,numbers,Числа,36,13,5,יְהוָ֛ה,Яхве,Господь
ВЗ,deuteronomy,Второзаконие,1,3,0,וַיְהִי֙,"и, оно был",и было
ВЗ,deuteronomy,Второзаконие,1,3,16,יְהוָ֛ה,Яхве,Господь
ВЗ,deuteronomy,Второзаконие,1,5,4,הוֹאִ֣יל,он ундертук,он предприняли
ВЗ,deuteronomy,Второзаконие,1,5,10,לֵאמֹֽר\׃,"к, говоря",говоря
ВЗ,deuteronomy,Второзаконие,1,6,0,יְהוָ֧ה,Яхве,Господь
ВЗ,deuteronomy,Второзаконие,1,6,5,לֵאמֹ֑ר,"к, говоря",говоря
ВЗ,deuteronomy,Второзаконие,1,8,11,יְ֠הוָה,Яхве,Господь
ВЗ,deuteronomy,Второзаконие,1,9,4,לֵאמֹ֑ר,"к, говоря",говоря
ВЗ,deuteronomy,Второзаконие,1,10,0,יְהוָ֥ה,Яхве,Господь
ВЗ,deuteronomy,Второзаконие,1,11,0,יְהוָ֞ה,Яхве,Господь
ВЗ,deuteronomy,Второзаконие,1,16,5,לֵאמֹ֑ר,"к, говоря",говоря
ВЗ,deuteronomy,Второзаконие,1,19,16,יְהוָ֥ה,Яхве,Господь
ВЗ,deuteronomy,Второзаконие,1,20,7,יְהוָ֥ה,Яхве,Господь
ВЗ,deuteronomy,Второзаконие,1,21,2,יְהוָ֧ה,Яхве,Господь
ВЗ,deuteronomy,Второзаконие,1,21,11,יְהוָ֜ה,Яхве,Господь
ВЗ,deuteronomy,Второзаконие,1,23,0,וַיִּיטַ֥ב,"и, оно был хороший",и было хороший
ВЗ,deuteronomy,Второзаконие,1,25,13,יְהוָ֥ה,Яхве,Господь
ВЗ,deuteronomy,Второзаконие,1,26,6,יְהוָ֖ה,Яхве,Господь
ВЗ,deuteronomy,Второзаконие,1,27,4,יְהוָה֙,Яхве,Господь
ВЗ,deuteronomy,Второзаконие,1,28,7,לֵאמֹ֗ר,"к, говоря",говоря
ВЗ,deuteronomy,Второзаконие,1,30,0,יְהוָ֤ה,Яхве,Господь
ВЗ,deuteronomy,Второзаконие,1,31,5,יְהוָ֣ה,Яхве,Господь
ВЗ,deuteronomy,Второзаконие,1,32,4,בַּיהוָ֖ה,"в, Яхве","в, Господь"
ВЗ,deuteronomy,Второзаконие,1,34,1,יְהוָ֖ה,Яхве,Господь
ВЗ,deuteronomy,Второзаконие,1,34,7,לֵאמֹֽר\׃,"к, говоря",говоря
ВЗ,deuteronomy,Второзаконие,1,36,6,וְלֽוֹ\־,"и, к, его","и, к нему"
ВЗ,deuteronomy,Второзаконие,1,36,18,יְהוָֽה\׃,Яхве,Господь
ВЗ,deuteronomy,Второзаконие,1,37,3,יְהוָ֔ה,Яхве,Господь
ВЗ,deuteronomy,Второзаконие,1,37,5,לֵאמֹ֑ר,"к, говоря",говоря
ВЗ,deuteronomy,Второзаконие,1,41,4,לַֽיהוָה֒,"к, Яхве","к, Господь"
ВЗ,deuteronomy,Второзаконие,1,41,11,יְהוָ֣ה,Яхве,Господь
ВЗ,deuteronomy,Второзаконие,1,42,1,יְהוָ֜ה,Яхве,Господь
ВЗ,deuteronomy,Второзаконие,1,43,7,יְהוָ֔ה,Яхве,Господь
ВЗ,deuteronomy,Второзаконие,1,45,3,יְהוָ֑ה,Яхве,Господь
ВЗ,deuteronomy,Второзаконие,1,45,6,יְהוָה֙,Яхве,Господь
ВЗ,deuteronomy,Второзаконие,2,1,8,יְהוָ֖ה,Яхве,Господь
ВЗ,deuteronomy,Второзаконие,2,2,1,יְהוָ֖ה,Яхве,Господь
ВЗ,deuteronomy,Второзаконие,2,2,3,לֵאמֹֽר\׃,"к, говоря",говоря
ВЗ,deuteronomy,Второзаконие,2,4,3,לֵאמֹר֒,"к, говоря",говоря
ВЗ,deuteronomy,Второзаконие,2,7,1,יְהוָ֨ה,Яхве,Господь
ВЗ,deuteronomy,Второзаконие,2,7,16,יְהוָ֤ה,Яхве,Господь
ВЗ,deuteronomy,Второзаконие,2,9,1,יְהוָ֜ה,Яхве,Господь
ВЗ,deuteronomy,Второзаконие,2,12,18,יְהוָ֖ה,Яхве,Господь
ВЗ,deuteronomy,Второзаконие,2,14,24,יְהוָ֖ה,Яхве,Господь
ВЗ,deuteronomy,Второзаконие,2,15,2,יְהוָה֙,Яхве,Господь
ВЗ,deuteronomy,Второзаконие,2,16,0,וַיְהִ֨י,"и, оно был",и было
ВЗ,deuteronomy,Второзаконие,2,17,1,יְהוָ֖ה,Яхве,Господь
ВЗ,deuteronomy,Второзаконие,2,17,3,לֵאמֹֽר\׃,"к, говоря",говоря
ВЗ,deuteronomy,Второзаконие,2,21,6,יְהוָה֙,Яхве,Господь
ВЗ,deuteronomy,Второзаконие,2,26,10,לֵאמֹֽר\׃,"к, говоря",говоря
ВЗ,deuteronomy,Второзаконие,2,29,18,יְהוָ֥ה,Яхве,Господь
ВЗ,deuteronomy,Второзаконие,2,30,9,יְהוָ֨ה,Яхве,Господь
ВЗ,deuteronomy,Второзаконие,2,31,1,יְהוָה֙,Яхве,Господь
ВЗ,deuteronomy,Второзаконие,2,33,1,יְהוָ֥ה,Яхве,Господь
ВЗ,deuteronomy,Второзаконие,2,36,20,יְהוָ֥ה,Яхве,Господь
ВЗ,deuteronomy,Второзаконие,2,37,16,יְהוָ֥ה,Яхве,Господь
ВЗ,deuteronomy,Второзаконие,3,2,1,יְהוָ֤ה,Яхве,Господь
ВЗ,deuteronomy,Второзаконие,3,2,16,לּ֔וֹ,"к, его",к нему
ВЗ,deuteronomy,Второзаконие,3,3,1,יְהוָ֨ה,Яхве,Господь
ВЗ,deuteronomy,Второзаконие,3,3,16,ל֖וֹ,"к, его",к нему
ВЗ,deuteronomy,Второзаконие,3,18,4,לֵאמֹ֑ר,"к, говоря",говоря
ВЗ,deuteronomy,Второзаконие,3,18,5,יְהוָ֣ה,Яхве,Господь
ВЗ,deuteronomy,Второзаконие,3,20,3,יְהוָ֥ה\׀,Яхве,Господь
ВЗ,deuteronomy,Второзаконие,3,20,12,יְהוָ֧ה,Яхве,Господь
ВЗ,deuteronomy,Второзаконие,3,21,5,לֵאמֹ֑ר,"к, говоря",говоря
ВЗ,deuteronomy,Второзаконие,3,21,12,יְהוָ֤ה,Яхве,Господь
ВЗ,deuteronomy,Второзаконие,3,21,19,יְהוָה֙,Яхве,Господь
ВЗ,deuteronomy,Второзаконие,3,22,3,יְהוָ֣ה,Яхве,Господь
ВЗ,deuteronomy,Второзаконие,3,23,2,יְהוָ֑ה,Яхве,Господь
ВЗ,deuteronomy,Второзаконие,3,23,5,לֵאמֹֽר\׃,"к, говоря",говоря
ВЗ,deuteronomy,Второзаконие,3,24,1,יְהוִ֗ה,Яхве,Господь
ВЗ,deuteronomy,Второзаконие,3,26,1,יְהוָ֥ה,Яхве,Господь
ВЗ,deuteronomy,Второзаконие,3,26,8,יְהוָ֤ה,Яхве,Господь
ВЗ,deuteronomy,Второзаконие,4,1,19,יְהוָ֛ה,Яхве,Господь
ВЗ,deuteronomy,Второзаконие,4,2,14,יְהוָ֣ה,Яхве,Господь
ВЗ,deuteronomy,Второзаконие,4,3,5,יְהוָ֖ה,Яхве,Господь
ВЗ,deuteronomy,Второзаконие,4,3,17,יְהוָ֥ה,Яхве,Господь
ВЗ,deuteronomy,Второзаконие,4,4,2,בַּיהוָ֖ה,"на, Яхве","на, Господь"
ВЗ,deuteronomy,Второзаконие,4,5,7,יְהוָ֣ה,Яхве,Господь
ВЗ,deuteronomy,Второзаконие,4,7,9,כַּיהוָ֣ה,"как, Яхве","как, Господь"
ВЗ,deuteronomy,Второзаконие,4,7,13,אֵלָֽיו\׃,"к, его",к нему
ВЗ,deuteronomy,Второзаконие,4,10,4,יְהוָ֣ה,Яхве,Господь
ВЗ,deuteronomy,Второзаконие,4,10,8,יְהוָ֜ה,Яхве,Господь
ВЗ,deuteronomy,Второзаконие,4,12,1,יְהוָ֛ה,Яхве,Господь
ВЗ,deuteronomy,Второзаконие,4,14,2,יְהוָה֙,Яхве,Господь
ВЗ,deuteronomy,Второзаконие,4,14,5,לְלַמֵּ֣ד,"к, учить",понять
ВЗ,deuteronomy,Второзаконие,4,15,10,יְהוָ֧ה,Яхве,Господь
ВЗ,deuteronomy,Второзаконие,4,19,20,יְהוָ֤ה,Яхве,Господь
ВЗ,deuteronomy,Второзаконие,4,20,2,יְהוָ֔ה,Яхве,Господь
ВЗ,deuteronomy,Второзаконие,4,21,0,וַֽיהוָ֥ה,"и, Яхве","и, Господь"
ВЗ,deuteronomy,Второзаконие,4,21,16,יְהוָ֣ה,Яхве,Господь
ВЗ,deuteronomy,Второзаконие,4,23,6,יְהוָה֙,Яхве,Господь
ВЗ,deuteronomy,Второзаконие,4,23,18,יְהוָ֥ה,Яхве,Господь
ВЗ,deuteronomy,Второзаконие,4,24,1,יְהוָ֣ה,Яхве,Господь
ВЗ,deuteronomy,Второзаконие,4,25,15,יְהוָֽה\־,Яхве,Господь
ВЗ,deuteronomy,Второзаконие,4,27,1,יְהוָ֛ה,Яхве,Господь
ВЗ,deuteronomy,Второзаконие,4,27,10,יְהוָ֛ה,Яхве,Господь
ВЗ,deuteronomy,Второзаконие,4,29,3,יְהוָ֥ה,Яхве,Господь
ВЗ,deuteronomy,Второзаконие,4,30,10,יְהוָ֣ה,Яхве,Господь
ВЗ,deuteronomy,Второзаконие,4,31,3,יְהוָ֣ה,Яхве,Господь
ВЗ,deuteronomy,Второзаконие,4,34,23,יְהוָ֧ה,Яхве,Господь
ВЗ,deuteronomy,Второзаконие,4,35,4,יְהוָ֖ה,Яхве,Господь
ВЗ,deuteronomy,Второзаконие,4,39,6,יְהוָה֙,Яхве,Господь
ВЗ,deuteronomy,Второзаконие,4,40,20,יְהוָ֧ה,Яхве,Господь
ВЗ,deuteronomy,Второзаконие,4,42,12,ל֖וֹ,"к, его",к нему
ВЗ,deuteronomy,Второзаконие,5,2,0,יְהוָ֣ה,Яхве,Господь
ВЗ,deuteronomy,Второзаконие,5,3,4,יְהוָ֖ה,Яхве,Господь
ВЗ,deuteronomy,Второзаконие,5,4,3,יְהוָ֧ה,Яхве,Господь
ВЗ,deuteronomy,Второзаконие,5,5,3,יְהוָ֤ה,Яхве,Господь
ВЗ,deuteronomy,Второзаконие,5,5,11,יְהוָ֑ה,Яхве,Господь
ВЗ,deuteronomy,Второзаконие,5,5,19,לֵאמֹֽר\׃\ \ס,"к, говоря",говоря
ВЗ,deuteronomy,Второзаконие,5,6,1,יְהוָ֣ה,есмь Яхве,есмь Господь
ВЗ,deuteronomy,Второзаконие,5,9,7,יְהוָ֤ה,Яхве,Господь
ВЗ,deuteronomy,Второзаконие,5,11,4,יְהוָ֥ה,Яхве,Господь
ВЗ,deuteronomy,Второзаконие,5,11,10,יְהוָ֔ה,Яхве,Господь
ВЗ,deuteronomy,Второзаконие,5,12,7,יְהוָ֥֣ה,Яхве,Господь
ВЗ,deuteronomy,Второзаконие,5,14,3,לַיהוָ֣֥ה,"к, Яхве","к, Господь"
ВЗ,deuteronomy,Второзаконие,5,15,7,יְהוָ֤֨ה,Яхве,Господь
ВЗ,deuteronomy,Второзаконие,5,15,17,יְהוָ֣ה,Яхве,Господь
ВЗ,deuteronomy,Второзаконие,5,16,7,יְהוָ֣ה,Яхве,Господь
ВЗ,deuteronomy,Второзаконие,5,16,18,יְהוָ֥ה,Яхве,Господь
ВЗ,deuteronomy,Второзаконие,5,22,4,יְהוָ֨ה,Яхве,Господь
ВЗ,deuteronomy,Второзаконие,5,23,0,וַיְהִ֗י,"и, оно был",и было
ВЗ,deuteronomy,Второзаконие,5,24,3,יְהוָ֤ה,Яхве,Господь
ВЗ,deuteronomy,Второзаконие,5,25,14,יְהוָ֧ה,Яхве,Господь
ВЗ,deuteronomy,Второзаконие,5,27,7,יְהוָ֣ה,Яхве,Господь
ВЗ,deuteronomy,Второзаконие,5,27,16,יְהוָ֧ה,Яхве,Господь
ВЗ,deuteronomy,Второзаконие,5,28,1,יְהוָה֙,Яхве,Господь
ВЗ,deuteronomy,Второзаконие,5,28,8,יְהוָ֜ה,Яхве,Господь
ВЗ,deuteronomy,Второзаконие,5,32,4,יְהוָ֥ה,Яхве,Господь
ВЗ,deuteronomy,Второзаконие,5,33,4,יְהוָ֧ה,Яхве,Господь
ВЗ,deuteronomy,Второзаконие,6,1,6,יְהוָ֥ה,Яхве,Господь
ВЗ,deuteronomy,Второзаконие,6,1,8,לְלַמֵּ֣ד,"к, учить",понять
ВЗ,deuteronomy,Второзаконие,6,2,3,יְהוָ֣ה,Яхве,Господь
ВЗ,deuteronomy,Второзаконие,6,3,12,יְהוָ֜ה,Яхве,Господь
ВЗ,deuteronomy,Второзаконие,6,4,2,יְהוָ֥ה,Яхве,Господь
ВЗ,deuteronomy,Второзаконие,6,4,4,יְהוָ֥ה\׀,Яхве,Господь
ВЗ,deuteronomy,Второзаконие,6,5,2,יְהוָ֣ה,Яхве,Господь
ВЗ,deuteronomy,Второзаконие,6,10,3,יְהוָ֣ה,Яхве,Господь
ВЗ,deuteronomy,Второзаконие,6,12,5,יְהוָ֑ה,Яхве,Господь
ВЗ,deuteronomy,Второзаконие,6,13,1,יְהוָ֧ה,Яхве,Господь
ВЗ,deuteronomy,Второзаконие,6,15,3,יְהוָ֥ה,Яхве,Господь
ВЗ,deuteronomy,Второзаконие,6,15,9,יְהוָ֤ה,Яхве,Господь
ВЗ,deuteronomy,Второзаконие,6,16,3,יְהוָ֖ה,Яхве,Господь
ВЗ,deuteronomy,Второзаконие,6,17,4,יְהוָ֣ה,Яхве,Господь
ВЗ,deuteronomy,Второзаконие,6,18,4,יְהוָ֑ה,Яхве,Господь
ВЗ,deuteronomy,Второзаконие,6,18,15,יְהוָ֖ה,Яхве,Господь
ВЗ,deuteronomy,Второзаконие,6,19,7,יְהוָֽה\׃\ \ס,Яхве,Господь
ВЗ,deuteronomy,Второзаконие,6,20,4,לֵאמֹ֑ר,"к, говоря",говоря
ВЗ,deuteronomy,Второзаконие,6,20,11,יְהוָ֥ה,Яхве,Господь
ВЗ,deuteronomy,Второзаконие,6,21,7,יְהוָ֛ה,Яхве,Господь
ВЗ,deuteronomy,Второзаконие,6,22,1,יְהוָ֡ה,Яхве,Господь
ВЗ,deuteronomy,Второзаконие,6,24,1,יְהוָ֗ה,Яхве,Господь
ВЗ,deuteronomy,Второзаконие,6,24,9,יְהוָ֣ה,Яхве,Господь
ВЗ,deuteronomy,Второзаконие,6,25,11,יְהוָ֥ה,Яхве,Господь
ВЗ,deuteronomy,Второзаконие,7,1,2,יְהוָ֣ה,Яхве,Господь
ВЗ,deuteronomy,Второзаконие,7,2,1,יְהוָ֧ה,Яхве,Господь
ВЗ,deuteronomy,Второзаконие,7,4,10,יְהוָה֙,Яхве,Господь
ВЗ,deuteronomy,Второзаконие,7,6,4,לַיהוָ֖ה,"к, Яхве","к, Господь"
ВЗ,deuteronomy,Второзаконие,7,6,8,יְהוָ֣ה,Яхве,Господь
ВЗ,deuteronomy,Второзаконие,7,7,5,יְהוָ֛ה,Яхве,Господь
ВЗ,deuteronomy,Второзаконие,7,8,2,יְהוָ֜ה,Яхве,Господь
ВЗ,deuteronomy,Второзаконие,7,8,11,יְהוָ֛ה,Яхве,Господь
ВЗ,deuteronomy,Второзаконие,7,9,2,יְהוָ֥ה,Яхве,Господь
ВЗ,deuteronomy,Второзаконие,7,10,11,לֽוֹ\׃,"к, его",к нему
ВЗ,deuteronomy,Второзаконие,7,12,10,יְהוָ֨ה,Яхве,Господь
ВЗ,deuteronomy,Второзаконие,7,15,1,יְהוָ֛ה,Яхве,Господь
ВЗ,deuteronomy,Второзаконие,7,16,5,יְהוָ֤ה,Яхве,Господь
ВЗ,deuteronomy,Второзаконие,7,18,8,יְהוָ֣ה,Яхве,Господь
ВЗ,deuteronomy,Второзаконие,7,19,13,יְהוָ֣ה,Яхве,Господь
ВЗ,deuteronomy,Второзаконие,7,19,17,יְהוָ֤ה,Яхве,Господь
ВЗ,deuteronomy,Второзаконие,7,20,4,יְהוָ֥ה,Яхве,Господь
ВЗ,deuteronomy,Второзаконие,7,21,4,יְהוָ֤ה,Яхве,Господь
ВЗ,deuteronomy,Второзаконие,7,22,1,יְהוָ֨ה,Яхве,Господь
ВЗ,deuteronomy,Второзаконие,7,23,1,יְהוָ֥ה,Яхве,Господь
ВЗ,deuteronomy,Второзаконие,7,25,16,יְהוָ֥ה,Яхве,Господь
ВЗ,deuteronomy,Второзаконие,8,1,17,יְהוָ֖ה,Яхве,Господь
ВЗ,deuteronomy,Второзаконие,8,2,6,יְהוָ֧ה,Яхве,Господь
ВЗ,deuteronomy,Второзаконие,8,3,25,יְהוָ֖ה,Яхве,Господь
ВЗ,deuteronomy,Второзаконие,8,5,9,יְהוָ֥ה,Яхве,Господь
ВЗ,deuteronomy,Второзаконие,8,6,3,יְהוָ֣ה,Яхве,Господь
ВЗ,deuteronomy,Второзаконие,8,7,1,יְהוָ֣ה,Яхве,Господь
ВЗ,deuteronomy,Второзаконие,8,10,4,יְהוָ֣ה,Яхве,Господь
ВЗ,deuteronomy,Второзаконие,8,11,5,יְהוָ֣ה,Яхве,Господь
ВЗ,deuteronomy,Второзаконие,8,14,4,יְהוָ֣ה,Яхве,Господь
ВЗ,deuteronomy,Второзаконие,8,18,2,יְהוָ֣ה,Яхве,Господь
ВЗ,deuteronomy,Второзаконие,8,19,5,יְהוָ֣ה,Яхве,Господь
ВЗ,deuteronomy,Второзаконие,8,20,2,יְהוָה֙,Яхве,Господь
ВЗ,deuteronomy,Второзаконие,8,20,11,יְהוָ֥ה,Яхве,Господь
ВЗ,deuteronomy,Второзаконие,9,3,3,יְהוָ֨ה,Яхве,Господь
ВЗ,deuteronomy,Второзаконие,9,3,20,יְהוָ֖ה,Яхве,Господь
ВЗ,deuteronomy,Второзаконие,9,4,4,יְהוָה֩,Яхве,Господь
ВЗ,deuteronomy,Второзаконие,9,4,8,לֵאמֹר֒,"к, говоря",говоря
ВЗ,deuteronomy,Второзаконие,9,4,11,יְהוָ֔ה,Яхве,Господь
ВЗ,deuteronomy,Второзаконие,9,4,19,יְהוָ֖ה,Яхве,Господь
ВЗ,deuteronomy,Второзаконие,9,5,13,יְהוָ֤ה,Яхве,Господь
ВЗ,deuteronomy,Второзаконие,9,5,23,יְהוָה֙,Яхве,Господь
ВЗ,deuteronomy,Второзаконие,9,6,4,יְהוָ֣ה,Яхве,Господь
ВЗ,deuteronomy,Второзаконие,9,7,7,יְהוָ֥ה,Яхве,Господь
ВЗ,deuteronomy,Второзаконие,9,7,24,יְהוָֽה\׃,Яхве,Господь
ВЗ,deuteronomy,Второзаконие,9,8,3,יְהוָ֑ה,Яхве,Господь
ВЗ,deuteronomy,Второзаконие,9,8,5,יְהוָ֛ה,Яхве,Господь
ВЗ,deuteronomy,Второзаконие,9,9,9,יְהוָ֖ה,Яхве,Господь
ВЗ,deuteronomy,Второзаконие,9,10,1,יְהוָ֜ה,Яхве,Господь
ВЗ,deuteronomy,Второзаконие,9,10,15,יְהוָ֨ה,Яхве,Господь
ВЗ,deuteronomy,Второзаконие,9,11,0,וַיְהִ֗י,"и, оно был",и было
ВЗ,deuteronomy,Второзаконие,9,11,7,יְהוָ֜ה,Яхве,Господь
ВЗ,deuteronomy,Второзаконие,9,12,1,יְהוָ֜ה,Яхве,Господь
ВЗ,deuteronomy,Второзаконие,9,13,1,יְהוָ֖ה,Яхве,Господь
ВЗ,deuteronomy,Второзаконие,9,13,3,לֵאמֹ֑ר,"к, говоря",говоря
ВЗ,deuteronomy,Второзаконие,9,16,3,לַיהוָ֣ה,"к, Яхве","к, Господь"
ВЗ,deuteronomy,Второзаконие,9,16,15,יְהוָ֖ה,Яхве,Господь
ВЗ,deuteronomy,Второзаконие,9,18,2,יְהוָ֜ה,Яхве,Господь
ВЗ,deuteronomy,Второзаконие,9,18,22,יְהוָ֖ה,Яхве,Господь
ВЗ,deuteronomy,Второзаконие,9,19,7,יְהוָ֛ה,Яхве,Господь
ВЗ,deuteronomy,Второзаконие,9,19,12,יְהוָה֙,Яхве,Господь
ВЗ,deuteronomy,Второзаконие,9,20,2,יְהוָ֛ה,Яхве,Господь
ВЗ,deuteronomy,Второзаконие,9,22,7,יְהוָֽה\׃,Яхве,Господь
ВЗ,deuteronomy,Второзаконие,9,23,1,יְהוָ֜ה,Яхве,Господь
ВЗ,deuteronomy,Второзаконие,9,23,5,לֵאמֹ֔ר,"к, говоря",говоря
ВЗ,deuteronomy,Второзаконие,9,23,16,יְהוָה֙,Яхве,Господь
ВЗ,deuteronomy,Второзаконие,9,23,20,ל֔וֹ,"к, его",к нему
ВЗ,deuteronomy,Второзаконие,9,24,3,יְהוָ֑ה,Яхве,Господь
ВЗ,deuteronomy,Второзаконие,9,25,2,יְהוָ֗ה,Яхве,Господь
ВЗ,deuteronomy,Второзаконие,9,25,13,יְהוָ֖ה,Яхве,Господь
ВЗ,deuteronomy,Второзаконие,9,26,2,יְהוָה֮,Яхве,Господь
ВЗ,deuteronomy,Второзаконие,9,26,5,יְהוִ֗ה,Яхве,Господь
ВЗ,deuteronomy,Второзаконие,9,28,8,יְהוָ֔ה,Яхве,Господь
ВЗ,deuteronomy,Второзаконие,10,1,3,יְהוָ֣ה,Яхве,Господь
ВЗ,deuteronomy,Второзаконие,10,4,10,יְהוָ֨ה,Яхве,Господь
ВЗ,deuteronomy,Второзаконие,10,4,18,יְהוָ֖ה,Яхве,Господь
ВЗ,deuteronomy,Второзаконие,10,5,14,יְהוָֽה\׃,Яхве,Господь
ВЗ,deuteronomy,Второзаконие,10,8,3,יְהוָה֙,Яхве,Господь
ВЗ,deuteronomy,Второзаконие,10,8,11,יְהוָ֑ה,Яхве,Господь
ВЗ,deuteronomy,Второзаконие,10,8,14,יְהוָ֤ה,Яхве,Господь
ВЗ,deuteronomy,Второзаконие,10,9,9,יְהוָה֙,Яхве,Господь
ВЗ,deuteronomy,Второзаконие,10,9,14,יְהוָ֥ה,Яхве,Господь
ВЗ,deuteronomy,Второзаконие,10,9,16,לֽוֹ\׃,"к, его",к нему
ВЗ,deuteronomy,Второзаконие,10,10,10,יְהוָ֜ה,Яхве,Господь
ВЗ,deuteronomy,Второзаконие,10,10,17,יְהוָ֖ה,Яхве,Господь
ВЗ,deuteronomy,Второзаконие,10,11,1,יְהוָה֙,Яхве,Господь
ВЗ,deuteronomy,Второзаконие,10,12,3,יְהוָ֣ה,есть Яхве,есть Господь
ВЗ,deuteronomy,Второзаконие,10,12,11,יְהוָ֨ה,Яхве,Господь
ВЗ,deuteronomy,Второзаконие,10,12,20,יְהוָ֣ה,Яхве,Господь
ВЗ,deuteronomy,Второзаконие,10,13,3,יְהוָה֙,Яхве,Господь
ВЗ,deuteronomy,Второзаконие,10,14,1,לַיהוָ֣ה,"принадлежать к, Яхве","принадлежать к, Господь"
ВЗ,deuteronomy,Второзаконие,10,15,3,יְהוָ֖ה,Яхве,Господь
ВЗ,deuteronomy,Второзаконие,10,17,1,יְהוָ֣ה,Яхве,Господь
ВЗ,deuteronomy,Второзаконие,10,18,7,ל֖וֹ,"к, его",к нему
ВЗ,deuteronomy,Второзаконие,10,20,1,יְהוָ֧ה,Яхве,Господь
ВЗ,deuteronomy,Второзаконие,10,20,6,וּב֣וֹ,"и, к, его","и, к нему"
ВЗ,deuteronomy,Второзаконие,10,22,7,יְהוָ֣ה,Яхве,Господь
ВЗ,deuteronomy,Второзаконие,11,1,2,יְהוָ֣ה,Яхве,Господь
ВЗ,deuteronomy,Второзаконие,11,2,14,יְהוָ֣ה,Яхве,Господь
ВЗ,deuteronomy,Второзаконие,11,4,17,יְהוָ֔ה,Яхве,Господь
ВЗ,deuteronomy,Второзаконие,11,7,6,יְהוָ֖ה,Яхве,Господь
ВЗ,deuteronomy,Второзаконие,11,9,7,יְהוָ֧ה,Яхве,Господь
ВЗ,deuteronomy,Второзаконие,11,12,2,יְהוָ֥ה,Яхве,Господь
ВЗ,deuteronomy,Второзаконие,11,12,8,יְהוָ֤ה,Яхве,Господь
ВЗ,deuteronomy,Второзаконие,11,13,13,יְהוָ֤ה,Яхве,Господь
ВЗ,deuteronomy,Второзаконие,11,17,2,יְהוָ֜ה,Яхве,Господь
ВЗ,deuteronomy,Второзаконие,11,17,21,יְהוָ֖ה,Яхве,Господь
ВЗ,deuteronomy,Второзаконие,11,21,9,יְהוָ֛ה,Яхве,Господь
ВЗ,deuteronomy,Второзаконие,11,22,15,יְהוָ֧ה,Яхве,Господь
ВЗ,deuteronomy,Второзаконие,11,22,21,בֽוֹ\׃,"к, его",к нему
ВЗ,deuteronomy,Второзаконие,11,23,1,יְהוָ֛ה,Яхве,Господь
ВЗ,deuteronomy,Второзаконие,11,25,7,יְהוָ֣ה,Яхве,Господь
ВЗ,deuteronomy,Второзаконие,11,27,6,יְהוָ֣ה,Яхве,Господь
ВЗ,deuteronomy,Второзаконие,11,28,6,יְהוָ֣ה,Яхве,Господь
ВЗ,deuteronomy,Второзаконие,11,29,3,יְהוָ֣ה,Яхве,Господь
ВЗ,deuteronomy,Второзаконие,11,31,10,יְהוָ֥ה,Яхве,Господь
ВЗ,deuteronomy,Второзаконие,12,1,9,יְהוָ֜ה,Яхве,Господь
ВЗ,deuteronomy,Второзаконие,12,4,3,לַיהוָ֖ה,"к, Яхве","к, Господь"
ВЗ,deuteronomy,Второзаконие,12,5,6,יְהוָ֤ה,Яхве,Господь
ВЗ,deuteronomy,Второзаконие,12,7,3,יְהוָ֣ה,Яхве,Господь
ВЗ,deuteronomy,Второзаконие,12,7,13,יְהוָ֥ה,Яхве,Господь
ВЗ,deuteronomy,Второзаконие,12,9,10,יְהוָ֥ה,Яхве,Господь
ВЗ,deuteronomy,Второзаконие,12,10,6,יְהוָ֥ה,Яхве,Господь
ВЗ,deuteronomy,Второзаконие,12,11,4,יְהוָ֨ה,Яхве,Господь
ВЗ,deuteronomy,Второзаконие,12,11,28,לַֽיהוָֽה\׃,"к, Яхве","к, Господь"
ВЗ,deuteronomy,Второзаконие,12,12,2,יְהוָ֣ה,Яхве,Господь
ВЗ,deuteronomy,Второзаконие,12,12,14,ל֛וֹ,"принадлежит к, его",принадлежит к нему
ВЗ,deuteronomy,Второзаконие,12,14,5,יְהוָה֙,Яхве,Господь
ВЗ,deuteronomy,Второзаконие,12,15,8,יְהוָ֧ה,Яхве,Господь
ВЗ,deuteronomy,Второзаконие,12,18,3,יְהוָ֨ה,Яхве,Господь
ВЗ,deuteronomy,Второзаконие,12,18,9,יְהוָ֣ה,Яхве,Господь
ВЗ,deuteronomy,Второзаконие,12,18,22,יְהוָ֣ה,Яхве,Господь
ВЗ,deuteronomy,Второзаконие,12,20,2,יְהוָ֨ה,Яхве,Господь
ВЗ,deuteronomy,Второзаконие,12,21,6,יְהוָ֣ה,Яхве,Господь
ВЗ,deuteronomy,Второзаконие,12,21,16,יְהוָה֙,Яхве,Господь
ВЗ,deuteronomy,Второзаконие,12,25,11,יְהוָֽה\׃,Яхве,Господь
ВЗ,deuteronomy,Второзаконие,12,26,12,יְהוָֽה\׃,Яхве,Господь
ВЗ,deuteronomy,Второзаконие,12,27,6,יְהוָ֣ה,Яхве,Господь
ВЗ,deuteronomy,Второзаконие,12,27,13,יְהוָ֣ה,Яхве,Господь
ВЗ,deuteronomy,Второзаконие,12,28,21,יְהוָ֥ה,Яхве,Господь
ВЗ,deuteronomy,Второзаконие,12,29,2,יְהוָ֨ה,Яхве,Господь
ВЗ,deuteronomy,Второзаконие,12,30,11,לֵאמֹ֨ר,"к, говоря",говоря
ВЗ,deuteronomy,Второзаконие,12,31,3,לַיהוָ֖ה,"к, Яхве","к, Господь"
ВЗ,deuteronomy,Второзаконие,12,31,8,יְהוָ֜ה,Яхве,Господь
ВЗ,deuteronomy,Второзаконие,14,1,2,לַֽיהוָ֖ה,Яхве,Господь
ВЗ,deuteronomy,Второзаконие,14,2,4,לַיהוָ֖ה,"к, Яхве","к, Господь"
ВЗ,deuteronomy,Второзаконие,14,2,8,יְהוָ֗ה,Яхве,Господь
ВЗ,deuteronomy,Второзаконие,14,21,16,לַיהוָ֖ה,"к, Яхве","к, Господь"
ВЗ,deuteronomy,Второзаконие,14,23,2,יְהוָ֣ה,Яхве,Господь
ВЗ,deuteronomy,Второзаконие,14,23,21,יְהוָ֥ה,Яхве,Господь
ВЗ,deuteronomy,Второзаконие,14,24,14,יְהוָ֣ה,Яхве,Господь
ВЗ,deuteronomy,Второзаконие,14,24,21,יְהוָ֥ה,Яхве,Господь
ВЗ,deuteronomy,Второзаконие,14,25,10,יְהוָ֥ה,Яхве,Господь
ВЗ,deuteronomy,Второзаконие,14,26,17,יְהוָ֣ה,Яхве,Господь
ВЗ,deuteronomy,Второзаконие,14,27,7,ל֛וֹ,"принадлежит к, его",принадлежит к нему
ВЗ,deuteronomy,Второзаконие,14,29,4,לוֹ֩,"принадлежит к, его",принадлежит к нему
ВЗ,deuteronomy,Второзаконие,14,29,17,יְהוָ֣ה,Яхве,Господь
ВЗ,deuteronomy,Второзаконие,15,2,20,לַֽיהוָֽה\׃,Яхве,Господь
ВЗ,deuteronomy,Второзаконие,15,4,9,יְהוָ֔ה,Яхве,Господь
ВЗ,deuteronomy,Второзаконие,15,4,12,יְהוָ֣ה,Яхве,Господь
ВЗ,deuteronomy,Второзаконие,15,5,5,יְהוָ֣ה,Яхве,Господь
ВЗ,deuteronomy,Второзаконие,15,6,1,יְהוָ֤ה,Яхве,Господь
ВЗ,deuteronomy,Второзаконие,15,7,10,יְהוָ֥ה,Яхве,Господь
ВЗ,deuteronomy,Второзаконие,15,8,5,ל֑וֹ,"к, его",к нему
ВЗ,deuteronomy,Второзаконие,15,8,7,תַּעֲבִיטֶ֔נּוּ,"ты будет ленд к, его",ты будет ленд к нему
ВЗ,deuteronomy,Второзаконие,15,8,9,מַחְסֹר֔וֹ,"лакк, его",лакк нему
ВЗ,deuteronomy,Второзаконие,15,8,12,לֽוֹ\׃,"к, его",к нему
ВЗ,deuteronomy,Второзаконие,15,9,8,לֵאמֹ֗ר,"к, говоря",говоря
ВЗ,deuteronomy,Второзаконие,15,9,20,ל֑וֹ,"к, его",к нему
ВЗ,deuteronomy,Второзаконие,15,9,24,יְהוָ֔ה,Яхве,Господь
ВЗ,deuteronomy,Второзаконие,15,10,2,ל֔וֹ,"к, его",к нему
ВЗ,deuteronomy,Второзаконие,15,10,7,ל֑וֹ,"к, его",к нему
ВЗ,deuteronomy,Второзаконие,15,10,13,יְהוָ֣ה,Яхве,Господь
ВЗ,deuteronomy,Второзаконие,15,11,10,לֵאמֹ֔ר,"к, говоря",говоря
ВЗ,deuteronomy,Второзаконие,15,14,8,יְהוָ֥ה,Яхве,Господь
ВЗ,deuteronomy,Второзаконие,15,14,11,לֽוֹ\׃,"к, его",к нему
ВЗ,deuteronomy,Второзаконие,15,15,7,יְהוָ֣ה,Яхве,Господь
ВЗ,deuteronomy,Второзаконие,15,18,15,יְהוָ֣ה,Яхве,Господь
ВЗ,deuteronomy,Второзаконие,15,19,8,לַיהוָ֣ה,"к, Яхве","к, Господь"
ВЗ,deuteronomy,Второзаконие,15,20,1,יְהוָ֨ה,Яхве,Господь
ВЗ,deuteronomy,Второзаконие,15,20,9,יְהוָ֑ה,Яхве,Господь
ВЗ,deuteronomy,Второзаконие,15,21,12,לַיהוָ֖ה,"к, Яхве","к, Господь"
ВЗ,deuteronomy,Второзаконие,16,1,6,לַיהוָ֖ה,"к, Яхве","к, Господь"
ВЗ,deuteronomy,Второзаконие,16,1,12,יְהוָ֧ה,Яхве,Господь
ВЗ,deuteronomy,Второзаконие,16,2,2,לַיהוָ֥ה,"к, Яхве","к, Господь"
ВЗ,deuteronomy,Второзаконие,16,2,9,יְהוָ֔ה,Яхве,Господь
ВЗ,deuteronomy,Второзаконие,16,5,8,יְהוָ֥ה,Яхве,Господь
ВЗ,deuteronomy,Второзаконие,16,6,6,יְהוָ֤ה,Яхве,Господь
ВЗ,deuteronomy,Второзаконие,16,7,5,יְהוָ֥ה,Яхве,Господь
ВЗ,deuteronomy,Второзаконие,16,8,7,לַיהוָ֣ה,"к, Яхве","к, Господь"
ВЗ,deuteronomy,Второзаконие,16,10,3,לַיהוָ֣ה,"к, Яхве","к, Господь"
ВЗ,deuteronomy,Второзаконие,16,10,12,יְהוָ֥ה,Яхве,Господь
ВЗ,deuteronomy,Второзаконие,16,11,2,יְהוָ֣ה,Яхве,Господь
ВЗ,deuteronomy,Второзаконие,16,11,20,יְהוָ֣ה,Яхве,Господь
ВЗ,deuteronomy,Второзаконие,16,15,3,לַיהוָ֣ה,"к, Яхве","к, Господь"
ВЗ,deuteronomy,Второзаконие,16,15,8,יְהוָ֑ה,Яхве,Господь
ВЗ,deuteronomy,Второзаконие,16,15,11,יְהוָ֣ה,Яхве,Господь
ВЗ,deuteronomy,Второзаконие,16,16,8,יְהוָ֣ה,Яхве,Господь
ВЗ,deuteronomy,Второзаконие,16,16,23,יְהוָ֖ה,Яхве,Господь
ВЗ,deuteronomy,Второзаконие,16,17,4,יְהוָ֥ה,Яхве,Господь
ВЗ,deuteronomy,Второзаконие,16,18,7,יְהוָ֧ה,Яхве,Господь
ВЗ,deuteronomy,Второзаконие,16,20,9,יְהוָ֥ה,Яхве,Господь
ВЗ,deuteronomy,Второзаконие,16,21,8,יְהוָ֥ה,Яхве,Господь
ВЗ,deuteronomy,Второзаконие,16,22,6,יְהוָ֥ה,Яхве,Господь
ВЗ,deuteronomy,Второзаконие,17,1,2,לַיהוָ֨ה,"к, Яхве","к, Господь"
ВЗ,deuteronomy,Второзаконие,17,1,15,יְהוָ֥ה,Яхве,Господь
ВЗ,deuteronomy,Второзаконие,17,2,6,יְהוָ֥ה,Яхве,Господь
ВЗ,deuteronomy,Второзаконие,17,2,18,יְהוָֽה\־,Яхве,Господь
ВЗ,deuteronomy,Второзаконие,17,8,23,יְהוָ֥ה,Яхве,Господь
ВЗ,deuteronomy,Второзаконие,17,10,12,יְהוָ֑ה,Яхве,Господь
ВЗ,deuteronomy,Второзаконие,17,12,12,יְהוָ֣ה,Яхве,Господь
ВЗ,deuteronomy,Второзаконие,17,14,5,יְהוָ֤ה,Яхве,Господь
ВЗ,deuteronomy,Второзаконие,17,15,6,יְהוָ֥ה,Яхве,Господь
ВЗ,deuteronomy,Второзаконие,17,16,13,וַֽיהוָה֙,"и, Яхве","и, Господь"
ВЗ,deuteronomy,Второзаконие,17,19,11,יְהוָ֣ה,Яхве,Господь
ВЗ,deuteronomy,Второзаконие,18,1,12,יְהוָ֛ה,Яхве,Господь
ВЗ,deuteronomy,Второзаконие,18,2,3,לּ֖וֹ,"к, его",к нему
ВЗ,deuteronomy,Второзаконие,18,2,6,יְהוָה֙,Яхве,Господь
ВЗ,deuteronomy,Второзаконие,18,2,11,לֽוֹ\׃\ \ס,"к, его",к нему
ВЗ,deuteronomy,Второзаконие,18,4,8,לּֽוֹ\׃,"к, его",к нему
ВЗ,deuteronomy,Второзаконие,18,5,3,יְהוָ֥ה,Яхве,Господь
ВЗ,deuteronomy,Второзаконие,18,5,10,יְהוָ֛ה,Яхве,Господь
ВЗ,deuteronomy,Второзаконие,18,6,19,יְהוָֽה\׃,Яхве,Господь
ВЗ,deuteronomy,Второзаконие,18,7,2,יְהוָ֣ה,Яхве,Господь
ВЗ,deuteronomy,Второзаконие,18,7,10,יְהוָֽה\׃,Яхве,Господь
ВЗ,deuteronomy,Второзаконие,18,9,6,יְהוָ֥ה,Яхве,Господь
ВЗ,deuteronomy,Второзаконие,18,12,2,יְהוָ֖ה,Яхве,Господь
ВЗ,deuteronomy,Второзаконие,18,12,9,יְהוָ֣ה,Яхве,Господь
ВЗ,deuteronomy,Второзаконие,18,13,3,יְהוָ֥ה,Яхве,Господь
ВЗ,deuteronomy,Второзаконие,18,14,17,יְהוָ֥ה,Яхве,Господь
ВЗ,deuteronomy,Второзаконие,18,15,6,יְהוָ֣ה,Яхве,Господь
ВЗ,deuteronomy,Второзаконие,18,15,8,אֵלָ֖יו,"к, его",к нему
ВЗ,deuteronomy,Второзаконие,18,16,4,יְהוָ֤ה,Яхве,Господь
ВЗ,deuteronomy,Второзаконие,18,16,9,לֵאמֹ֑ר,"к, говоря",говоря
ВЗ,deuteronomy,Второзаконие,18,16,15,יְהוָ֣ה,Яхве,Господь
ВЗ,deuteronomy,Второзаконие,18,17,1,יְהוָ֖ה,Яхве,Господь
ВЗ,deuteronomy,Второзаконие,18,21,10,יְהוָֽה\׃,Яхве,Господь
ВЗ,deuteronomy,Второзаконие,18,22,4,יְהוָ֗ה,Яхве,Господь
ВЗ,deuteronomy,Второзаконие,18,22,15,יְהוָ֑ה,Яхве,Господь
ВЗ,deuteronomy,Второзаконие,19,1,2,יְהוָ֤ה,Яхве,Господь
ВЗ,deuteronomy,Второзаконие,19,1,7,יְהוָ֣ה,Яхве,Господь
ВЗ,deuteronomy,Второзаконие,19,2,7,יְהוָ֣ה,Яхве,Господь
ВЗ,deuteronomy,Второзаконие,19,3,9,יְהוָ֣ה,Яхве,Господь
ВЗ,deuteronomy,Второзаконие,19,4,16,ל֖וֹ,"к, его",к нему
ВЗ,deuteronomy,Второзаконие,19,6,15,וְלוֹ֙,"и, принадлежал к, его","и, принадлежал к нему"
ВЗ,deuteronomy,Второзаконие,19,6,17,מִשְׁפַּט\־,сентенке,высказывание
ВЗ,deuteronomy,Второзаконие,19,6,23,ל֖וֹ,"к, его",к нему
ВЗ,deuteronomy,Второзаконие,19,7,4,לֵאמֹ֑ר,"к, говоря",говоря
ВЗ,deuteronomy,Второзаконие,19,8,2,יְהוָ֤ה,Яхве,Господь
ВЗ,deuteronomy,Второзаконие,19,9,13,יְהוָ֧ה,Яхве,Господь
ВЗ,deuteronomy,Второзаконие,19,10,7,יְהוָ֣ה,Яхве,Господь
ВЗ,deuteronomy,Второзаконие,19,14,12,יְהוָ֣ה,Яхве,Господь
ВЗ,deuteronomy,Второзаконие,19,17,7,יְהוָ֑ה,Яхве,Господь
ВЗ,deuteronomy,Второзаконие,19,19,1,ל֔וֹ,"к, его",к нему
ВЗ,deuteronomy,Второзаконие,20,1,15,יְהוָ֤ה,Яхве,Господь
ВЗ,deuteronomy,Второзаконие,20,4,1,יְהוָ֣ה,Яхве,Господь
ВЗ,deuteronomy,Второзаконие,20,5,4,לֵאמֹר֒,"к, говоря",говоря
ВЗ,deuteronomy,Второзаконие,20,13,1,יְהוָ֥ה,Яхве,Господь
ВЗ,deuteronomy,Второзаконие,20,14,18,יְהוָ֥ה,Яхве,Господь
ВЗ,deuteronomy,Второзаконие,20,16,5,יְהוָ֣ה,Яхве,Господь
ВЗ,deuteronomy,Второзаконие,20,17,11,יְהוָ֥ה,Яхве,Господь
ВЗ,deuteronomy,Второзаконие,20,18,12,לַיהוָ֥ה,"к, Яхве","к, Господь"
ВЗ,deuteronomy,Второзаконие,21,1,5,יְהוָ֨ה,Яхве,Господь
ВЗ,deuteronomy,Второзаконие,21,5,7,יְהוָ֤ה,Яхве,Господь
ВЗ,deuteronomy,Второзаконие,21,5,12,יְהוָ֑ה,Яхве,Господь
ВЗ,deuteronomy,Второзаконие,21,8,5,יְהוָ֔ה,О Яхве,О Господь
ВЗ,deuteronomy,Второзаконие,21,9,9,יְהוָֽה\׃\ \ס,Яхве,Господь
ВЗ,deuteronomy,Второзаконие,21,10,6,יְהוָ֧ה,Яхве,Господь
ВЗ,deuteronomy,Второзаконие,21,15,10,ל֣וֹ,"к, его",к нему
ВЗ,deuteronomy,Второзаконие,21,16,8,ל֑וֹ,"к, его",к нему
ВЗ,deuteronomy,Второзаконие,21,17,7,לוֹ֙,"к, его",к нему
ВЗ,deuteronomy,Второзаконие,21,17,13,ל֑וֹ,"к, его",к нему
ВЗ,deuteronomy,Второзаконие,21,17,18,ל֖וֹ,"принадлежит к, его",принадлежит к нему
ВЗ,deuteronomy,Второзаконие,21,22,4,מִשְׁפַּט\־,сентенке,высказывание
ВЗ,deuteronomy,Второзаконие,21,23,19,יְהוָ֣ה,Яхве,Господь
ВЗ,deuteronomy,Второзаконие,22,2,18,לֽוֹ\׃,"к, его",к нему
ВЗ,deuteronomy,Второзаконие,22,5,13,יְהוָ֥ה,Яхве,Господь
ВЗ,deuteronomy,Второзаконие,22,17,5,לֵאמֹ֗ר,"к, говоря",говоря
ВЗ,deuteronomy,Второзаконие,24,4,18,יְהוָ֑ה,Яхве,Господь
ВЗ,deuteronomy,Второзаконие,24,4,24,יְהוָ֣ה,Яхве,Господь
ВЗ,deuteronomy,Второзаконие,24,9,4,יְהוָ֥ה,Яхве,Господь
ВЗ,deuteronomy,Второзаконие,24,11,6,ב֔וֹ,"к, его",к нему
ВЗ,deuteronomy,Второзаконие,24,13,2,ל֤וֹ,"к, его",к нему
ВЗ,deuteronomy,Второзаконие,24,13,14,יְהוָ֥ה,Яхве,Господь
ВЗ,deuteronomy,Второзаконие,24,15,19,יְהוָ֔ה,Яхве,Господь
ВЗ,deuteronomy,Второзаконие,24,18,6,יְהוָ֥ה,Яхве,Господь
ВЗ,deuteronomy,Второзаконие,24,19,16,יְהוָ֣ה,Яхве,Господь
ВЗ,deuteronomy,Второзаконие,25,5,9,ל֔וֹ,"принадлежит к, его",принадлежит к нему
ВЗ,deuteronomy,Второзаконие,25,8,1,ל֥וֹ,"к, его",к нему
ВЗ,deuteronomy,Второзаконие,25,8,5,אֵלָ֑יו,"к, его",к нему
ВЗ,deuteronomy,Второзаконие,25,9,2,אֵלָיו֮,"к, его",к нему
ВЗ,deuteronomy,Второзаконие,25,15,16,יְהוָ֥ה,Яхве,Господь
ВЗ,deuteronomy,Второзаконие,25,16,2,יְהוָ֥ה,Яхве,Господь
ВЗ,deuteronomy,Второзаконие,25,19,2,יְהוָ֣ה,Яхве,Господь
ВЗ,deuteronomy,Второзаконие,25,19,10,יְהוָֽה\־,Яхве,Господь
ВЗ,deuteronomy,Второзаконие,26,1,6,יְהוָ֣ה,Яхве,Господь
ВЗ,deuteronomy,Второзаконие,26,2,9,יְהוָ֧ה,Яхве,Господь
ВЗ,deuteronomy,Второзаконие,26,2,20,יְהוָ֣ה,Яхве,Господь
ВЗ,deuteronomy,Второзаконие,26,3,8,אֵלָ֗יו,"к, его",к нему
ВЗ,deuteronomy,Второзаконие,26,3,11,לַיהוָ֣ה,"к, Яхве","к, Господь"
ВЗ,deuteronomy,Второзаконие,26,3,19,יְהוָ֛ה,Яхве,Господь
ВЗ,deuteronomy,Второзаконие,26,4,7,יְהוָ֥ה,Яхве,Господь
ВЗ,deuteronomy,Второзаконие,26,5,3,יְהוָ֣ה,Яхве,Господь
ВЗ,deuteronomy,Второзаконие,26,7,2,יְהוָ֖ה,Яхве,Господь
ВЗ,deuteronomy,Второзаконие,26,7,6,יְהוָה֙,Яхве,Господь
ВЗ,deuteronomy,Второзаконие,26,8,1,יְהוָה֙,Яхве,Господь
ВЗ,deuteronomy,Второзаконие,26,10,10,יְהוָ֑ה,О Яхве,О Господь
ВЗ,deuteronomy,Второзаконие,26,10,13,יְהוָ֣ה,Яхве,Господь
ВЗ,deuteronomy,Второзаконие,26,10,17,יְהוָ֥ה,Яхве,Господь
ВЗ,deuteronomy,Второзаконие,26,11,6,יְהוָ֥ה,Яхве,Господь
ВЗ,deuteronomy,Второзаконие,26,13,2,יְהוָ֨ה,Яхве,Господь
ВЗ,deuteronomy,Второзаконие,26,14,14,יְהוָ֣ה,Яхве,Господь
ВЗ,deuteronomy,Второзаконие,26,16,2,יְהוָ֨ה,Яхве,Господь
ВЗ,deuteronomy,Второзаконие,26,17,1,יְהוָ֥ה,Яхве,Господь
ВЗ,deuteronomy,Второзаконие,26,18,0,וַֽיהוָ֞ה,"и, Яхве","и, Господь"
ВЗ,deuteronomy,Второзаконие,26,19,13,לַיהוָ֥ה,"к, Яхве","к, Господь"
ВЗ,deuteronomy,Второзаконие,27,1,6,לֵאמֹ֑ר,"к, говоря",говоря
ВЗ,deuteronomy,Второзаконие,27,2,9,יְהוָ֥ה,Яхве,Господь
ВЗ,deuteronomy,Второзаконие,27,3,14,יְהוָ֥ה,Яхве,Господь
ВЗ,deuteronomy,Второзаконие,27,3,24,יְהוָ֥ה,Яхве,Господь
ВЗ,deuteronomy,Второзаконие,27,5,3,לַיהוָ֖ה,"к, Яхве","к, Господь"
ВЗ,deuteronomy,Второзаконие,27,6,5,יְהוָ֣ה,Яхве,Господь
ВЗ,deuteronomy,Второзаконие,27,6,10,לַיהוָ֖ה,"к, Яхве","к, Господь"
ВЗ,deuteronomy,Второзаконие,27,7,6,יְהוָ֥ה,Яхве,Господь
ВЗ,deuteronomy,Второзаконие,27,9,7,לֵאמֹ֑ר,"к, говоря",говоря
ВЗ,deuteronomy,Второзаконие,27,9,15,לַיהוָ֖ה,Яхве,Господь
ВЗ,deuteronomy,Второзаконие,27,10,2,יְהוָ֣ה,Яхве,Господь
ВЗ,deuteronomy,Второзаконие,27,11,6,לֵאמֹֽר\׃,"к, говоря",говоря
ВЗ,deuteronomy,Второзаконие,27,15,7,יְהוָ֗ה,Яхве,Господь
ВЗ,deuteronomy,Второзаконие,28,1,5,יְהוָ֣ה,Яхве,Господь
ВЗ,deuteronomy,Второзаконие,28,1,17,יְהוָ֤ה,Яхве,Господь
ВЗ,deuteronomy,Второзаконие,28,2,9,יְהוָ֥ה,Яхве,Господь
ВЗ,deuteronomy,Второзаконие,28,7,1,יְהוָ֤ה,Яхве,Господь
ВЗ,deuteronomy,Второзаконие,28,8,1,יְהוָ֤ה,Яхве,Господь
ВЗ,deuteronomy,Второзаконие,28,8,12,יְהוָ֥ה,Яхве,Господь
ВЗ,deuteronomy,Второзаконие,28,9,1,יְהוָ֥ה,Яхве,Господь
ВЗ,deuteronomy,Второзаконие,28,9,12,יְהוָ֣ה,Яхве,Господь
ВЗ,deuteronomy,Второзаконие,28,10,6,יְהוָ֖ה,Яхве,Господь
ВЗ,deuteronomy,Второзаконие,28,11,1,יְהוָה֙,Яхве,Господь
ВЗ,deuteronomy,Второзаконие,28,11,13,יְהוָ֛ה,Яхве,Господь
ВЗ,deuteronomy,Второзаконие,28,12,1,יְהוָ֣ה\׀,Яхве,Господь
ВЗ,deuteronomy,Второзаконие,28,13,1,יְהוָ֤ה,Яхве,Господь
ВЗ,deuteronomy,Второзаконие,28,13,15,יְהוָ֣ה,Яхве,Господь
ВЗ,deuteronomy,Второзаконие,28,15,5,יְהוָ֣ה,Яхве,Господь
ВЗ,deuteronomy,Второзаконие,28,20,1,יְהוָ֣ה\׀,Яхве,Господь
ВЗ,deuteronomy,Второзаконие,28,21,1,יְהוָ֛ה,Яхве,Господь
ВЗ,deuteronomy,Второзаконие,28,22,1,יְ֠הוָה,Яхве,Господь
ВЗ,deuteronomy,Второзаконие,28,24,1,יְהוָ֛ה,Яхве,Господь
ВЗ,deuteronomy,Второзаконие,28,25,1,יְהוָ֥ה\׀,Яхве,Господь
ВЗ,deuteronomy,Второзаконие,28,27,1,יְהוָ֜ה,Яхве,Господь
ВЗ,deuteronomy,Второзаконие,28,28,1,יְהוָ֔ה,Яхве,Господь
ВЗ,deuteronomy,Второзаконие,28,35,1,יְהוָ֜ה,Яхве,Господь
ВЗ,deuteronomy,Второзаконие,28,36,1,יְהוָ֜ה,Яхве,Господь
ВЗ,deuteronomy,Второзаконие,28,37,8,יְהוָ֖ה,Яхве,Господь
ВЗ,deuteronomy,Второзаконие,28,44,4,תַלְוֶ֑נּוּ,"ты будет ленд к, его",ты будет ленд к нему
ВЗ,deuteronomy,Второзаконие,28,45,13,יְהוָ֣ה,Яхве,Господь
ВЗ,deuteronomy,Второзаконие,28,47,5,יְהוָ֣ה,Яхве,Господь
ВЗ,deuteronomy,Второзаконие,28,48,5,יְהוָה֙,Яхве,Господь
ВЗ,deuteronomy,Второзаконие,28,49,1,יְהוָה֩,Яхве,Господь
ВЗ,deuteronomy,Второзаконие,28,52,23,יְהוָ֥ה,Яхве,Господь
ВЗ,deuteronomy,Второзаконие,28,53,9,יְהוָ֣ה,Яхве,Господь
ВЗ,deuteronomy,Второзаконие,28,55,9,ל֖וֹ,"к, его",к нему
ВЗ,deuteronomy,Второзаконие,28,58,19,יְהוָ֥ה,Яхве,Господь
ВЗ,deuteronomy,Второзаконие,28,59,1,יְהוָה֙,Яхве,Господь
ВЗ,deuteronomy,Второзаконие,28,61,12,יְהוָה֙,Яхве,Господь
ВЗ,deuteronomy,Второзаконие,28,62,13,יְהוָ֥ה,Яхве,Господь
ВЗ,deuteronomy,Второзаконие,28,63,3,יְהוָ֜ה,Яхве,Господь
ВЗ,deuteronomy,Второзаконие,28,63,11,יְהוָה֙,Яхве,Господь
ВЗ,deuteronomy,Второзаконие,28,64,1,יְהוָה֙,Яхве,Господь
ВЗ,deuteronomy,Второзаконие,28,65,10,יְהוָ֨ה,Яхве,Господь
ВЗ,deuteronomy,Второзаконие,28,68,1,יְהוָ֥ה\׀,Яхве,Господь
ВЗ,deuteronomy,Второзаконие,30,1,19,יְהוָ֥ה,Яхве,Господь
ВЗ,deuteronomy,Второзаконие,30,2,2,יְהוָ֤ה,Яхве,Господь
ВЗ,deuteronomy,Второзаконие,30,3,1,יְהוָ֧ה,Яхве,Господь
ВЗ,deuteronomy,Второзаконие,30,3,12,יְהוָ֥ה,Яхве,Господь
ВЗ,deuteronomy,Второзаконие,30,4,7,יְהוָ֣ה,Яхве,Господь
ВЗ,deuteronomy,Второзаконие,30,5,1,יְהוָ֣ה,Яхве,Господь
ВЗ,deuteronomy,Второзаконие,30,6,1,יְהוָ֧ה,Яхве,Господь
ВЗ,deuteronomy,Второзаконие,30,6,10,יְהוָ֧ה,Яхве,Господь
ВЗ,deuteronomy,Второзаконие,30,7,1,יְהוָ֣ה,Яхве,Господь
ВЗ,deuteronomy,Второзаконие,30,8,4,יְהוָ֑ה,Яхве,Господь
ВЗ,deuteronomy,Второзаконие,30,9,1,יְהוָ֨ה,Яхве,Господь
ВЗ,deuteronomy,Второзаконие,30,9,15,יְהוָ֗ה,Яхве,Господь
ВЗ,deuteronomy,Второзаконие,30,10,3,יְהוָ֣ה,Яхве,Господь
ВЗ,deuteronomy,Второзаконие,30,10,15,יְהוָ֣ה,Яхве,Господь
ВЗ,deuteronomy,Второзаконие,30,16,4,יְהוָה,Яхве,Господь
ВЗ,deuteronomy,Второзаконие,30,16,12,יְהוָ֤ה,Яхве,Господь
ВЗ,deuteronomy,Второзаконие,30,16,23,יְהוָ֣ה,Яхве,Господь
ВЗ,deuteronomy,Второзаконие,30,20,2,יְהוָ֣ה,Яхве,Господь
ВЗ,deuteronomy,Второзаконие,30,20,7,ב֑וֹ,"к, его",к нему
ВЗ,deuteronomy,Второзаконие,30,20,18,יְהוָ֧ה,Яхве,Господь
ВЗ,deuteronomy,Второзаконие,31,2,13,וַֽיהוָה֙,"и, Яхве","и, Господь"
ВЗ,deuteronomy,Второзаконие,31,3,0,יְהוָ֨ה,Яхве,Господь
ВЗ,deuteronomy,Второзаконие,31,3,18,יְהוָֽה\׃,Яхве,Господь
ВЗ,deuteronomy,Второзаконие,31,4,1,יְהוָה֙,Яхве,Господь
ВЗ,deuteronomy,Второзаконие,31,5,1,יְהוָ֖ה,Яхве,Господь
ВЗ,deuteronomy,Второзаконие,31,6,8,יְהוָ֣ה,Яхве,Господь
ВЗ,deuteronomy,Второзаконие,31,7,4,אֵלָ֜יו,"к, его",к нему
ВЗ,deuteronomy,Второзаконие,31,7,20,יְהוָ֛ה,Яхве,Господь
ВЗ,deuteronomy,Второзаконие,31,8,0,וַֽיהוָ֞ה,"и, Яхве","и, Господь"
ВЗ,deuteronomy,Второзаконие,31,9,14,יְהוָ֑ה,Яхве,Господь
ВЗ,deuteronomy,Второзаконие,31,10,3,לֵאמֹ֑ר,"к, говоря",говоря
ВЗ,deuteronomy,Второзаконие,31,11,6,יְהוָ֣ה,Яхве,Господь
ВЗ,deuteronomy,Второзаконие,31,12,15,יְהוָ֣ה,Яхве,Господь
ВЗ,deuteronomy,Второзаконие,31,13,8,יְהוָ֣ה,Яхве,Господь
ВЗ,deuteronomy,Второзаконие,31,14,1,יְהוָ֜ה,Яхве,Господь
ВЗ,deuteronomy,Второзаконие,31,15,1,יְהוָ֛ה,Яхве,Господь
ВЗ,deuteronomy,Второзаконие,31,16,1,יְהוָה֙,Яхве,Господь
ВЗ,deuteronomy,Второзаконие,31,24,0,וַיְהִ֣י\׀,"и, оно был",и было
ВЗ,deuteronomy,Второзаконие,31,25,7,יְהוָ֖ה,Яхве,Господь
ВЗ,deuteronomy,Второзаконие,31,25,8,לֵאמֹֽר\׃,"к, говоря",говоря
ВЗ,deuteronomy,Второзаконие,31,26,10,יְהוָ֖ה,Яхве,Господь
ВЗ,deuteronomy,Второзаконие,31,27,16,יְהֹוָ֔ה,Яхве,Господь
ВЗ,deuteronomy,Второзаконие,31,29,23,יְהוָ֔ה,Яхве,Господь
ВЗ,deuteronomy,Второзаконие,32,3,2,יְהוָ֖ה,Яхве,Господь
ВЗ,deuteronomy,Второзаконие,32,5,1,ל֛וֹ,"к, его",к нему
ВЗ,deuteronomy,Второзаконие,32,6,1,לַיְהוָה֙,"к, Яхве","к, Господь"
ВЗ,deuteronomy,Второзаконие,32,9,2,יְהֹוָ֖ה,Яхве,Господь
ВЗ,deuteronomy,Второзаконие,32,12,0,יְהוָ֖ה,Яхве,Господь
ВЗ,deuteronomy,Второзаконие,32,19,1,יְהוָ֖ה,Яхве,Господь
ВЗ,deuteronomy,Второзаконие,32,27,12,יְהוָ֖ה,Яхве,Господь
ВЗ,deuteronomy,Второзаконие,32,30,12,וַֽיהוָ֖ה,"и, Яхве","и, Господь"
ВЗ,deuteronomy,Второзаконие,32,36,2,יְהוָה֙,Яхве,Господь
ВЗ,deuteronomy,Второзаконие,32,48,1,יְהוָה֙,Яхве,Господь
ВЗ,deuteronomy,Второзаконие,32,48,7,לֵאמֹֽר\׃,"к, говоря",говоря
ВЗ,deuteronomy,Второзаконие,33,2,1,יְהוָ֞ה,Яхве,Господь
ВЗ,deuteronomy,Второзаконие,33,7,4,יְהוָה֙,О Яхве,О Господь
ВЗ,deuteronomy,Второзаконие,33,11,1,יְהוָה֙,О Яхве,О Господь
ВЗ,deuteronomy,Второзаконие,33,12,3,יְהֹוָ֔ה,Яхве,Господь
ВЗ,deuteronomy,Второзаконие,33,13,3,יְהֹוָ֖ה,Яхве,Господь
ВЗ,deuteronomy,Второзаконие,33,17,3,ל֗וֹ,"принадлежит к, его",принадлежит к нему
ВЗ,deuteronomy,Второзаконие,33,21,12,יְהוָה֙,Яхве,Господь
ВЗ,deuteronomy,Второзаконие,33,23,7,יְהוָ֑ה,Яхве,Господь
ВЗ,deuteronomy,Второзаконие,33,29,6,בַּֽיהוָ֔ה,"через, Яхве","через, Господь"
ВЗ,deuteronomy,Второзаконие,34,1,14,יְהוָ֧ה,Яхве,Господь
ВЗ,deuteronomy,Второзаконие,34,4,1,יְהוָ֜ה,Яхве,Господь
ВЗ,deuteronomy,Второзаконие,34,4,2,אֵלָ֗יו,"к, его",к нему
ВЗ,deuteronomy,Второзаконие,34,4,10,לֵאמֹ֔ר,"к, говоря",говоря
ВЗ,deuteronomy,Второзаконие,34,5,4,יְהוָ֛ה,Яхве,Господь
ВЗ,deuteronomy,Второзаконие,34,5,9,יְהוָֽה\׃,Яхве,Господь
ВЗ,deuteronomy,Второзаконие,34,9,13,אֵלָ֤יו,"к, его",к нему
ВЗ,deuteronomy,Второзаконие,34,9,19,יְהוָ֖ה,Яхве,Господь
ВЗ,deuteronomy,Второзаконие,34,10,8,יְהוָ֔ה,Яхве,Господь
ВЗ,deuteronomy,Второзаконие,34,11,5,יְהוָ֔ה,Яхве,Господь
ВЗ,joshua,Иисус Навин,1,1,0,וַיְהִ֗י,"и, оно был",и было
ВЗ,joshua,Иисус Навин,1,1,5,יְהוָ֑ה,Яхве,Господь
ВЗ,joshua,Иисус Навин,1,1,7,יְהוָה֙,Яхве,Господь
ВЗ,joshua,Иисус Навин,1,1,14,לֵאמֹֽר\׃,"к, говоря",говоря
ВЗ,joshua,Иисус Навин,1,9,10,יְהוָ֣ה,Яхве,Господь
ВЗ,joshua,Иисус Навин,1,10,5,לֵאמֹֽר\׃,"к, говоря",говоря
ВЗ,joshua,Иисус Навин,1,11,6,לֵאמֹ֔ר,"к, говоря",говоря
ВЗ,joshua,Иисус Навин,1,11,24,יְהוָ֣ה,Яхве,Господь
ВЗ,joshua,Иисус Навин,1,12,7,לֵאמֹֽר\׃,"к, говоря",говоря
ВЗ,joshua,Иисус Навин,1,13,8,יְהוָ֖ה,Яхве,Господь
ВЗ,joshua,Иисус Навин,1,13,9,לֵאמֹ֑ר,"к, говоря",говоря
ВЗ,joshua,Иисус Навин,1,13,10,יְהוָ֤ה,Яхве,Господь
ВЗ,joshua,Иисус Навин,1,15,3,יְהוָ֥ה\׀,Яхве,Господь
ВЗ,joshua,Иисус Навин,1,15,12,יְהוָ֥ה,Яхве,Господь
ВЗ,joshua,Иисус Навин,1,15,26,יְהוָ֔ה,Яхве,Господь
ВЗ,joshua,Иисус Навин,1,16,3,לֵאמֹ֑ר,"к, говоря",говоря
ВЗ,joshua,Иисус Навин,1,17,10,יְהוָ֤ה,Яхве,Господь
ВЗ,joshua,Иисус Навин,2,1,10,לֵאמֹ֔ר,"к, говоря",говоря
ВЗ,joshua,Иисус Навин,2,2,0,וַיֵּ֣אָמַ֔ר,"и, оно был сказал",и было сказал
ВЗ,joshua,Иисус Навин,2,2,3,לֵאמֹ֑ר,"к, говоря",говоря
ВЗ,joshua,Иисус Навин,2,3,5,לֵאמֹ֑ר,"к, говоря",говоря
ВЗ,joshua,Иисус Навин,2,5,0,וַיְהִ֨י,"и, оно был",и было
ВЗ,joshua,Иисус Навин,2,9,6,יְהוָ֛ה,Яхве,Господь
ВЗ,joshua,Иисус Навин,2,10,5,יְהוָ֜ה,Яхве,Господь
ВЗ,joshua,Иисус Навин,2,11,10,יְהוָ֣ה,Яхве,Господь
ВЗ,joshua,Иисус Навин,2,12,4,בַּֽיהוָ֔ה,"через, Яхве","через, Господь"
ВЗ,joshua,Иисус Навин,2,14,10,דְּבָרֵ֖נוּ,"бусинесс, наш","дело, наш"
ВЗ,joshua,Иисус Навин,2,14,14,יְהוָ֥ה,Яхве,Господь
ВЗ,joshua,Иисус Навин,2,20,3,דְּבָרֵ֣נוּ,"бусинесс, наш","дело, наш"
ВЗ,joshua,Иисус Навин,2,23,12,ל֔וֹ,"к, его",к нему
ВЗ,joshua,Иисус Навин,2,24,5,יְהוָ֛ה,Яхве,Господь
ВЗ,joshua,Иисус Навин,3,2,0,וַיְהִ֕י,"и, оно был",и было
ВЗ,joshua,Иисус Навин,3,3,3,לֵאמֹר֒,"к, говоря",говоря
ВЗ,joshua,Иисус Навин,3,3,8,יְהוָה֙,Яхве,Господь
ВЗ,joshua,Иисус Навин,3,5,8,יְהוָ֛ה,Яхве,Господь
ВЗ,joshua,Иисус Навин,3,6,4,לֵאמֹ֔ר,"к, говоря",говоря
ВЗ,joshua,Иисус Навин,3,7,1,יְהוָה֙,Яхве,Господь
ВЗ,joshua,Иисус Навин,3,8,7,לֵאמֹ֑ר,"к, говоря",говоря
ВЗ,joshua,Иисус Навин,3,9,10,יְהוָ֥ה,Яхве,Господь
ВЗ,joshua,Иисус Навин,3,13,7,יְהוָ֜ה,Яхве,Господь
ВЗ,joshua,Иисус Навин,3,14,0,וַיְהִ֗י,"и, оно был",и было
ВЗ,joshua,Иисус Навин,3,17,5,יְהוָ֜ה,Яхве,Господь
ВЗ,joshua,Иисус Навин,4,1,0,וַיְהִי֙,"и, оно был",и было
ВЗ,joshua,Иисус Навин,4,1,9,יְהוָ֔ה,Яхве,Господь
ВЗ,joshua,Иисус Навин,4,1,12,לֵאמֹֽר\׃,"к, говоря",говоря
ВЗ,joshua,Иисус Навин,4,3,2,לֵאמֹר֒,"к, говоря",говоря
ВЗ,joshua,Иисус Навин,4,5,6,יְהוָ֛ה,Яхве,Господь
ВЗ,joshua,Иисус Навин,4,6,9,לֵאמֹ֔ר,"к, говоря",говоря
ВЗ,joshua,Иисус Навин,4,7,9,יְהוָ֔ה,Яхве,Господь
ВЗ,joshua,Иисус Навин,4,8,15,יְהוָה֙,Яхве,Господь
ВЗ,joshua,Иисус Навин,4,10,12,יְהוָ֤ה,Яхве,Господь
ВЗ,joshua,Иисус Навин,4,11,0,וַיְהִ֛י,"и, оно был",и было
ВЗ,joshua,Иисус Навин,4,11,8,יְהוָ֛ה,Яхве,Господь
ВЗ,joshua,Иисус Навин,4,13,6,יְהוָה֙,Яхве,Господь
ВЗ,joshua,Иисус Навин,4,14,3,יְהוָה֙,Яхве,Господь
ВЗ,joshua,Иисус Навин,4,15,1,יְהוָ֔ה,Яхве,Господь
ВЗ,joshua,Иисус Навин,4,15,4,לֵאמֹֽר\׃,"к, говоря",говоря
ВЗ,joshua,Иисус Навин,4,17,4,לֵאמֹ֑ר,"к, говоря",говоря
ВЗ,joshua,Иисус Навин,4,18,0,וַ֠יְהִי,"и, оно был",и было
ВЗ,joshua,Иисус Навин,4,18,6,יְהוָה֙,Яхве,Господь
ВЗ,joshua,Иисус Навин,4,21,4,לֵאמֹ֑ר,"к, говоря",говоря
ВЗ,joshua,Иисус Навин,4,21,11,לֵאמֹ֔ר,"к, говоря",говоря
ВЗ,joshua,Иисус Навин,4,22,3,לֵאמֹ֑ר,"к, говоря",говоря
ВЗ,joshua,Иисус Навин,4,23,2,יְהוָ֨ה,Яхве,Господь
ВЗ,joshua,Иисус Навин,4,23,12,יְהוָ֨ה,Яхве,Господь
ВЗ,joshua,Иисус Навин,4,24,7,יְהוָ֔ה,Яхве,Господь
ВЗ,joshua,Иисус Навин,4,24,14,יְהוָ֥ה,Яхве,Господь
ВЗ,joshua,Иисус Навин,5,1,0,וַיְהִ֣י,"и, оно был",и было
ВЗ,joshua,Иисус Навин,5,1,18,יְהוָ֜ה,Яхве,Господь
ВЗ,joshua,Иисус Навин,5,2,3,יְהוָה֙,Яхве,Господь
ВЗ,joshua,Иисус Навин,5,6,19,יְהוָ֑ה,Яхве,Господь
ВЗ,joshua,Иисус Навин,5,6,22,יְהוָה֙,Яхве,Господь
ВЗ,joshua,Иисус Навин,5,6,30,יְהוָ֤ה,Яхве,Господь
ВЗ,joshua,Иисус Навин,5,8,0,וַיְהִ֛י,"и, оно был",и было
ВЗ,joshua,Иисус Навин,5,9,1,יְהוָה֙,Яхве,Господь
ВЗ,joshua,Иисус Навин,5,13,0,וַיְהִ֗י,"и, оно был",и было
ВЗ,joshua,Иисус Навин,5,13,16,אֵלָיו֙,"к, его",к нему
ВЗ,joshua,Иисус Навин,5,13,18,ל֔וֹ,"к, его",к нему
ВЗ,joshua,Иисус Навин,5,14,6,יְהוָ֖ה,Яхве,Господь
ВЗ,joshua,Иисус Навин,5,14,16,ל֔וֹ,"к, его",к нему
ВЗ,joshua,Иисус Навин,5,15,3,יְהוָ֜ה,Яхве,Господь
ВЗ,joshua,Иисус Навин,6,2,1,יְהוָה֙,Яхве,Господь
ВЗ,joshua,Иисус Навин,6,6,20,יְהוָֽה\׃,Яхве,Господь
ВЗ,joshua,Иисус Навин,6,7,11,יְהוָֽה\׃,Яхве,Господь
ВЗ,joshua,Иисус Навин,6,8,0,וַיְהִ֗י,"и, оно был",и было
ВЗ,joshua,Иисус Навин,6,8,12,יְהוָ֔ה,Яхве,Господь
ВЗ,joshua,Иисус Навин,6,8,18,יְהוָ֔ה,Яхве,Господь
ВЗ,joshua,Иисус Навин,6,10,4,לֵאמֹ֗ר,"к, говоря",говоря
ВЗ,joshua,Иисус Навин,6,11,2,יְהוָה֙,Яхве,Господь
ВЗ,joshua,Иисус Навин,6,12,7,יְהוָֽה\׃,Яхве,Господь
ВЗ,joshua,Иисус Навин,6,13,8,יְהוָ֔ה,Яхве,Господь
ВЗ,joshua,Иисус Навин,6,13,20,יְהוָ֔ה,Яхве,Господь
ВЗ,joshua,Иисус Навин,6,15,0,וַיְהִ֣י\׀,"и, оно был",и было
ВЗ,joshua,Иисус Навин,6,16,0,וַיְהִי֙,"и, оно был",и было
ВЗ,joshua,Иисус Навин,6,16,13,יְהוָ֛ה,Яхве,Господь
ВЗ,joshua,Иисус Навин,6,17,7,לַֽיהוָ֑ה,"к, Яхве","к, Господь"
ВЗ,joshua,Иисус Навин,6,19,8,לַֽיהוָ֑ה,"к, Яхве","к, Господь"
ВЗ,joshua,Иисус Навин,6,19,10,יְהוָ֖ה,Яхве,Господь
ВЗ,joshua,Иисус Навин,6,20,4,וַיְהִי֩,"и, оно был",и было
ВЗ,joshua,Иисус Навин,6,24,15,יְהוָֽה\׃,Яхве,Господь
ВЗ,joshua,Иисус Навин,6,26,4,לֵאמֹ֑ר,"к, говоря",говоря
ВЗ,joshua,Иисус Навин,6,26,8,יְהוָ֗ה,Яхве,Господь
ВЗ,joshua,Иисус Навин,6,27,1,יְהוָ֖ה,Яхве,Господь
ВЗ,joshua,Иисус Навин,6,27,4,וַיְהִ֥י,"и, оно был",и было
ВЗ,joshua,Иисус Навин,7,1,19,יְהוָ֖ה,Яхве,Господь
ВЗ,joshua,Иисус Навин,7,2,14,לֵאמֹ֔ר,"к, говоря",говоря
ВЗ,joshua,Иисус Навин,7,3,4,אֵלָיו֮,"к, его",к нему
ВЗ,joshua,Иисус Навин,7,6,9,יְהוָה֙,Яхве,Господь
ВЗ,joshua,Иисус Навин,7,7,4,יְהוִ֗ה,Яхве,Господь
ВЗ,joshua,Иисус Навин,7,10,1,יְהוָ֛ה,Яхве,Господь
ВЗ,joshua,Иисус Навин,7,13,10,יְהוָ֜ה,Яхве,Господь
ВЗ,joshua,Иисус Навин,7,14,7,יְהוָ֜ה,Яхве,Господь
ВЗ,joshua,Иисус Навин,7,14,13,יְהוָה֙,Яхве,Господь
ВЗ,joshua,Иисус Навин,7,14,19,יְהוָ֔ה,Яхве,Господь
ВЗ,joshua,Иисус Навин,7,15,9,ל֑וֹ,"принадлежит к, его",принадлежит к нему
ВЗ,joshua,Иисус Навин,7,15,14,יְהוָ֔ה,Яхве,Господь
ВЗ,joshua,Иисус Навин,7,16,7,וַיִּלָּכֵ֖ד,"и, оно был взятый через жребий",и было взятый через жребий
ВЗ,joshua,Иисус Навин,7,19,8,לַֽיהוָ֛ה,"к, Яхве","к, Господь"
ВЗ,joshua,Иисус Навин,7,19,12,ל֣וֹ,"к, его",к нему
ВЗ,joshua,Иисус Навин,7,20,8,לַֽיהוָה֙,"к, Яхве","к, Господь"
ВЗ,joshua,Иисус Навин,7,23,12,יְהוָֽה\׃,Яхве,Господь
ВЗ,joshua,Иисус Навин,7,24,28,ל֔וֹ,"принадлежал к, его",принадлежал к нему
ВЗ,joshua,Иисус Навин,7,25,5,יְהוָ֖ה,Яхве,Господь
ВЗ,joshua,Иисус Навин,7,26,9,יְהוָ֖ה,Яхве,Господь
ВЗ,joshua,Иисус Навин,8,1,1,יְהוָ֤ה,Яхве,Господь
ВЗ,joshua,Иисус Навин,8,4,2,לֵאמֹ֗ר,"к, говоря",говоря
ВЗ,joshua,Иисус Навин,8,7,7,יְהוָ֥ה,Яхве,Господь
ВЗ,joshua,Иисус Навин,8,8,9,יְהוָ֖ה,Яхве,Господь
ВЗ,joshua,Иисус Навин,8,14,0,וַיְהִ֞י,"и, оно был",и было
ВЗ,joshua,Иисус Навин,8,18,1,יְהוָ֜ה,Яхве,Господь
ВЗ,joshua,Иисус Навин,8,22,17,ל֖וֹ,"к, его",к нему
ВЗ,joshua,Иисус Навин,8,24,0,וַיְהִ֣י,"и, оно был",и было
ВЗ,joshua,Иисус Навин,8,25,0,וַיְהִי֩,"и, оно был",и было
ВЗ,joshua,Иисус Навин,8,27,9,יְהוָ֔ה,Яхве,Господь
ВЗ,joshua,Иисус Навин,8,30,4,לַֽיהוָ֖ה,"к, Яхве","к, Господь"
ВЗ,joshua,Иисус Навин,8,31,4,יְהוָ֜ה,Яхве,Господь
ВЗ,joshua,Иисус Навин,8,31,23,לַֽיהוָ֔ה,"к, Яхве","к, Господь"
ВЗ,joshua,Иисус Навин,8,33,15,יְהוָ֗ה,Яхве,Господь
ВЗ,joshua,Иисус Навин,8,33,32,יְהוָ֗ה,Яхве,Господь
ВЗ,joshua,Иисус Навин,9,1,0,וַיְהִ֣י,"и, оно был",и было
ВЗ,joshua,Иисус Навин,9,6,7,אֵלָ֜יו,"к, его",к нему
ВЗ,joshua,Иисус Навин,9,9,1,אֵלָ֗יו,"к, его",к нему
ВЗ,joshua,Иисус Навин,9,9,8,יְהוָ֣ה,Яхве,Господь
ВЗ,joshua,Иисус Навин,9,11,6,לֵאמֹ֗ר,"к, говоря",говоря
ВЗ,joshua,Иисус Навин,9,14,5,יְהוָ֖ה,Яхве,Господь
ВЗ,joshua,Иисус Навин,9,16,0,וַיְהִ֗י,"и, оно был",и было
ВЗ,joshua,Иисус Навин,9,16,13,אֵלָ֔יו,"к, его",к нему
ВЗ,joshua,Иисус Навин,9,18,9,בַּֽיהוָ֖ה,"через, Яхве","через, Господь"
ВЗ,joshua,Иисус Навин,9,19,9,בַּֽיהוָ֖ה,"через, Яхве","через, Господь"
ВЗ,joshua,Иисус Навин,9,22,5,לֵאמֹ֑ר,"к, говоря",говоря
ВЗ,joshua,Иисус Навин,9,22,9,לֵאמֹ֗ר,"к, говоря",говоря
ВЗ,joshua,Иисус Навин,9,24,11,יְהוָ֤ה,Яхве,Господь
ВЗ,joshua,Иисус Навин,9,27,10,יְהוָה֙,Яхве,Господь
ВЗ,joshua,Иисус Навин,10,1,0,וַיְהִי֩,"и, оно был",и было
ВЗ,joshua,Иисус Навин,10,3,21,לֵאמֹֽר\׃,"к, говоря",говоря
ВЗ,joshua,Иисус Навин,10,6,8,לֵאמֹ֔ר,"к, говоря",говоря
ВЗ,joshua,Иисус Навин,10,8,1,יְהוָ֤ה,Яхве,Господь
ВЗ,joshua,Иисус Навин,10,10,1,יְהוָה֙,Яхве,Господь
ВЗ,joshua,Иисус Навин,10,11,0,וַיְהִ֞י,"и, оно был",и было
ВЗ,joshua,Иисус Навин,10,11,8,וַֽיהוָ֡ה,"и, Яхве","и, Господь"
ВЗ,joshua,Иисус Навин,10,12,3,לַֽיהוָ֔ה,"к, Яхве","к, Господь"
ВЗ,joshua,Иисус Навин,10,12,6,יְהוָה֙,Яхве,Господь
ВЗ,joshua,Иисус Навин,10,13,0,וַיִּדֹּ֨ם,"и, оно был ещё",и было ещё
ВЗ,joshua,Иисус Навин,10,14,7,יְהוָ֖ה,Яхве,Господь
ВЗ,joshua,Иисус Навин,10,14,11,יְהוָ֔ה,Яхве,Господь
ВЗ,joshua,Иисус Навин,10,17,0,וַיֻּגַּ֖ד,"и, оно был сказал",и было сказал
ВЗ,joshua,Иисус Навин,10,17,2,לֵאמֹ֑ר,"к, говоря",говоря
ВЗ,joshua,Иисус Навин,10,19,15,יְהוָ֥ה,Яхве,Господь
ВЗ,joshua,Иисус Навин,10,20,0,וַיְהִי֩,"и, оно был",и было
ВЗ,joshua,Иисус Навин,10,21,15,לְשֹׁנֽוֹ\׃,"язык, его",язык нему
ВЗ,joshua,Иисус Навин,10,23,3,אֵלָ֗יו,"к, его",к нему
ВЗ,joshua,Иисус Навин,10,24,0,וַ֠יְהִי,"и, оно был",и было
ВЗ,joshua,Иисус Навин,10,25,12,יְהוָה֙,Яхве,Господь
ВЗ,joshua,Иисус Навин,10,27,0,וַיְהִ֞י,"и, оно был",и было
ВЗ,joshua,Иисус Навин,10,30,1,יְהוָ֨ה,Яхве,Господь
ВЗ,joshua,Иисус Навин,10,32,1,יְהוָ֨ה,Яхве,Господь
ВЗ,joshua,Иисус Навин,10,33,15,ל֖וֹ,"к, его",к нему
ВЗ,joshua,Иисус Навин,10,40,21,יְהוָ֖ה,Яхве,Господь
ВЗ,joshua,Иисус Навин,10,42,11,יְהוָה֙,Яхве,Господь
ВЗ,joshua,Иисус Навин,11,1,0,וַיְהִ֕י,"и, оно был",и было
ВЗ,joshua,Иисус Навин,11,6,1,יְהוָ֣ה,Яхве,Господь
ВЗ,joshua,Иисус Навин,11,8,1,יְהוָ֥ה,Яхве,Господь
ВЗ,joshua,Иисус Навин,11,9,5,ל֖וֹ,"к, его",к нему
ВЗ,joshua,Иисус Навин,11,9,6,יְהוָ֑ה,Яхве,Господь
ВЗ,joshua,Иисус Навин,11,12,19,יְהוָֽה\׃,Яхве,Господь
ВЗ,joshua,Иисус Навин,11,15,2,יְהוָה֙,Яхве,Господь
ВЗ,joshua,Иисус Навин,11,15,20,יְהוָ֖ה,Яхве,Господь
ВЗ,joshua,Иисус Навин,11,20,2,יְהוָ֣ה\׀,Яхве,Господь
ВЗ,joshua,Иисус Навин,11,20,22,יְהוָ֖ה,Яхве,Господь
ВЗ,joshua,Иисус Навин,11,23,8,יְהוָה֮,Яхве,Господь
ВЗ,joshua,Иисус Навин,12,6,2,יְהוָ֛ה,Яхве,Господь
ВЗ,joshua,Иисус Навин,12,6,9,יְהוָ֜ה,Яхве,Господь
ВЗ,joshua,Иисус Навин,13,1,5,יְהוָ֜ה,Яхве,Господь
ВЗ,joshua,Иисус Навин,13,1,6,אֵלָ֗יו,"к, его",к нему
ВЗ,joshua,Иисус Навин,13,8,17,יְהוָֽה\׃,Яхве,Господь
ВЗ,joshua,Иисус Навин,13,14,7,יְהוָ֜ה,Яхве,Господь
ВЗ,joshua,Иисус Навин,13,23,0,וַיְהִ֗י,"и, оно был",и было
ВЗ,joshua,Иисус Навин,13,30,0,וַיְהִ֣י,"и, оно был",и было
ВЗ,joshua,Иисус Навин,13,33,6,יְהוָ֞ה,Яхве,Господь
ВЗ,joshua,Иисус Навин,14,2,4,יְהוָה֙,Яхве,Господь
ВЗ,joshua,Иисус Навин,14,5,2,יְהוָה֙,Яхве,Господь
ВЗ,joshua,Иисус Навин,14,6,7,אֵלָ֔יו,"к, его",к нему
ВЗ,joshua,Иисус Навин,14,6,18,יְהוָ֜ה,Яхве,Господь
ВЗ,joshua,Иисус Навин,14,7,7,יְהוָ֥ה,Яхве,Господь
ВЗ,joshua,Иисус Навин,14,8,11,יְהוָ֥ה,Яхве,Господь
ВЗ,joshua,Иисус Навин,14,9,4,לֵאמֹר֒,"к, говоря",говоря
ВЗ,joshua,Иисус Навин,14,9,21,יְהוָ֥ה,Яхве,Господь
ВЗ,joshua,Иисус Навин,14,10,3,יְהוָ֣ה\׀,Яхве,Господь
ВЗ,joshua,Иисус Навин,14,10,13,יְהוָ֜ה,Яхве,Господь
ВЗ,joshua,Иисус Навин,14,12,8,יְהוָ֖ה,Яхве,Господь
ВЗ,joshua,Иисус Навин,14,12,23,יְהוָ֤ה,Яхве,Господь
ВЗ,joshua,Иисус Навин,14,12,28,יְהוָֽה\׃,Яхве,Господь
ВЗ,joshua,Иисус Навин,14,14,16,יְהוָ֖ה,Яхве,Господь
ВЗ,joshua,Иисус Навин,15,1,0,וַיְהִ֣י,"и, оно был",и было
ВЗ,joshua,Иисус Навин,15,2,0,וַיְהִ֤י,"и, оно был",и было
ВЗ,joshua,Иисус Навин,15,13,10,יְהוָ֖ה,Яхве,Господь
ВЗ,joshua,Иисус Навин,15,16,9,ל֛וֹ,"к, его",к нему
ВЗ,joshua,Иисус Навин,15,17,7,ל֛וֹ,"к, его",к нему
ВЗ,joshua,Иисус Навин,15,18,0,וַיְהִ֣י,"и, оно был",и было
ВЗ,joshua,Иисус Навин,16,5,0,וַיְהִ֛י,"и, оно был",и было
ВЗ,joshua,Иисус Навин,16,5,5,וַיְהִ֞י,"и, оно был",и было
ВЗ,joshua,Иисус Навин,17,1,19,ל֖וֹ,"к, его",к нему
ВЗ,joshua,Иисус Навин,17,3,11,ל֛וֹ,"к, его",к нему
ВЗ,joshua,Иисус Навин,17,4,10,לֵאמֹ֔ר,"к, говоря",говоря
ВЗ,joshua,Иисус Навин,17,4,11,יְהוָה֙,Яхве,Господь
ВЗ,joshua,Иисус Навин,17,4,24,יְהוָה֙,Яхве,Господь
ВЗ,joshua,Иисус Навин,17,7,0,וַיְהִ֤י,"и, оно был",и было
ВЗ,joshua,Иисус Навин,17,9,16,וַיְהִ֥י,"и, оно был",и было
ВЗ,joshua,Иисус Навин,17,10,4,וַיְהִ֥י,"и, оно был",и было
ВЗ,joshua,Иисус Навин,17,13,0,וַֽיְהִ֗י,"и, оно был",и было
ВЗ,joshua,Иисус Навин,17,14,5,לֵאמֹ֑ר,"к, говоря",говоря
ВЗ,joshua,Иисус Навин,17,14,22,יְהוָֽה\׃,Яхве,Господь
ВЗ,joshua,Иисус Навин,17,17,7,לֵאמֹ֑ר,"к, говоря",говоря
ВЗ,joshua,Иисус Навин,17,18,18,ל֔וֹ,"принадлежит к, его",принадлежит к нему
ВЗ,joshua,Иисус Навин,18,3,16,יְהוָ֖ה,Яхве,Господь
ВЗ,joshua,Иисус Навин,18,6,14,יְהוָ֥ה,Яхве,Господь
ВЗ,joshua,Иисус Навин,18,7,7,יְהוָ֖ה,Яхве,Господь
ВЗ,joshua,Иисус Навин,18,7,24,יְהוָֽה\׃,Яхве,Господь
ВЗ,joshua,Иисус Навин,18,8,10,לֵאמֹ֗ר,"к, говоря",говоря
ВЗ,joshua,Иисус Навин,18,8,23,יְהוָ֖ה,Яхве,Господь
ВЗ,joshua,Иисус Навин,18,10,6,יְהוָ֑ה,Яхве,Господь
ВЗ,joshua,Иисус Навин,18,11,0,וַיַּ֗עַל,"и, оно пришёл вверх","и, было вверх"
ВЗ,joshua,Иисус Навин,18,12,0,וַיְהִ֨י,"и, оно был",и было
ВЗ,joshua,Иисус Навин,19,1,0,וַיֵּצֵ֞א,"и, оно пришёл вне","и, было вне"
ВЗ,joshua,Иисус Навин,19,1,8,וַֽיְהִי֙,"и, оно был",и было
ВЗ,joshua,Иисус Навин,19,10,0,וַיַּ֙עַל֙,"и, оно пришёл вверх","и, было вверх"
ВЗ,joshua,Иисус Навин,19,10,6,וַיְהִ֛י,"и, оно был",и было
ВЗ,joshua,Иисус Навин,19,17,1,יָצָ֖א,оно пришёл вне,было вне
ВЗ,joshua,Иисус Навин,19,18,0,וַיְהִ֖י,"и, оно был",и было
ВЗ,joshua,Иисус Навин,19,24,0,וַיֵּצֵא֙,"и, оно пришёл вне","и, было вне"
ВЗ,joshua,Иисус Навин,19,25,0,וַיְהִ֖י,"и, оно был",и было
ВЗ,joshua,Иисус Навин,19,32,2,יָצָ֖א,оно пришёл вне,было вне
ВЗ,joshua,Иисус Навин,19,33,0,וַיְהִ֣י,"и, оно был",и было
ВЗ,joshua,Иисус Навин,19,33,10,וַיְהִ֥י,"и, оно был",и было
ВЗ,joshua,Иисус Навин,19,40,4,יָצָ֖א,оно пришёл вне,было вне
ВЗ,joshua,Иисус Навин,19,41,0,וַיְהִ֖י,"и, оно был",и было
ВЗ,joshua,Иисус Навин,19,50,2,יְהוָ֜ה,Яхве,Господь
ВЗ,joshua,Иисус Навин,19,50,4,ל֗וֹ,"к, его",к нему
ВЗ,joshua,Иисус Навин,19,51,17,יְהוָ֔ה,Яхве,Господь
ВЗ,joshua,Иисус Навин,20,1,1,יְהוָ֔ה,Яхве,Господь
ВЗ,joshua,Иисус Навин,20,1,4,לֵאמֹֽר\׃,"к, говоря",говоря
ВЗ,joshua,Иисус Навин,20,2,4,לֵאמֹ֑ר,"к, говоря",говоря
ВЗ,joshua,Иисус Навин,20,4,21,ל֥וֹ,"к, его",к нему
ВЗ,joshua,Иисус Навин,20,5,19,ל֖וֹ,"к, его",к нему
ВЗ,joshua,Иисус Навин,21,2,5,לֵאמֹ֔ר,"к, говоря",говоря
ВЗ,joshua,Иисус Навин,21,2,6,יְהוָה֙,Яхве,Господь
ВЗ,joshua,Иисус Навин,21,3,7,יְהוָ֑ה,Яхве,Господь
ВЗ,joshua,Иисус Навин,21,4,0,וַיֵּצֵ֥א,"и, оно пришёл вне","и, было вне"
ВЗ,joshua,Иисус Навин,21,8,11,יְהוָ֛ה,Яхве,Господь
ВЗ,joshua,Иисус Навин,21,20,7,וַֽיְהִי֙,"и, оно был",и было
ВЗ,joshua,Иисус Навин,21,40,8,וַיְהִי֙,"и, оно был",и было
ВЗ,joshua,Иисус Навин,21,43,1,יְהוָה֙,Яхве,Господь
ВЗ,joshua,Иисус Навин,21,44,1,יְהוָ֤ה,Яхве,Господь
ВЗ,joshua,Иисус Навин,21,44,18,יְהוָ֖ה,Яхве,Господь
ВЗ,joshua,Иисус Навин,21,45,8,יְהוָ֖ה,Яхве,Господь
ВЗ,joshua,Иисус Навин,21,45,13,בָּֽא\׃\ \פ,оно пришёл,было
ВЗ,joshua,Иисус Навин,22,2,11,יְהוָ֑ה,Яхве,Господь
ВЗ,joshua,Иисус Навин,22,3,14,יְהוָ֥ה,Яхве,Господь
ВЗ,joshua,Иисус Навин,22,4,2,יְהוָ֤ה,Яхве,Господь
ВЗ,joshua,Иисус Навин,22,4,21,יְהוָ֔ה,Яхве,Господь
ВЗ,joshua,Иисус Навин,22,5,13,יְהוָה֒,Яхве,Господь
ВЗ,joshua,Иисус Навин,22,5,16,יְהוָ֨ה,Яхве,Господь
ВЗ,joshua,Иисус Навин,22,5,24,ב֑וֹ,"к, его",к нему
ВЗ,joshua,Иисус Навин,22,8,2,לֵאמֹ֗ר,"к, говоря",говоря
ВЗ,joshua,Иисус Навин,22,9,28,יְהוָ֖ה,Яхве,Господь
ВЗ,joshua,Иисус Навин,22,11,3,לֵאמֹ֑ר,"к, говоря",говоря
ВЗ,joshua,Иисус Навин,22,15,16,לֵאמֹֽר\׃,"к, говоря",говоря
ВЗ,joshua,Иисус Навин,22,16,4,יְהוָ֗ה,Яхве,Господь
ВЗ,joshua,Иисус Навин,22,16,15,יְהוָ֑ה,Яхве,Господь
ВЗ,joshua,Иисус Навин,22,16,21,בַּיהוָֽה\׃,"против, Яхве","против, Господь"
ВЗ,joshua,Иисус Навин,22,17,12,וַיְהִ֥י,"и, оно был",и было
ВЗ,joshua,Иисус Навин,22,17,15,יְהוָֽה\׃,Яхве,Господь
ВЗ,joshua,Иисус Навин,22,18,4,יְהוָ֑ה,Яхве,Господь
ВЗ,joshua,Иисус Навин,22,18,9,בַּֽיהוָ֔ה,"против, Яхве","против, Господь"
ВЗ,joshua,Иисус Навин,22,19,10,יְהוָה֙,Яхве,Господь
ВЗ,joshua,Иисус Навин,22,19,15,יְהוָ֔ה,Яхве,Господь
ВЗ,joshua,Иисус Навин,22,19,18,וּבַֽיהוָ֣ה,"и, против, Яхве","и, против, Господь"
ВЗ,joshua,Иисус Навин,22,19,29,יְהוָ֥ה,Яхве,Господь
ВЗ,joshua,Иисус Навин,22,22,2,יְהוָ֜ה,Яхве,Господь
ВЗ,joshua,Иисус Навин,22,22,5,יְהוָה֙,Яхве,Господь
ВЗ,joshua,Иисус Навин,22,22,15,בַּֽיהוָ֔ה,"на, Яхве","на, Господь"
ВЗ,joshua,Иисус Навин,22,23,5,יְהוָ֑ה,Яхве,Господь
ВЗ,joshua,Иисус Навин,22,23,16,יְהוָ֖ה,Яхве,Господь
ВЗ,joshua,Иисус Навин,22,24,7,לֵאמֹ֑ר,"к, говоря",говоря
ВЗ,joshua,Иисус Навин,22,24,12,לֵאמֹ֔ר,"к, говоря",говоря
ВЗ,joshua,Иисус Навин,22,24,15,וְלַֽיהוָ֖ה,"и, к, Яхве","и, к, Господь"
ВЗ,joshua,Иисус Навин,22,25,2,יְ֠הוָה,Яхве,Господь
ВЗ,joshua,Иисус Навин,22,25,14,בַּֽיהוָ֑ה,"в, Яхве","в, Господь"
ВЗ,joshua,Иисус Навин,22,25,22,יְהוָֽה\׃,Яхве,Господь
ВЗ,joshua,Иисус Навин,22,27,11,יְהוָה֙,Яхве,Господь
ВЗ,joshua,Иисус Навин,22,27,24,בַּיהוָֽה\׃,"в, Яхве","в, Господь"
ВЗ,joshua,Иисус Навин,22,28,13,יְהוָ֜ה,Яхве,Господь
ВЗ,joshua,Иисус Навин,22,29,4,בַּֽיהוָ֗ה,"против, Яхве","против, Господь"
ВЗ,joshua,Иисус Навин,22,29,8,יְהוָ֔ה,Яхве,Господь
ВЗ,joshua,Иисус Навин,22,29,16,יְהוָ֣ה,Яхве,Господь
ВЗ,joshua,Иисус Навин,22,30,20,וַיִּיטַ֖ב,"и, оно был хороший",и было хороший
ВЗ,joshua,Иисус Навин,22,31,18,יְהוָ֔ה,Яхве,Господь
ВЗ,joshua,Иисус Навин,22,31,22,בַּֽיהוָ֖ה,"против, Яхве","против, Господь"
ВЗ,joshua,Иисус Навин,22,31,31,יְהוָֽה\׃,Яхве,Господь
ВЗ,joshua,Иисус Навин,22,33,0,וַיִּיטַ֣ב,"и, оно был хороший",и было хороший
ВЗ,joshua,Иисус Навин,22,34,11,יְהוָ֖ה,Яхве,Господь
ВЗ,joshua,Иисус Навин,23,1,0,וַֽיְהִי֙,"и, оно был",и было
ВЗ,joshua,Иисус Навин,23,1,6,יְהוָ֧ה,Яхве,Господь
ВЗ,joshua,Иисус Навин,23,3,6,יְהוָ֧ה,Яхве,Господь
ВЗ,joshua,Иисус Навин,23,3,13,יְהוָ֣ה,Яхве,Господь
ВЗ,joshua,Иисус Навин,23,5,0,וַיהוָ֣ה,"и, Яхве","и, Господь"
ВЗ,joshua,Иисус Навин,23,5,13,יְהוָ֥ה,Яхве,Господь
ВЗ,joshua,Иисус Навин,23,8,2,בַּיהוָ֥ה,"к, Яхве","к, Господь"
ВЗ,joshua,Иисус Навин,23,9,1,יְהוָה֙,Яхве,Господь
ВЗ,joshua,Иисус Навин,23,10,6,יְהוָ֣ה,Яхве,Господь
ВЗ,joshua,Иисус Навин,23,11,5,יְהוָ֥ה,Яхве,Господь
ВЗ,joshua,Иисус Навин,23,13,5,יְהוָ֣ה,Яхве,Господь
ВЗ,joshua,Иисус Навин,23,13,29,יְהוָ֖ה,Яхве,Господь
ВЗ,joshua,Иисус Навин,23,14,22,יְהוָ֤ה,Яхве,Господь
ВЗ,joshua,Иисус Навин,23,15,9,יְהוָ֥ה,Яхве,Господь
ВЗ,joshua,Иисус Навин,23,15,14,יְהוָ֜ה,Яхве,Господь
ВЗ,joshua,Иисус Навин,23,15,30,יְהוָ֖ה,Яхве,Господь
ВЗ,joshua,Иисус Навин,23,16,3,יְהוָ֥ה,Яхве,Господь
ВЗ,joshua,Иисус Навин,23,16,16,יְהוָה֙,Яхве,Господь
ВЗ,joshua,Иисус Навин,24,2,7,יְהוָה֮,Яхве,Господь
ВЗ,joshua,Иисус Навин,24,2,14,מֵֽעוֹלָ֔ם,"от, долгий назад","от, давно"
ВЗ,joshua,Иисус Навин,24,3,16,ל֖וֹ,"к, его",к нему
ВЗ,joshua,Иисус Навин,24,7,2,יְהוָ֗ה,Яхве,Господь
ВЗ,joshua,Иисус Навин,24,14,3,יְהוָ֛ה,Яхве,Господь
ВЗ,joshua,Иисус Навин,24,14,19,יְהוָֽה\׃,Яхве,Господь
ВЗ,joshua,Иисус Навин,24,15,5,יְהוָ֗ה,Яхве,Господь
ВЗ,joshua,Иисус Навин,24,15,33,יְהוָֽה\׃\ \פ,Яхве,Господь
ВЗ,joshua,Иисус Навин,24,16,7,יְהוָ֑ה,Яхве,Господь
ВЗ,joshua,Иисус Навин,24,17,1,יְהוָ֣ה,Яхве,Господь
ВЗ,joshua,Иисус Навин,24,18,1,יְהוָ֜ה,Яхве,Господь
ВЗ,joshua,Иисус Навин,24,18,14,יְהוָ֔ה,Яхве,Господь
ВЗ,joshua,Иисус Навин,24,19,8,יְהוָ֔ה,Яхве,Господь
ВЗ,joshua,Иисус Навин,24,20,3,יְהוָ֔ה,Яхве,Господь
ВЗ,joshua,Иисус Навин,24,21,7,יְהוָ֖ה,Яхве,Господь
ВЗ,joshua,Иисус Навин,24,22,12,יְהוָ֖ה,Яхве,Господь
ВЗ,joshua,Иисус Навин,24,23,11,יְהוָ֖ה,Яхве,Господь
ВЗ,joshua,Иисус Навин,24,24,5,יְהוָ֤ה,Яхве,Господь
ВЗ,joshua,Иисус Навин,24,26,17,יְהוָֽה\׃\ \ס,Яхве,Господь
ВЗ,joshua,Иисус Навин,24,27,17,יְהוָ֔ה,Яхве,Господь
ВЗ,joshua,Иисус Навин,24,29,0,וַיְהִ֗י,"и, оно был",и было
ВЗ,joshua,Иисус Навин,24,29,9,יְהוָ֑ה,Яхве,Господь
ВЗ,joshua,Иисус Навин,24,31,3,יְהוָ֔ה,Яхве,Господь
ВЗ,joshua,Иисус Навин,24,31,20,יְהוָ֔ה,Яхве,Господь
ВЗ,joshua,Иисус Навин,24,33,11,ל֖וֹ,"к, его",к нему
ВЗ,judges,Судей,1,1,0,וַיְהִ֗י,"и, оно был",и было
ВЗ,judges,Судей,1,1,7,בַּיהוָ֖ה,"через, Яхве","через, Господь"
ВЗ,judges,Судей,1,1,8,לֵאמֹ֑ר,"к, говоря",говоря
ВЗ,judges,Судей,1,2,1,יְהוָ֖ה,Яхве,Господь
ВЗ,judges,Судей,1,4,3,יְהוָ֛ה,Яхве,Господь
ВЗ,judges,Судей,1,12,9,ל֛וֹ,"к, его",к нему
ВЗ,judges,Судей,1,13,9,ל֛וֹ,"к, его",к нему
ВЗ,judges,Судей,1,14,0,וַיְהִ֣י,"и, оно был",и было
ВЗ,judges,Судей,1,15,1,ל֜וֹ,"к, его",к нему
ВЗ,judges,Судей,1,19,1,יְהוָה֙,Яхве,Господь
ВЗ,judges,Судей,1,22,7,וַֽיהוָ֖ה,"и, Яхве","и, Господь"
ВЗ,judges,Судей,1,24,7,ל֗וֹ,"к, его",к нему
ВЗ,judges,Судей,1,27,27,וַיּ֙וֹאֶל֙,"и, оно был детерминед",и было детерминед
ВЗ,judges,Судей,1,28,0,וַֽיְהִי֙,"и, оно был",и было
ВЗ,judges,Судей,1,35,0,וַיּ֤וֹאֶל,"и, оно был детерминед",и было детерминед
ВЗ,judges,Судей,1,35,7,וַתִּכְבַּד֙,"и, оно был тяжёлый",и было тяжёлый
ВЗ,judges,Судей,2,1,2,יְהוָ֛ה,Яхве,Господь
ВЗ,judges,Судей,2,4,0,וַיְהִ֗י,"и, оно был",и было
ВЗ,judges,Судей,2,4,3,יְהוָה֙,Яхве,Господь
ВЗ,judges,Судей,2,5,7,לַֽיהוָֽה\׃\ \פ,"к, Яхве","к, Господь"
ВЗ,judges,Судей,2,7,3,יְהוָ֔ה,Яхве,Господь
ВЗ,judges,Судей,2,7,20,יְהוָה֙,Яхве,Господь
ВЗ,judges,Судей,2,8,5,יְהוָ֑ה,Яхве,Господь
ВЗ,judges,Судей,2,10,15,יְהוָ֔ה,Яхве,Господь
ВЗ,judges,Судей,2,11,6,יְהוָ֑ה,Яхве,Господь
ВЗ,judges,Судей,2,12,2,יְהוָ֣ה\׀,Яхве,Господь
ВЗ,judges,Судей,2,12,21,יְהוָֽה\׃,Яхве,Господь
ВЗ,judges,Судей,2,13,2,יְהוָ֑ה,Яхве,Господь
ВЗ,judges,Судей,2,14,2,יְהוָה֙,Яхве,Господь
ВЗ,judges,Судей,2,15,4,יְהוָה֙,Яхве,Господь
ВЗ,judges,Судей,2,15,10,יְהוָ֔ה,Яхве,Господь
ВЗ,judges,Судей,2,15,13,יְהוָ֖ה,Яхве,Господь
ВЗ,judges,Судей,2,15,15,וַיֵּ֥צֶר,"и, оно был скорбь",и было скорбь
ВЗ,judges,Судей,2,16,1,יְהוָ֖ה,Яхве,Господь
ВЗ,judges,Судей,2,17,21,יְהוָ֖ה,Яхве,Господь
ВЗ,judges,Судей,2,18,2,יְהוָ֥ה\׀,Яхве,Господь
ВЗ,judges,Судей,2,18,6,יְהוָה֙,Яхве,Господь
ВЗ,judges,Судей,2,18,17,יְהוָה֙,Яхве,Господь
ВЗ,judges,Судей,2,19,0,וְהָיָ֣ה\׀,"и, оно был",и было
ВЗ,judges,Судей,2,20,2,יְהוָ֖ה,Яхве,Господь
ВЗ,judges,Судей,2,22,9,יְהוָ֜ה,Яхве,Господь
ВЗ,judges,Судей,2,23,1,יְהוָה֙,Яхве,Господь
ВЗ,judges,Судей,3,1,4,יְהוָ֔ה,Яхве,Господь
ВЗ,judges,Судей,3,2,6,לְלַמְּדָ֖ם,"к, учить, их","понять, их"
ВЗ,judges,Судей,3,4,9,יְהוָ֔ה,Яхве,Господь
ВЗ,judges,Судей,3,7,6,יְהוָ֔ה,Яхве,Господь
ВЗ,judges,Судей,3,7,9,יְהוָ֣ה,Яхве,Господь
ВЗ,judges,Судей,3,8,2,יְהוָה֙,Яхве,Господь
ВЗ,judges,Судей,3,9,4,יְהוָ֔ה,Яхве,Господь
ВЗ,judges,Судей,3,9,6,יְהוָ֥ה,Яхве,Господь
ВЗ,judges,Судей,3,10,0,וַתְּהִ֨י,"и, оно был",и было
ВЗ,judges,Судей,3,10,3,יְהוָה֮,Яхве,Господь
ВЗ,judges,Судей,3,10,10,יְהוָה֙,Яхве,Господь
ВЗ,judges,Судей,3,11,0,וַתִּשְׁקֹ֥ט,"и, оно был у мир",и было у мир
ВЗ,judges,Судей,3,12,6,יְהוָ֑ה,Яхве,Господь
ВЗ,judges,Судей,3,12,8,יְהוָ֜ה,Яхве,Господь
ВЗ,judges,Судей,3,12,21,יְהוָֽה\׃,Яхве,Господь
ВЗ,judges,Судей,3,15,4,יְהוָה֒,Яхве,Господь
ВЗ,judges,Судей,3,15,6,יְהוָ֨ה,Яхве,Господь
ВЗ,judges,Судей,3,18,0,וַֽיְהִי֙,"и, оно был",и было
ВЗ,judges,Судей,3,20,2,אֵלָ֗יו,"к, его",к нему
ВЗ,judges,Судей,3,20,8,לוֹ֙,"принадлежал к, его",принадлежал к нему
ВЗ,judges,Судей,3,27,0,וַיְהִ֣י,"и, оно был",и было
ВЗ,judges,Судей,3,28,6,יְהוָ֧ה,Яхве,Господь
ВЗ,judges,Судей,3,30,0,וַתִּכָּנַ֤ע,"и, оно был субдуед",и было субдуед
ВЗ,judges,Судей,3,30,7,וַתִּשְׁקֹ֥ט,"и, оно был у мир",и было у мир
ВЗ,judges,Судей,4,1,6,יְהוָ֑ה,Яхве,Господь
ВЗ,judges,Судей,4,2,1,יְהוָ֗ה,Яхве,Господь
ВЗ,judges,Судей,4,3,4,יְהוָ֑ה,Яхве,Господь
ВЗ,judges,Судей,4,3,10,ל֔וֹ,"принадлежал к, его",принадлежал к нему
ВЗ,judges,Судей,4,6,8,אֵלָ֜יו,"к, его",к нему
ВЗ,judges,Судей,4,6,11,יְהוָ֣ה,Яхве,Господь
ВЗ,judges,Судей,4,9,18,יְהוָ֖ה,Яхве,Господь
ВЗ,judges,Судей,4,14,10,יְהוָ֤ה,Яхве,Господь
ВЗ,judges,Судей,4,14,15,יְהוָ֖ה,Яхве,Господь
ВЗ,judges,Судей,4,15,1,יְ֠הוָה,Яхве,Господь
ВЗ,judges,Судей,4,18,5,אֵלָ֗יו,"к, его",к нему
ВЗ,judges,Судей,4,21,12,אֵלָיו֙,"к, его",к нему
ВЗ,judges,Судей,4,22,9,ל֔וֹ,"к, его",к нему
ВЗ,judges,Судей,5,1,7,לֵאמֹֽר\׃,"к, говоря",говоря
ВЗ,judges,Судей,5,2,6,יְהוָֽה\׃,Яхве,Господь
ВЗ,judges,Судей,5,3,5,לַֽיהוָה֙,"к, Яхве","к, Господь"
ВЗ,judges,Судей,5,3,9,לַֽיהוָ֖ה,"к, Яхве","к, Господь"
ВЗ,judges,Судей,5,4,0,יְהוָ֗ה,О Яхве,О Господь
ВЗ,judges,Судей,5,5,3,יְהוָ֑ה,Яхве,Господь
ВЗ,judges,Судей,5,5,7,יְהוָ֖ה,Яхве,Господь
ВЗ,judges,Судей,5,9,6,יְהוָֽה\׃,Яхве,Господь
ВЗ,judges,Судей,5,11,7,יְהוָ֔ה,Яхве,Господь
ВЗ,judges,Судей,5,11,15,יְהוָֽה\׃,Яхве,Господь
ВЗ,judges,Судей,5,13,5,יְהוָ֕ה,Яхве,Господь
ВЗ,judges,Судей,5,23,4,יְהוָ֔ה,Яхве,Господь
ВЗ,judges,Судей,5,23,12,יְהוָ֔ה,Яхве,Господь
ВЗ,judges,Судей,5,23,14,יְהוָ֖ה,Яхве,Господь
ВЗ,judges,Судей,5,31,4,יְהוָ֔ה,О Яхве,О Господь
ВЗ,judges,Судей,5,31,9,וַתִּשְׁקֹ֥ט,"и, оно был у мир",и было у мир
ВЗ,judges,Судей,6,1,5,יְהוָ֑ה,Яхве,Господь
ВЗ,judges,Судей,6,1,7,יְהוָ֛ה,Яхве,Господь
ВЗ,judges,Судей,6,3,0,וְהָיָ֖ה,"и, оно был",и было
ВЗ,judges,Судей,6,6,9,יְהוָֽה\׃\ \פ,Яхве,Господь
ВЗ,judges,Судей,6,7,0,וַיְהִ֕י,"и, оно был",и было
ВЗ,judges,Судей,6,7,6,יְהוָ֑ה,Яхве,Господь
ВЗ,judges,Судей,6,8,1,יְהוָ֛ה,Яхве,Господь
ВЗ,judges,Судей,6,8,11,יְהוָ֣ה\׀,Яхве,Господь
ВЗ,judges,Судей,6,10,3,יְהוָ֣ה,есмь Яхве,есмь Господь
ВЗ,judges,Судей,6,11,2,יְהוָ֗ה,Яхве,Господь
ВЗ,judges,Судей,6,12,1,אֵלָ֖יו,"к, его",к нему
ВЗ,judges,Судей,6,12,3,יְהוָ֑ה,Яхве,Господь
ВЗ,judges,Судей,6,12,5,אֵלָ֔יו,"к, его",к нему
ВЗ,judges,Судей,6,12,6,יְהוָ֥ה,Яхве,Господь
ВЗ,judges,Судей,6,13,1,אֵלָ֤יו,"к, его",к нему
ВЗ,judges,Судей,6,13,6,יְהוָה֙,Яхве,Господь
ВЗ,judges,Судей,6,13,19,לֵאמֹ֗ר,"к, говоря",говоря
ВЗ,judges,Судей,6,13,23,יְהוָ֔ה,Яхве,Господь
ВЗ,judges,Судей,6,13,26,יְהוָ֔ה,Яхве,Господь
ВЗ,judges,Судей,6,14,1,אֵלָיו֙,"к, его",к нему
ВЗ,judges,Судей,6,14,2,יְהוָ֔ה,Яхве,Господь
ВЗ,judges,Судей,6,15,1,אֵלָיו֙,"к, его",к нему
ВЗ,judges,Судей,6,16,1,אֵלָיו֙,"к, его",к нему
ВЗ,judges,Судей,6,16,2,יְהוָ֔ה,Яхве,Господь
ВЗ,judges,Судей,6,17,1,אֵלָ֔יו,"к, его",к нему
ВЗ,judges,Судей,6,19,15,אֵלָ֛יו,"к, его",к нему
ВЗ,judges,Судей,6,20,1,אֵלָ֜יו,"к, его",к нему
ВЗ,judges,Судей,6,21,2,יְהוָ֗ה,Яхве,Господь
ВЗ,judges,Судей,6,21,21,יְהוָ֔ה,Яхве,Господь
ВЗ,judges,Судей,6,22,4,יְהוָ֖ה,Яхве,Господь
ВЗ,judges,Судей,6,22,10,יְהוִ֔ה,Яхве,Господь
ВЗ,judges,Судей,6,22,16,יְהוָ֔ה,Яхве,Господь
ВЗ,judges,Судей,6,23,1,ל֧וֹ,"к, его",к нему
ВЗ,judges,Судей,6,23,2,יְהוָ֛ה,Яхве,Господь
ВЗ,judges,Судей,6,24,4,לַֽיהוָ֔ה,"к, Яхве","к, Господь"
ВЗ,judges,Судей,6,24,7,יְהוָ֖ה,Яхве,Господь
ВЗ,judges,Судей,6,25,0,וַיְהִי֮,"и, оно был",и было
ВЗ,judges,Судей,6,25,4,ל֣וֹ,"к, его",к нему
ВЗ,judges,Судей,6,25,5,יְהוָ֗ה,Яхве,Господь
ВЗ,judges,Судей,6,26,2,לַיהוָ֣ה,"к, Яхве","к, Господь"
ВЗ,judges,Судей,6,27,8,אֵלָ֖יו,"к, его",к нему
ВЗ,judges,Судей,6,27,9,יְהוָ֑ה,Яхве,Господь
ВЗ,judges,Судей,6,27,10,וַיְהִ֡י,"и, оно был",и было
ВЗ,judges,Судей,6,31,27,מִזְבְּחֽוֹ\׃,"жертвенник, его",жертвенник нему
ВЗ,judges,Судей,6,32,1,ל֥וֹ,"к, его",к нему
ВЗ,judges,Судей,6,32,5,לֵאמֹ֑ר,"к, говоря",говоря
ВЗ,judges,Судей,6,32,12,מִזְבְּחֽוֹ\׃\ \פ,"жертвенник, его",жертвенник нему
ВЗ,judges,Судей,6,34,1,יְהוָ֔ה,Яхве,Господь
ВЗ,judges,Судей,6,34,7,וַיִזָּעֵ֥ק,"и, оно был названный вместе",и было названный вместе
ВЗ,judges,Судей,6,35,4,וַיִזָּעֵ֥ק,"и, оно был названный вместе",и было названный вместе
ВЗ,judges,Судей,6,38,0,וַיְהִי\־,"и, оно был",и было
ВЗ,judges,Судей,6,40,5,וַיְהִי\־,"и, оно был",и было
ВЗ,judges,Судей,7,2,1,יְהוָה֙,Яхве,Господь
ВЗ,judges,Судей,7,2,16,לֵאמֹ֔ר,"к, говоря",говоря
ВЗ,judges,Судей,7,3,5,לֵאמֹ֔ר,"к, говоря",говоря
ВЗ,judges,Судей,7,4,1,יְהוָ֜ה,Яхве,Господь
ВЗ,judges,Судей,7,5,6,יְהוָ֜ה,Яхве,Господь
ВЗ,judges,Судей,7,5,12,בִּלְשׁוֹנ֨וֹ,"с, язык, его","с, язык нему"
ВЗ,judges,Судей,7,6,0,וַיְהִ֗י,"и, оно был",и было
ВЗ,judges,Судей,7,7,1,יְהוָ֜ה,Яхве,Господь
ВЗ,judges,Судей,7,8,21,ל֖וֹ,"к, его",к нему
ВЗ,judges,Судей,7,9,0,וַֽיְהִי֙,"и, оно был",и было
ВЗ,judges,Судей,7,9,4,אֵלָיו֙,"к, его",к нему
ВЗ,judges,Судей,7,9,5,יְהוָ֔ה,Яхве,Господь
ВЗ,judges,Судей,7,13,18,וַיָּבֹ֣א,"и, оно пришёл","и, было"
ВЗ,judges,Судей,7,15,0,וַיְהִי֩,"и, оно был",и было
ВЗ,judges,Судей,7,15,17,יְהוָ֛ה,Яхве,Господь
ВЗ,judges,Судей,7,18,14,לַיהוָ֥ה,"для, Яхве","для, Господь"
ВЗ,judges,Судей,7,20,16,לַֽיהוָ֖ה,"для, Яхве","для, Господь"
ВЗ,judges,Судей,7,22,5,יְהוָ֗ה,Яхве,Господь
ВЗ,judges,Судей,7,23,0,וַיִּצָּעֵ֧ק,"и, оно был призвал",и было призвал
ВЗ,judges,Судей,7,24,6,לֵאמֹ֗ר,"к, говоря",говоря
ВЗ,judges,Судей,8,1,1,אֵלָ֜יו,"к, его",к нему
ВЗ,judges,Судей,8,7,4,יְהוָ֛ה,Яхве,Господь
ВЗ,judges,Судей,8,9,4,לֵאמֹ֑ר,"к, говоря",говоря
ВЗ,judges,Судей,8,14,6,אֵלָ֜יו,"к, его",к нему
ВЗ,judges,Судей,8,15,11,לֵאמֹ֗ר,"к, говоря",говоря
ВЗ,judges,Судей,8,19,6,יְהוָ֗ה,Яхве,Господь
ВЗ,judges,Судей,8,23,11,יְהוָ֖ה,Яхве,Господь
ВЗ,judges,Судей,8,26,0,וַיְהִ֗י,"и, оно был",и было
ВЗ,judges,Судей,8,28,0,וַיִּכָּנַ֣ע,"и, оно был субдуед",и было субдуед
ВЗ,judges,Судей,8,28,9,וַתִּשְׁקֹ֥ט,"и, оно был у мир",и было у мир
ВЗ,judges,Судей,8,30,10,לֽוֹ\׃,"к, его",к нему
ВЗ,judges,Судей,8,31,4,לּ֥וֹ,"к, его",к нему
ВЗ,judges,Судей,8,33,0,וַיְהִ֗י,"и, оно был",и было
ВЗ,judges,Судей,8,34,5,יְהוָ֖ה,Яхве,Господь
ВЗ,judges,Судей,9,1,16,לֵאמֹֽר\׃,"к, говоря",говоря
ВЗ,judges,Судей,9,4,1,לוֹ֙,"к, его",к нему
ВЗ,judges,Судей,9,5,15,יוֹתָ֧ם,Джофам,Иоафам
ВЗ,judges,Судей,9,7,1,לְיוֹתָ֗ם,"к, Джофам","к, Иоафам"
ВЗ,judges,Судей,9,16,19,לֽוֹ\׃,"к, его",к нему
ВЗ,judges,Судей,9,21,1,יוֹתָ֔ם,Джофам,Иоафам
ВЗ,judges,Судей,9,25,1,לוֹ֩,"к, его",к нему
ВЗ,judges,Судей,9,25,15,וַיֻּגַּ֖ד,"и, оно был сказал",и было сказал
ВЗ,judges,Судей,9,31,5,לֵאמֹ֑ר,"к, говоря",говоря
ВЗ,judges,Судей,9,33,16,לּ֔וֹ,"к, его",к нему
ВЗ,judges,Судей,9,36,13,אֵלָיו֙,"к, его",к нему
ВЗ,judges,Судей,9,38,1,אֵלָ֜יו,"к, его",к нему
ВЗ,judges,Судей,9,42,0,וַֽיְהִי֙,"и, оно был",и было
ВЗ,judges,Судей,9,47,0,וַיֻּגַּ֖ד,"и, оно был сказал",и было сказал
ВЗ,judges,Судей,9,54,7,לוֹ֙,"к, его",к нему
ВЗ,judges,Судей,9,54,17,נַעֲר֖וֹ,"молодой человек, его",молодой человек нему
ВЗ,judges,Судей,9,57,8,וַתָּבֹ֣א,"и, оно пришёл","и, было"
ВЗ,judges,Судей,9,57,11,יוֹתָ֥ם,Джофам,Иоафам
ВЗ,judges,Судей,10,4,1,ל֞וֹ,"к, его",к нему
ВЗ,judges,Судей,10,6,6,יְהוָה֒,Яхве,Господь
ВЗ,judges,Судей,10,6,30,יְהוָ֖ה,Яхве,Господь
ВЗ,judges,Судей,10,7,2,יְהוָ֖ה,Яхве,Господь
ВЗ,judges,Судей,10,9,11,וַתֵּ֥צֶר,"и, оно был скорбь",и было скорбь
ВЗ,judges,Судей,10,10,4,יְהוָ֖ה,Яхве,Господь
ВЗ,judges,Судей,10,10,5,לֵאמֹ֑ר,"к, говоря",говоря
ВЗ,judges,Судей,10,11,1,יְהוָ֖ה,Яхве,Господь
ВЗ,judges,Судей,10,15,4,יְהוָה֙,Яхве,Господь
ВЗ,judges,Судей,10,16,7,יְהוָ֑ה,Яхве,Господь
ВЗ,judges,Судей,10,16,8,וַתִּקְצַ֥ר,"и, оно был короткий",и было короткий
ВЗ,judges,Судей,11,2,3,ל֖וֹ,"к, его",к нему
ВЗ,judges,Судей,11,2,12,לוֹ֙,"к, его",к нему
ВЗ,judges,Судей,11,4,0,וַיְהִ֖י,"и, оно был",и было
ВЗ,judges,Судей,11,5,0,וַיְהִ֕י,"и, оно был",и было
ВЗ,judges,Судей,11,9,13,יְהוָ֛ה,Яхве,Господь
ВЗ,judges,Судей,11,10,5,יְהוָ֗ה,Яхве,Господь
ВЗ,judges,Судей,11,11,17,יְהוָ֖ה,Яхве,Господь
ВЗ,judges,Судей,11,12,7,לֵאמֹ֑ר,"к, говоря",говоря
ВЗ,judges,Судей,11,15,1,ל֔וֹ,"к, его",к нему
ВЗ,judges,Судей,11,16,9,וַיָּבֹ֖א,"и, оно пришёл","и, было"
ВЗ,judges,Судей,11,17,6,לֵאמֹ֜ר,"к, говоря",говоря
ВЗ,judges,Судей,11,18,9,וַיָּבֹ֤א,"и, оно пришёл","и, было"
ВЗ,judges,Судей,11,19,10,לוֹ֙,"к, его",к нему
ВЗ,judges,Судей,11,21,1,יְהוָ֨ה,Яхве,Господь
ВЗ,judges,Судей,11,23,1,יְהוָ֣ה\׀,Яхве,Господь
ВЗ,judges,Судей,11,24,12,יְהוָ֧ה,Яхве,Господь
ВЗ,judges,Судей,11,27,11,יְהוָ֤ה,Яхве,Господь
ВЗ,judges,Судей,11,28,10,אֵלָֽיו\׃\ \פ,"к, его",к нему
ВЗ,judges,Судей,11,29,0,וַתְּהִ֤י,"и, оно был",и было
ВЗ,judges,Судей,11,29,4,יְהוָ֔ה,Яхве,Господь
ВЗ,judges,Судей,11,30,3,לַיהוָ֖ה,"к, Яхве","к, Господь"
ВЗ,judges,Судей,11,31,12,לַֽיהוָ֔ה,"к, Яхве","к, Господь"
ВЗ,judges,Судей,11,32,8,יְהוָ֖ה,Яхве,Господь
ВЗ,judges,Судей,11,34,15,ל֥וֹ,"принадлежал к, его",принадлежал к нему
ВЗ,judges,Судей,11,35,0,וַיְהִי֩,"и, оно был",и было
ВЗ,judges,Судей,11,35,18,יְהוָ֔ה,Яхве,Господь
ВЗ,judges,Судей,11,36,1,אֵלָ֗יו,"к, его",к нему
ВЗ,judges,Судей,11,36,7,יְהוָ֔ה,Яхве,Господь
ВЗ,judges,Судей,11,36,17,יְהוָ֧ה,Яхве,Господь
ВЗ,judges,Судей,11,39,0,וַיְהִ֞י,"и, оно был",и было
ВЗ,judges,Судей,11,39,17,וַתְּהִי\־,"и, оно был",и было
ВЗ,judges,Судей,12,1,0,וַיִּצָּעֵק֙,"и, оно был призвал",и было призвал
ВЗ,judges,Судей,12,3,12,יְהוָ֖ה,Яхве,Господь
ВЗ,judges,Судей,12,5,6,וְֽ֠הָיָה,"и, оно был",и было
ВЗ,judges,Судей,12,5,13,ל֧וֹ,"к, его",к нему
ВЗ,judges,Судей,12,6,1,לוֹ֩,"к, его",к нему
ВЗ,judges,Судей,12,9,1,ל֞וֹ,"к, его",к нему
ВЗ,judges,Судей,12,14,1,ל֞וֹ,"к, его",к нему
ВЗ,judges,Судей,13,1,6,יְהוָ֑ה,Яхве,Господь
ВЗ,judges,Судей,13,1,8,יְהוָ֛ה,Яхве,Господь
ВЗ,judges,Судей,13,3,2,יְהוָ֖ה,Яхве,Господь
ВЗ,judges,Судей,13,6,4,לֵאמֹר֒,"к, говоря",говоря
ВЗ,judges,Судей,13,8,3,יְהוָ֖ה,Яхве,Господь
ВЗ,judges,Судей,13,10,6,אֵלָ֔יו,"к, его",к нему
ВЗ,judges,Судей,13,11,9,ל֗וֹ,"к, его",к нему
ВЗ,judges,Судей,13,13,2,יְהוָ֖ה,Яхве,Господь
ВЗ,judges,Судей,13,15,4,יְהוָ֑ה,Яхве,Господь
ВЗ,judges,Судей,13,16,2,יְהוָ֜ה,Яхве,Господь
ВЗ,judges,Судей,13,16,13,לַיהוָ֖ה,"к, Яхве","к, Господь"
ВЗ,judges,Судей,13,16,21,יְהוָ֖ה,Яхве,Господь
ВЗ,judges,Судей,13,17,4,יְהוָ֖ה,Яхве,Господь
ВЗ,judges,Судей,13,18,1,לּוֹ֙,"к, его",к нему
ВЗ,judges,Судей,13,18,3,יְהוָ֔ה,Яхве,Господь
ВЗ,judges,Судей,13,19,10,לַֽיהוָ֑ה,"к, Яхве","к, Господь"
ВЗ,judges,Судей,13,20,0,וַיְהִי֩,"и, оно был",и было
ВЗ,judges,Судей,13,20,8,יְהוָ֖ה,Яхве,Господь
ВЗ,judges,Судей,13,21,4,יְהוָ֔ה,Яхве,Господь
ВЗ,judges,Судей,13,21,15,יְהוָ֖ה,Яхве,Господь
ВЗ,judges,Судей,13,23,1,ל֣וֹ,"к, его",к нему
ВЗ,judges,Судей,13,23,5,יְהוָ֤ה,Яхве,Господь
ВЗ,judges,Судей,13,24,10,יְהוָֽה\׃,Яхве,Господь
ВЗ,judges,Судей,13,25,2,יְהוָ֔ה,Яхве,Господь
ВЗ,judges,Судей,14,3,1,ל֜וֹ,"к, его",к нему
ВЗ,judges,Судей,14,4,5,מֵיְהוָה֙,"был от, Яхве","был от, Господь"
ВЗ,judges,Судей,14,6,3,יְהוָ֗ה,Яхве,Господь
ВЗ,judges,Судей,14,11,0,וַיְהִ֖י,"и, оно был",и было
ВЗ,judges,Судей,14,13,14,ל֔וֹ,"к, его",к нему
ВЗ,judges,Судей,14,14,3,יָצָ֣א,оно пришёл вне,было вне
ВЗ,judges,Судей,14,14,6,יָצָ֣א,оно пришёл вне,было вне
ВЗ,judges,Судей,14,15,0,וַיְהִ֣י\׀,"и, оно был",и было
ВЗ,judges,Судей,14,17,8,וַיְהִ֣י\׀,"и, оно был",и было
ВЗ,judges,Судей,14,18,1,לוֹ֩,"к, его",к нему
ВЗ,judges,Судей,14,19,3,יְהוָ֗ה,Яхве,Господь
ВЗ,judges,Судей,14,20,6,לֽוֹ\׃,"к, его",к нему
ВЗ,judges,Судей,15,1,0,וַיְהִ֨י,"и, оно был",и было
ВЗ,judges,Судей,15,10,12,ל֔וֹ,"к, его",к нему
ВЗ,judges,Судей,15,12,1,לוֹ֙,"к, его",к нему
ВЗ,judges,Судей,15,13,1,ל֣וֹ,"к, его",к нему
ВЗ,judges,Судей,15,13,2,לֵאמֹ֗ר,"к, говоря",говоря
ВЗ,judges,Судей,15,14,10,יְהוָ֗ה,Яхве,Господь
ВЗ,judges,Судей,15,17,0,וַֽיְהִי֙,"и, оно был",и было
ВЗ,judges,Судей,15,18,4,יְהוָה֙,Яхве,Господь
ВЗ,judges,Судей,16,2,1,לֵאמֹ֗ר,"к, говоря",говоря
ВЗ,judges,Судей,16,2,15,לֵאמֹ֔ר,"к, говоря",говоря
ВЗ,judges,Судей,16,4,0,וַֽיְהִי֙,"и, оно был",и было
ВЗ,judges,Судей,16,5,14,ל֔וֹ,"к, его",к нему
ВЗ,judges,Судей,16,9,5,אֵלָ֔יו,"к, его",к нему
ВЗ,judges,Судей,16,12,7,אֵלָיו֙,"к, его",к нему
ВЗ,judges,Судей,16,14,11,אֵלָ֔יו,"к, его",к нему
ВЗ,judges,Судей,16,15,1,אֵלָ֗יו,"к, его",к нему
ВЗ,judges,Судей,16,16,0,וַ֠יְהִי,"и, оно был",и было
ВЗ,judges,Судей,16,16,3,לּ֧וֹ,"к, его",к нему
ВЗ,judges,Судей,16,16,8,וַתִּקְצַ֥ר,"и, оно был короткий",и было короткий
ВЗ,judges,Судей,16,18,12,לֵאמֹר֙,"к, говоря",говоря
ВЗ,judges,Судей,16,20,15,יְהוָ֖ה,Яхве,Господь
ВЗ,judges,Судей,16,25,0,וַֽיְהִי֙,"и, оно был",и было
ВЗ,judges,Судей,16,28,3,יְהוָ֖ה,Яхве,Господь
ВЗ,judges,Судей,16,28,6,יֱהֹוִ֡ה,Яхве,Господь
ВЗ,judges,Судей,17,2,22,לַיהוָֽה\׃,"через, Яхве","через, Господь"
ВЗ,judges,Судей,17,3,12,לַיהוָ֨ה,"к, Яхве","к, Господь"
ВЗ,judges,Судей,17,4,13,וַיְהִ֖י,"и, оно был",и было
ВЗ,judges,Судей,17,5,2,ל֖וֹ,"принадлежал к, его",принадлежал к нему
ВЗ,judges,Судей,17,9,1,ל֥וֹ,"к, его",к нему
ВЗ,judges,Судей,17,9,6,אֵלָ֜יו,"к, его",к нему
ВЗ,judges,Судей,17,10,1,ל֨וֹ,"к, его",к нему
ВЗ,judges,Судей,17,11,7,ל֔וֹ,"к, его",к нему
ВЗ,judges,Судей,17,13,6,יְהוָ֖ה,Яхве,Господь
ВЗ,judges,Судей,18,3,13,לוֹ֙,"к, его",к нему
ВЗ,judges,Судей,18,5,1,ל֖וֹ,"к, его",к нему
ВЗ,judges,Судей,18,6,6,יְהוָ֔ה,Яхве,Господь
ВЗ,judges,Судей,18,19,1,ל֨וֹ,"к, его",к нему
ВЗ,judges,Судей,18,20,0,וַיִּיטַב֙,"и, оно был хороший",и было хороший
ВЗ,judges,Судей,18,25,1,אֵלָיו֙,"к, его",к нему
ВЗ,judges,Судей,18,27,10,לוֹ֒,"к, его",к нему
ВЗ,judges,Судей,19,1,0,וַיְהִי֙,"и, оно был",и было
ВЗ,judges,Судей,19,2,1,עָלָיו֙,"к, его",к нему
ВЗ,judges,Судей,19,5,0,וַֽיְהִי֙,"и, оно был",и было
ВЗ,judges,Судей,19,9,7,ל֣וֹ,"к, его",к нему
ВЗ,judges,Судей,19,12,1,אֵלָיו֙,"к, его",к нему
ВЗ,judges,Судей,19,18,1,אֵלָ֗יו,"к, его",к нему
ВЗ,judges,Судей,19,18,20,יְהוָה֙,Яхве,Господь
ВЗ,judges,Судей,19,22,22,לֵאמֹ֔ר,"к, говоря",говоря
ВЗ,judges,Судей,19,25,4,ל֔וֹ,"к, его",к нему
ВЗ,judges,Судей,19,30,0,וְהָיָ֣ה,"и, оно был",и было
ВЗ,judges,Судей,20,1,4,וַתִּקָּהֵ֨ל,"и, оно был собрались",и было собрались
ВЗ,judges,Судей,20,1,15,יְהוָ֖ה,Яхве,Господь
ВЗ,judges,Судей,20,8,5,לֵאמֹ֑ר,"к, говоря",говоря
ВЗ,judges,Судей,20,12,7,לֵאמֹ֑ר,"к, говоря",говоря
ВЗ,judges,Судей,20,18,18,יְהוָ֖ה,Яхве,Господь
ВЗ,judges,Судей,20,23,5,יְהוָה֮,Яхве,Господь
ВЗ,judges,Судей,20,23,9,בַֽיהוָה֙,"через, Яхве","через, Господь"
ВЗ,judges,Судей,20,23,10,לֵאמֹ֔ר,"к, говоря",говоря
ВЗ,judges,Судей,20,23,19,יְהוָ֖ה,Яхве,Господь
ВЗ,judges,Судей,20,26,13,יְהוָ֔ה,Яхве,Господь
ВЗ,judges,Судей,20,26,23,יְהוָֽה\׃,Яхве,Господь
ВЗ,judges,Судей,20,27,3,בַּֽיהוָ֑ה,"через, Яхве","через, Господь"
ВЗ,judges,Судей,20,28,9,לֵאמֹר֒,"к, говоря",говоря
ВЗ,judges,Судей,20,28,21,יְהוָה֙,Яхве,Господь
ВЗ,judges,Судей,20,35,1,יְהוָ֥ה\׀,Яхве,Господь
ВЗ,judges,Судей,20,41,10,עָלָ֖יו,"к, его",к нему
ВЗ,judges,Судей,20,42,8,הִדְבִּיקָ֑תְהוּ,"оно овертук, его",оно овертук нему
ВЗ,judges,Судей,20,46,0,וַיְהִי֩,"и, оно был",и было
ВЗ,judges,Судей,21,1,4,לֵאמֹ֑ר,"к, говоря",говоря
ВЗ,judges,Судей,21,2,0,וַיָּבֹ֤א,"и, оно пришёл","и, было"
ВЗ,judges,Судей,21,3,2,יְהוָה֙,О Яхве,О Господь
ВЗ,judges,Судей,21,4,0,וַֽיְהִי֙,"и, оно был",и было
ВЗ,judges,Судей,21,5,12,יְהוָ֑ה,Яхве,Господь
ВЗ,judges,Судей,21,5,21,יְהוָ֧ה,Яхве,Господь
ВЗ,judges,Судей,21,5,23,לֵאמֹ֖ר,"к, говоря",говоря
ВЗ,judges,Судей,21,7,7,בַֽיהוָ֔ה,"через, Яхве","через, Господь"
ВЗ,judges,Судей,21,8,9,יְהוָ֖ה,Яхве,Господь
ВЗ,judges,Судей,21,9,0,וַיִּתְפָּקֵ֖ד,"и, оно был мустеред",и было мустеред
ВЗ,judges,Судей,21,10,11,לֵאמֹ֗ר,"к, говоря",говоря
ВЗ,judges,Судей,21,15,5,יְהוָ֛ה,Яхве,Господь
ВЗ,judges,Судей,21,18,11,לֵאמֹ֔ר,"к, говоря",говоря
ВЗ,judges,Судей,21,19,3,יְהוָ֨ה,Яхве,Господь
ВЗ,judges,Судей,21,20,4,לֵאמֹ֑ר,"к, говоря",говоря
ВЗ,ruth,Руфь,1,1,0,וַיְהִ֗י,"и, оно был",и было
ВЗ,ruth,Руфь,1,1,4,וַיְהִ֥י,"и, оно был",и было
ВЗ,ruth,Руфь,1,6,12,יְהוָה֙,Яхве,Господь
ВЗ,ruth,Руфь,1,8,10,יְהוָ֤ה,Яхве,Господь
ВЗ,ruth,Руфь,1,9,1,יְהוָה֙,Яхве,Господь
ВЗ,ruth,Руфь,1,13,21,יְהוָֽה\׃,Яхве,Господь
ВЗ,ruth,Руфь,1,17,7,יְהוָ֥ה,Яхве,Господь
ВЗ,ruth,Руфь,1,19,6,וַיְהִ֗י,"и, оно был",и было
ВЗ,ruth,Руфь,1,19,10,וַתֵּהֹ֤ם,"и, оно был екскитед",и было екскитед
ВЗ,ruth,Руфь,1,21,5,יְהוָ֑ה,Яхве,Господь
ВЗ,ruth,Руфь,1,21,10,וַֽיהוָה֙,"и, Яхве","и, Господь"
ВЗ,ruth,Руфь,2,4,7,יְהוָ֣ה,Яхве,Господь
ВЗ,ruth,Руфь,2,4,10,ל֖וֹ,"к, его",к нему
ВЗ,ruth,Руфь,2,4,12,יְהוָֽה\׃,Яхве,Господь
ВЗ,ruth,Руфь,2,10,6,אֵלָ֗יו,"к, его",к нему
ВЗ,ruth,Руфь,2,12,1,יְהוָ֖ה,Яхве,Господь
ВЗ,ruth,Руфь,2,12,7,יְהוָה֙,Яхве,Господь
ВЗ,ruth,Руфь,2,15,6,לֵאמֹ֗ר,"к, говоря",говоря
ВЗ,ruth,Руфь,2,17,8,וַיְהִ֖י,"и, оно был",и было
ВЗ,ruth,Руфь,2,20,5,לַיהוָ֔ה,"через, Яхве","через, Господь"
ВЗ,ruth,Руфь,3,7,3,וַיִּיטַ֣ב,"и, оно был хороший",и было хороший
ВЗ,ruth,Руфь,3,8,0,וַיְהִי֙,"и, оно был",и было
ВЗ,ruth,Руфь,3,10,3,לַֽיהוָה֙,"через, Яхве","через, Господь"
ВЗ,ruth,Руфь,3,13,15,יְהוָ֑ה,Яхве,Господь
ВЗ,ruth,Руфь,4,4,4,לֵאמֹ֗ר,"к, говоря",говоря
ВЗ,ruth,Руфь,4,11,8,יְהוָ֨ה,Яхве,Господь
ВЗ,ruth,Руфь,4,12,12,יְהוָה֙,Яхве,Господь
ВЗ,ruth,Руфь,4,13,10,יְהוָ֥ה,Яхве,Господь
ВЗ,ruth,Руфь,4,14,5,יְהוָ֔ה,Яхве,Господь
ВЗ,ruth,Руфь,4,15,11,יְלָדַ֔תּוּ,"она имеет данный рождение к, его",она имеет данный рождение к нему
ВЗ,ruth,Руфь,4,17,1,ל֨וֹ,"к, его",к нему
ВЗ,ruth,Руфь,4,17,4,לֵאמֹ֔ר,"к, говоря",говоря
ВЗ,1_samuel,1 Царств,1,2,0,וְלוֹ֙,"и, принадлежал к, его","и, принадлежал к нему"
ВЗ,1_samuel,1 Царств,1,3,8,לַיהוָ֥ה,"к, Яхве","к, Господь"
ВЗ,1_samuel,1 Царств,1,3,18,לַיהוָֽה\׃,Яхве,Господь
ВЗ,1_samuel,1 Царств,1,4,0,וַיְהִ֣י,"и, оно был",и было
ВЗ,1_samuel,1 Царств,1,5,9,וַֽיהוָ֖ה,"и, Яхве","и, Господь"
ВЗ,1_samuel,1 Царств,1,6,8,יְהוָ֖ה,Яхве,Господь
ВЗ,1_samuel,1 Царств,1,7,7,יְהוָ֔ה,Яхве,Господь
ВЗ,1_samuel,1 Царств,1,9,15,יְהוָֽה\׃,Яхве,Господь
ВЗ,1_samuel,1 Царств,1,10,5,יְהוָ֖ה,Яхве,Господь
ВЗ,1_samuel,1 Царств,1,11,3,יְהוָ֨ה,О Яхве,О Господь
ВЗ,1_samuel,1 Царств,1,11,20,לַֽיהוָה֙,"к, Яхве","к, Господь"
ВЗ,1_samuel,1 Царств,1,12,0,וְהָיָה֙,"и, оно был",и было
ВЗ,1_samuel,1 Царств,1,12,5,יְהוָ֑ה,Яхве,Господь
ВЗ,1_samuel,1 Царств,1,15,17,יְהוָֽה\׃,Яхве,Господь
ВЗ,1_samuel,1 Царств,1,19,4,יְהוָ֔ה,Яхве,Господь
ВЗ,1_samuel,1 Царств,1,19,16,יְהוָֽה\׃,Яхве,Господь
ВЗ,1_samuel,1 Царств,1,20,0,וַיְהִי֙,"и, оно был",и было
ВЗ,1_samuel,1 Царств,1,20,12,מֵיְהוָ֖ה,"от, Яхве","от, Господь"
ВЗ,1_samuel,1 Царств,1,21,6,לַֽיהוָ֛ה,"к, Яхве","к, Господь"
ВЗ,1_samuel,1 Царств,1,22,13,יְהוָ֔ה,Яхве,Господь
ВЗ,1_samuel,1 Царств,1,23,13,יְהוָ֖ה,Яхве,Господь
ВЗ,1_samuel,1 Царств,1,24,13,יְהוָ֖ה,Яхве,Господь
ВЗ,1_samuel,1 Царств,1,26,13,יְהוָֽה\׃,Яхве,Господь
ВЗ,1_samuel,1 Царств,1,27,5,יְהוָ֥ה,Яхве,Господь
ВЗ,1_samuel,1 Царств,1,28,3,לַֽיהוָ֔ה,"к, Яхве","к, Господь"
ВЗ,1_samuel,1 Царств,1,28,10,לַֽיהוָ֑ה,"через, Яхве","через, Господь"
ВЗ,1_samuel,1 Царств,1,28,13,לַיהוָֽה\׃\ \פ,"к, Яхве","к, Господь"
ВЗ,1_samuel,1 Царств,2,1,5,בַּֽיהוָ֔ה,"в, Яхве","в, Господь"
ВЗ,1_samuel,1 Царств,2,1,8,בַּֽיהוָ֑ה,"в, Яхве","в, Господь"
ВЗ,1_samuel,1 Царств,2,2,2,כַּיהוָ֖ה,"как, Яхве","как, Господь"
ВЗ,1_samuel,1 Царств,2,3,11,יְהוָ֔ה,Яхве,Господь
ВЗ,1_samuel,1 Царств,2,6,0,יְהוָ֖ה,Яхве,Господь
ВЗ,1_samuel,1 Царств,2,7,0,יְהוָ֖ה,Яхве,Господь
ВЗ,1_samuel,1 Царств,2,8,13,לַֽיהוָה֙,"принадлежать к, Яхве","принадлежать к, Господь"
ВЗ,1_samuel,1 Царств,2,10,0,יְהוָ֞ה,Яхве,Господь
ВЗ,1_samuel,1 Царств,2,10,6,יְהוָ֖ה,Яхве,Господь
ВЗ,1_samuel,1 Царств,2,11,9,יְהוָ֔ה,Яхве,Господь
ВЗ,1_samuel,1 Царств,2,12,7,יְהוָֽה\׃,Яхве,Господь
ВЗ,1_samuel,1 Царств,2,16,1,אֵלָ֜יו,"к, его",к нему
ВЗ,1_samuel,1 Царств,2,17,0,וַתְּהִ֨י,"и, оно был",и было
ВЗ,1_samuel,1 Царств,2,17,7,יְהוָ֑ה,Яхве,Господь
ВЗ,1_samuel,1 Царств,2,17,13,יְהוָֽה\׃,Яхве,Господь
ВЗ,1_samuel,1 Царств,2,18,4,יְהוָ֑ה,Яхве,Господь
ВЗ,1_samuel,1 Царств,2,19,6,ל֖וֹ,"к, его",к нему
ВЗ,1_samuel,1 Царств,2,20,8,יְהוָ֨ה,Яхве,Господь
ВЗ,1_samuel,1 Царств,2,20,18,לַֽיהוָ֑ה,"к, Яхве","к, Господь"
ВЗ,1_samuel,1 Царств,2,21,2,יְהוָה֙,Яхве,Господь
ВЗ,1_samuel,1 Царств,2,21,15,יְהוָֽה\׃\ \ס,Яхве,Господь
ВЗ,1_samuel,1 Царств,2,24,11,יְהוָֽה\׃,Яхве,Господь
ВЗ,1_samuel,1 Царств,2,25,7,לַֽיהוָה֙,"к, Яхве","к, Господь"
ВЗ,1_samuel,1 Царств,2,25,19,יְהוָ֖ה,Яхве,Господь
ВЗ,1_samuel,1 Царств,2,26,7,יְהוָ֔ה,Яхве,Господь
ВЗ,1_samuel,1 Царств,2,27,6,אֵלָ֗יו,"к, его",к нему
ВЗ,1_samuel,1 Царств,2,27,9,יְהוָ֔ה,Яхве,Господь
ВЗ,1_samuel,1 Царств,2,30,2,יְהוָה֮,Яхве,Господь
ВЗ,1_samuel,1 Царств,2,30,16,יְהוָה֙,Яхве,Господь
ВЗ,1_samuel,1 Царств,2,36,6,ל֔וֹ,"к, его",к нему
ВЗ,1_samuel,1 Царств,3,1,4,יְהוָ֖ה,Яхве,Господь
ВЗ,1_samuel,1 Царств,3,1,8,יְהוָ֗ה,Яхве,Господь
ВЗ,1_samuel,1 Царств,3,2,0,וַֽיְהִי֙,"и, оно был",и было
ВЗ,1_samuel,1 Царств,3,3,7,יְהוָ֔ה,Яхве,Господь
ВЗ,1_samuel,1 Царств,3,4,1,יְהוָ֛ה,Яхве,Господь
ВЗ,1_samuel,1 Царств,3,6,1,יְהוָ֗ה,Яхве,Господь
ВЗ,1_samuel,1 Царств,3,7,4,יְהוָ֑ה,Яхве,Господь
ВЗ,1_samuel,1 Царств,3,7,7,אֵלָ֖יו,"к, его",к нему
ВЗ,1_samuel,1 Царств,3,7,9,יְהוָֽה\׃,Яхве,Господь
ВЗ,1_samuel,1 Царств,3,8,1,יְהוָ֥ה,Яхве,Господь
ВЗ,1_samuel,1 Царств,3,8,17,יְהוָ֖ה,Яхве,Господь
ВЗ,1_samuel,1 Царств,3,9,11,יְהוָ֔ה,О Яхве,О Господь
ВЗ,1_samuel,1 Царств,3,10,1,יְהוָה֙,Яхве,Господь
ВЗ,1_samuel,1 Царств,3,11,1,יְהוָה֙,Яхве,Господь
ВЗ,1_samuel,1 Царств,3,13,1,ל֔וֹ,"к, его",к нему
ВЗ,1_samuel,1 Царств,3,15,8,יְהוָ֑ה,Яхве,Господь
ВЗ,1_samuel,1 Царств,3,18,1,ל֤וֹ,"к, его",к нему
ВЗ,1_samuel,1 Царств,3,18,10,יְהוָ֣ה,есть Яхве,есть Господь
ВЗ,1_samuel,1 Царств,3,19,2,וַֽיהוָה֙,"и, Яхве","и, Господь"
ВЗ,1_samuel,1 Царств,3,20,11,לַיהוָֽה\׃,Яхве,Господь
ВЗ,1_samuel,1 Царств,3,21,1,יְהוָ֖ה,Яхве,Господь
ВЗ,1_samuel,1 Царств,3,21,6,יְהוָ֧ה,Яхве,Господь
ВЗ,1_samuel,1 Царств,3,21,11,יְהוָֽה\׃\ \פ,Яхве,Господь
ВЗ,1_samuel,1 Царств,4,1,0,וַיְהִ֥י,"и, оно пришёл","и, было"
ВЗ,1_samuel,1 Царств,4,2,6,וַיִּנָּ֥גֶף,"и, оно был поразил",и было поразил
ВЗ,1_samuel,1 Царств,4,3,0,וַיָּבֹ֣א,"и, оно пришёл","и, было"
ВЗ,1_samuel,1 Царств,4,3,9,יְהוָ֛ה,Яхве,Господь
ВЗ,1_samuel,1 Царств,4,3,19,יְהוָ֔ה,Яхве,Господь
ВЗ,1_samuel,1 Царств,4,4,8,יְהוָ֛ה,Яхве,Господь
ВЗ,1_samuel,1 Царств,4,5,0,וַיְהִ֗י,"и, оно был",и было
ВЗ,1_samuel,1 Царств,4,5,4,יְהוָה֙,Яхве,Господь
ВЗ,1_samuel,1 Царств,4,5,12,וַתֵּהֹ֖ם,"и, оно был стирред",и было стирред
ВЗ,1_samuel,1 Царств,4,6,16,יְהוָ֔ה,Яхве,Господь
ВЗ,1_samuel,1 Царств,4,10,2,וַיִּנָּ֤גֶף,"и, оно был поразил",и было поразил
ВЗ,1_samuel,1 Царств,4,10,7,וַתְּהִ֥י,"и, оно был",и было
ВЗ,1_samuel,1 Царств,4,18,0,וַיְהִ֞י,"и, оно был",и было
ВЗ,1_samuel,1 Царств,4,18,12,וַתִּשָּׁבֵ֤ר,"и, оно был сломанный",и было сломанный
ВЗ,1_samuel,1 Царств,4,21,4,לֵאמֹ֔ר,"к, говоря",говоря
ВЗ,1_samuel,1 Царств,5,3,10,יְהוָ֑ה,Яхве,Господь
ВЗ,1_samuel,1 Царств,5,4,10,יְהוָ֑ה,Яхве,Господь
ВЗ,1_samuel,1 Царств,5,6,0,וַתִּכְבַּ֧ד,"и, оно был тяжёлый",и было тяжёлый
ВЗ,1_samuel,1 Царств,5,6,2,יְהוָ֛ה,Яхве,Господь
ВЗ,1_samuel,1 Царств,5,9,0,וַיְהִ֞י,"и, оно был",и было
ВЗ,1_samuel,1 Царств,5,9,4,וַתְּהִ֨י,"и, оно был",и было
ВЗ,1_samuel,1 Царств,5,9,6,יְהוָ֤ה\׀,Яхве,Господь
ВЗ,1_samuel,1 Царств,5,10,5,וַיְהִ֗י,"и, оно был",и было
ВЗ,1_samuel,1 Царств,5,10,12,לֵאמֹ֗ר,"к, говоря",говоря
ВЗ,1_samuel,1 Царств,6,1,0,וַיְהִ֧י,"и, оно был",и было
ВЗ,1_samuel,1 Царств,6,1,2,יְהוָ֛ה,Яхве,Господь
ВЗ,1_samuel,1 Царств,6,2,4,לֵאמֹ֔ר,"к, говоря",говоря
ВЗ,1_samuel,1 Царств,6,2,8,יְהוָ֑ה,Яхве,Господь
ВЗ,1_samuel,1 Царств,6,3,14,ל֖וֹ,"к, его",к нему
ВЗ,1_samuel,1 Царств,6,4,5,לוֹ֒,"к, его",к нему
ВЗ,1_samuel,1 Царств,6,8,3,יְהוָ֗ה,Яхве,Господь
ВЗ,1_samuel,1 Царств,6,8,13,לוֹ֙,"к, его",к нему
ВЗ,1_samuel,1 Царств,6,11,3,יְהוָ֖ה,Яхве,Господь
ВЗ,1_samuel,1 Царств,6,14,1,בָּ֠אָה,оно пришёл,было
ВЗ,1_samuel,1 Царств,6,14,20,לַיהוָֽה\׃\ \ס,"к, Яхве","к, Господь"
ВЗ,1_samuel,1 Царств,6,15,4,יְהוָ֗ה,Яхве,Господь
ВЗ,1_samuel,1 Царств,6,15,26,לַֽיהוָֽה\׃,"к, Яхве","к, Господь"
ВЗ,1_samuel,1 Царств,6,17,7,לַֽיהוָ֑ה,"к, Яхве","к, Господь"
ВЗ,1_samuel,1 Царств,6,18,21,יְהוָ֔ה,Яхве,Господь
ВЗ,1_samuel,1 Царств,6,19,7,יְהוָ֔ה,Яхве,Господь
ВЗ,1_samuel,1 Царств,6,19,19,יְהוָ֛ה,Яхве,Господь
ВЗ,1_samuel,1 Царств,6,20,8,יְהוָ֧ה,Яхве,Господь
ВЗ,1_samuel,1 Царств,6,21,6,לֵאמֹ֑ר,"к, говоря",говоря
ВЗ,1_samuel,1 Царств,6,21,11,יְהוָ֔ה,Яхве,Господь
ВЗ,1_samuel,1 Царств,7,1,7,יְהוָ֔ה,Яхве,Господь
ВЗ,1_samuel,1 Царств,7,1,21,יְהוָֽה\׃\ \פ,Яхве,Господь
ВЗ,1_samuel,1 Царств,7,2,0,וַיְהִ֗י,"и, оно был",и было
ВЗ,1_samuel,1 Царств,7,2,16,יְהוָֽה\׃\ \ס,Яхве,Господь
ВЗ,1_samuel,1 Царств,7,3,6,לֵאמֹר֒,"к, говоря",говоря
ВЗ,1_samuel,1 Царств,7,3,13,יְהוָ֔ה,Яхве,Господь
ВЗ,1_samuel,1 Царств,7,3,23,יְהוָה֙,Яхве,Господь
ВЗ,1_samuel,1 Царств,7,4,9,יְהוָ֖ה,Яхве,Господь
ВЗ,1_samuel,1 Царств,7,5,10,יְהוָֽה\׃,Яхве,Господь
ВЗ,1_samuel,1 Царств,7,6,6,יְהוָ֗ה,Яхве,Господь
ВЗ,1_samuel,1 Царств,7,6,13,לַיהוָ֑ה,"к, Яхве","к, Господь"
ВЗ,1_samuel,1 Царств,7,8,10,יְהוָ֣ה,Яхве,Господь
ВЗ,1_samuel,1 Царств,7,9,8,לַֽיהוָ֑ה,"к, Яхве","к, Господь"
ВЗ,1_samuel,1 Царств,7,9,12,יְהוָה֙,Яхве,Господь
ВЗ,1_samuel,1 Царств,7,9,16,יְהוָֽה\׃,Яхве,Господь
ВЗ,1_samuel,1 Царств,7,10,9,יְהוָ֣ה\׀,Яхве,Господь
ВЗ,1_samuel,1 Царств,7,12,18,יְהוָֽה\׃,Яхве,Господь
ВЗ,1_samuel,1 Царств,7,13,8,וַתְּהִ֤י,"и, оно был",и было
ВЗ,1_samuel,1 Царств,7,13,10,יְהוָה֙,Яхве,Господь
ВЗ,1_samuel,1 Царств,7,14,17,וַיְהִ֣י,"и, оно был",и было
ВЗ,1_samuel,1 Царств,7,17,12,לַֽיהוָֽה\׃\ \פ,"к, Яхве","к, Господь"
ВЗ,1_samuel,1 Царств,8,1,0,וַיְהִ֕י,"и, оно был",и было
ВЗ,1_samuel,1 Царств,8,2,0,וַיְהִ֞י,"и, оно был",и было
ВЗ,1_samuel,1 Царств,8,5,1,אֵלָ֗יו,"к, его",к нему
ВЗ,1_samuel,1 Царств,8,6,0,וַיֵּ֤רַע,"и, оно был дисплеасинг",и было дисплеасинг
ВЗ,1_samuel,1 Царств,8,6,13,יְהוָֽה\׃\ \פ,Яхве,Господь
ВЗ,1_samuel,1 Царств,8,7,1,יְהוָה֙,Яхве,Господь
ВЗ,1_samuel,1 Царств,8,10,5,יְהוָ֑ה,Яхве,Господь
ВЗ,1_samuel,1 Царств,8,18,10,יְהוָ֛ה,Яхве,Господь
ВЗ,1_samuel,1 Царств,8,21,8,יְהוָֽה\׃\ \פ,Яхве,Господь
ВЗ,1_samuel,1 Царств,8,22,1,יְהוָ֤ה,Яхве,Господь
ВЗ,1_samuel,1 Царств,9,2,0,וְלוֹ\־,"и, к, его","и, к нему"
ВЗ,1_samuel,1 Царств,9,6,1,ל֗וֹ,"к, его",к нему
ВЗ,1_samuel,1 Царств,9,15,0,וַֽיהוָ֔ה,"и, Яхве","и, Господь"
ВЗ,1_samuel,1 Царств,9,15,10,לֵאמֹֽר\׃,"к, говоря",говоря
ВЗ,1_samuel,1 Царств,9,17,4,וַיהוָ֣ה,"и, Яхве","и, Господь"
ВЗ,1_samuel,1 Царств,9,24,18,לֵאמֹ֖ר,"к, говоря",говоря
ВЗ,1_samuel,1 Царств,9,26,1,וַיְהִ֞י,"и, оно был",и было
ВЗ,1_samuel,1 Царств,9,26,9,לֵאמֹ֔ר,"к, говоря",говоря
ВЗ,1_samuel,1 Царств,10,1,13,יְהוָ֛ה,Яхве,Господь
ВЗ,1_samuel,1 Царств,10,1,22,יְהוָה,Яхве,Господь
ВЗ,1_samuel,1 Царств,10,1,32,יְהוָה,Яхве,Господь
ВЗ,1_samuel,1 Царств,10,2,27,לֵאמֹ֔ר,"к, говоря",говоря
ВЗ,1_samuel,1 Царств,10,6,3,יְהוָ֔ה,Яхве,Господь
ВЗ,1_samuel,1 Царств,10,9,0,וְהָיָ֗ה,"и, оно был",и было
ВЗ,1_samuel,1 Царств,10,11,0,וַיְהִ֗י,"и, оно был",и было
ВЗ,1_samuel,1 Царств,10,14,3,אֵלָ֛יו,"к, его",к нему
ВЗ,1_samuel,1 Царств,10,16,15,ל֔וֹ,"к, его",к нему
ВЗ,1_samuel,1 Царств,10,17,5,יְהוָ֖ה,Яхве,Господь
ВЗ,1_samuel,1 Царств,10,18,6,יְהוָה֙,Яхве,Господь
ВЗ,1_samuel,1 Царств,10,19,13,ל֔וֹ,"к, его",к нему
ВЗ,1_samuel,1 Царств,10,19,21,יְהוָ֔ה,Яхве,Господь
ВЗ,1_samuel,1 Царств,10,20,6,וַיִּלָּכֵ֖ד,"и, оно был взятый через жребий",и было взятый через жребий
ВЗ,1_samuel,1 Царств,10,21,5,וַתִּלָּכֵ֖ד,"и, оно был взятый через жребий",и было взятый через жребий
ВЗ,1_samuel,1 Царств,10,22,2,בַּֽיהוָ֔ה,"через, Яхве","через, Господь"
ВЗ,1_samuel,1 Царств,10,22,8,יְהוָ֔ה,Яхве,Господь
ВЗ,1_samuel,1 Царств,10,24,9,יְהוָ֔ה,Яхве,Господь
ВЗ,1_samuel,1 Царств,10,24,12,כָּמֹ֖הוּ,"есть как, его",есть как нему
ВЗ,1_samuel,1 Царств,10,25,11,יְהוָ֑ה,Яхве,Господь
ВЗ,1_samuel,1 Царств,10,27,9,ל֖וֹ,"к, его",к нему
ВЗ,1_samuel,1 Царств,11,3,1,אֵלָ֜יו,"к, его",к нему
ВЗ,1_samuel,1 Царств,11,5,14,ל֔וֹ,"к, его",к нему
ВЗ,1_samuel,1 Царств,11,7,10,לֵאמֹר֒,"к, говоря",говоря
ВЗ,1_samuel,1 Царств,11,7,23,יְהוָה֙,Яхве,Господь
ВЗ,1_samuel,1 Царств,11,11,0,וַיְהִ֣י,"и, оно был",и было
ВЗ,1_samuel,1 Царств,11,11,19,וַיְהִ֤י,"и, оно был",и было
ВЗ,1_samuel,1 Царств,11,13,10,יְהוָ֥ה,Яхве,Господь
ВЗ,1_samuel,1 Царств,11,15,9,יְהוָה֙,Яхве,Господь
ВЗ,1_samuel,1 Царств,11,15,16,יְהוָ֑ה,Яхве,Господь
ВЗ,1_samuel,1 Царств,12,3,4,יְהוָ֜ה,Яхве,Господь
ВЗ,1_samuel,1 Царств,12,5,3,יְהוָ֣ה,Яхве,Господь
ВЗ,1_samuel,1 Царств,12,6,4,יְהוָ֗ה,Яхве,Господь
ВЗ,1_samuel,1 Царств,12,7,5,יְהוָ֑ה,Яхве,Господь
ВЗ,1_samuel,1 Царств,12,7,9,יְהוָ֔ה,Яхве,Господь
ВЗ,1_samuel,1 Царств,12,8,7,יְהוָ֔ה,Яхве,Господь
ВЗ,1_samuel,1 Царств,12,8,9,יְהוָ֜ה,Яхве,Господь
ВЗ,1_samuel,1 Царств,12,9,2,יְהוָ֣ה,Яхве,Господь
ВЗ,1_samuel,1 Царств,12,10,2,יְהוָה֙,Яхве,Господь
ВЗ,1_samuel,1 Царств,12,10,8,יְהוָ֔ה,Яхве,Господь
ВЗ,1_samuel,1 Царств,12,11,1,יְהוָה֙,Яхве,Господь
ВЗ,1_samuel,1 Царств,12,12,15,וַיהוָ֥ה,"и, Яхве","и, Господь"
ВЗ,1_samuel,1 Царств,12,13,9,יְהוָ֛ה,Яхве,Господь
ВЗ,1_samuel,1 Царств,12,14,3,יְהוָ֗ה,Яхве,Господь
ВЗ,1_samuel,1 Царств,12,14,12,יְהוָ֑ה,Яхве,Господь
ВЗ,1_samuel,1 Царств,12,14,22,יְהוָ֥ה,Яхве,Господь
ВЗ,1_samuel,1 Царств,12,15,4,יְהוָ֔ה,Яхве,Господь
ВЗ,1_samuel,1 Царств,12,15,8,יְהוָ֑ה,Яхве,Господь
ВЗ,1_samuel,1 Царств,12,15,11,יְהוָ֛ה,Яхве,Господь
ВЗ,1_samuel,1 Царств,12,16,9,יְהוָ֔ה,Яхве,Господь
ВЗ,1_samuel,1 Царств,12,17,6,יְהוָ֔ה,Яхве,Господь
ВЗ,1_samuel,1 Царств,12,17,18,יְהוָ֔ה,Яхве,Господь
ВЗ,1_samuel,1 Царств,12,18,3,יְהוָ֔ה,Яхве,Господь
ВЗ,1_samuel,1 Царств,12,18,5,יְהוָ֛ה,Яхве,Господь
ВЗ,1_samuel,1 Царств,12,18,15,יְהוָ֖ה,Яхве,Господь
ВЗ,1_samuel,1 Царств,12,19,9,יְהוָ֥ה,Яхве,Господь
ВЗ,1_samuel,1 Царств,12,20,16,יְהוָ֔ה,Яхве,Господь
ВЗ,1_samuel,1 Царств,12,20,19,יְהוָ֖ה,Яхве,Господь
ВЗ,1_samuel,1 Царств,12,22,3,יְהוָה֙,Яхве,Господь
ВЗ,1_samuel,1 Царств,12,22,11,יְהוָ֔ה,Яхве,Господь
ВЗ,1_samuel,1 Царств,12,23,5,לַֽיהוָ֔ה,"к, Яхве","к, Господь"
ВЗ,1_samuel,1 Царств,12,24,3,יְהוָ֗ה,Яхве,Господь
ВЗ,1_samuel,1 Царств,13,3,14,לֵאמֹ֔ר,"к, говоря",говоря
ВЗ,1_samuel,1 Царств,13,4,3,לֵאמֹ֗ר,"к, говоря",говоря
ВЗ,1_samuel,1 Царств,13,10,0,וַיְהִ֗י,"и, оно был",и было
ВЗ,1_samuel,1 Царств,13,12,7,יְהוָ֖ה,Яхве,Господь
ВЗ,1_samuel,1 Царств,13,13,9,יְהוָ֤ה,Яхве,Господь
ВЗ,1_samuel,1 Царств,13,13,16,יְהוָ֧ה,Яхве,Господь
ВЗ,1_samuel,1 Царств,13,14,5,יְהוָ֨ה,Яхве,Господь
ВЗ,1_samuel,1 Царств,13,14,10,יְהוָ֤ה,Яхве,Господь
ВЗ,1_samuel,1 Царств,13,14,20,יְהוָֽה\׃\ \פ,Яхве,Господь
ВЗ,1_samuel,1 Царств,13,17,0,וַיֵּצֵ֧א,"и, оно пришёл вне","и, было вне"
ВЗ,1_samuel,1 Царств,13,20,9,אֵתוֹ֙,"маттокк, его",маттокк нему
ВЗ,1_samuel,1 Царств,13,21,0,וְֽהָיְתָ֞ה,"и, оно был",и было
ВЗ,1_samuel,1 Царств,13,22,0,וְהָיָה֙,"и, оно был",и было
ВЗ,1_samuel,1 Царств,13,22,15,וַתִּמָּצֵ֣א,"и, оно был нашёл",и было нашёл
ВЗ,1_samuel,1 Царств,13,23,0,וַיֵּצֵא֙,"и, оно пришёл вне","и, было вне"
ВЗ,1_samuel,1 Царств,14,1,0,וַיְהִ֣י,"и, оно был",и было
ВЗ,1_samuel,1 Царств,14,3,10,יְהוָ֛ה,Яхве,Господь
ВЗ,1_samuel,1 Царств,14,6,14,יְהוָ֖ה,Яхве,Господь
ВЗ,1_samuel,1 Царств,14,6,18,לַֽיהוָה֙,"принадлежит к, Яхве","принадлежит к, Господь"
ВЗ,1_samuel,1 Царств,14,7,1,לוֹ֙,"к, его",к нему
ВЗ,1_samuel,1 Царств,14,10,8,יְהוָ֖ה,Яхве,Господь
ВЗ,1_samuel,1 Царств,14,12,23,יְהוָ֖ה,Яхве,Господь
ВЗ,1_samuel,1 Царств,14,14,0,וַתְּהִ֞י,"и, оно был",и было
ВЗ,1_samuel,1 Царств,14,15,0,וַתְּהִי֩,"и, оно был",и было
ВЗ,1_samuel,1 Царств,14,19,0,וַיְהִ֗י,"и, оно был",и было
ВЗ,1_samuel,1 Царств,14,23,1,יְהוָ֛ה,Яхве,Господь
ВЗ,1_samuel,1 Царств,14,24,9,לֵאמֹ֗ר,"к, говоря",говоря
ВЗ,1_samuel,1 Царств,14,25,4,וַיְהִ֥י,"и, оно был",и было
ВЗ,1_samuel,1 Царств,14,26,0,וַיָּבֹ֤א,"и, оно пришёл","и, было"
ВЗ,1_samuel,1 Царств,14,28,9,לֵאמֹ֔ר,"к, говоря",говоря
ВЗ,1_samuel,1 Царств,14,28,16,וַיָּ֖עַף,"и, оно был утомлённый",и было утомлённый
ВЗ,1_samuel,1 Царств,14,31,6,וַיָּ֥עַף,"и, оно был утомлённый",и было утомлённый
ВЗ,1_samuel,1 Царств,14,33,2,לֵאמֹ֔ר,"к, говоря",говоря
ВЗ,1_samuel,1 Царств,14,33,6,לַֽיהוָ֖ה,"к, Яхве","к, Господь"
ВЗ,1_samuel,1 Царств,14,34,17,לַֽיהוָ֖ה,"к, Яхве","к, Господь"
ВЗ,1_samuel,1 Царств,14,35,3,לַֽיהוָ֑ה,"к, Яхве","к, Господь"
ВЗ,1_samuel,1 Царств,14,35,8,לַֽיהוָֽה\׃\ \פ,"к, Яхве","к, Господь"
ВЗ,1_samuel,1 Царств,14,39,2,יְהוָ֗ה,Яхве,Господь
ВЗ,1_samuel,1 Царств,14,41,3,יְהוָ֛ה,Яхве,Господь
ВЗ,1_samuel,1 Царств,14,41,20,יְהוָה,Яхве,Господь
ВЗ,1_samuel,1 Царств,14,43,9,ל֣וֹ,"к, его",к нему
ВЗ,1_samuel,1 Царств,14,45,14,יְהוָה֙,Яхве,Господь
ВЗ,1_samuel,1 Царств,14,52,0,וַתְּהִ֤י,"и, оно был",и было
ВЗ,1_samuel,1 Царств,15,1,6,יְהוָה֙,Яхве,Господь
ВЗ,1_samuel,1 Царств,15,1,17,יְהוָֽה\׃\ \ס,Яхве,Господь
ВЗ,1_samuel,1 Царств,15,2,2,יְהוָ֣ה,Яхве,Господь
ВЗ,1_samuel,1 Царств,15,10,0,וַֽיְהִי֙,"и, оно пришёл","и, было"
ВЗ,1_samuel,1 Царств,15,10,2,יְהוָ֔ה,Яхве,Господь
ВЗ,1_samuel,1 Царств,15,10,5,לֵאמֹֽר\׃,"к, говоря",говоря
ВЗ,1_samuel,1 Царств,15,11,17,יְהוָ֖ה,Яхве,Господь
ВЗ,1_samuel,1 Царств,15,12,5,וַיֻּגַּ֨ד,"и, оно был сказал",и было сказал
ВЗ,1_samuel,1 Царств,15,12,7,לֵאמֹ֗ר,"к, говоря",говоря
ВЗ,1_samuel,1 Царств,15,13,5,ל֣וֹ,"к, его",к нему
ВЗ,1_samuel,1 Царств,15,13,9,לַֽיהוָ֔ה,"через, Яхве","через, Господь"
ВЗ,1_samuel,1 Царств,15,13,13,יְהוָֽה\׃,Яхве,Господь
ВЗ,1_samuel,1 Царств,15,15,13,לַיהוָ֣ה,"к, Яхве","к, Господь"
ВЗ,1_samuel,1 Царств,15,16,10,יְהוָ֛ה,Яхве,Господь
ВЗ,1_samuel,1 Царств,15,16,14,ל֖וֹ,"к, его",к нему
ВЗ,1_samuel,1 Царств,15,17,12,יְהוָ֛ה,Яхве,Господь
ВЗ,1_samuel,1 Царств,15,18,1,יְהוָ֖ה,Яхве,Господь
ВЗ,1_samuel,1 Царств,15,19,4,יְהוָ֑ה,Яхве,Господь
ВЗ,1_samuel,1 Царств,15,19,11,יְהוָֽה\׃\ \ס,Яхве,Господь
ВЗ,1_samuel,1 Царств,15,20,7,יְהוָ֔ה,Яхве,Господь
ВЗ,1_samuel,1 Царств,15,20,12,יְהוָ֑ה,Яхве,Господь
ВЗ,1_samuel,1 Царств,15,21,8,לַֽיהוָ֥ה,"к, Яхве","к, Господь"
ВЗ,1_samuel,1 Царств,15,22,3,לַֽיהוָה֙,"принадлежать к, Яхве","принадлежать к, Господь"
ВЗ,1_samuel,1 Царств,15,22,8,יְהוָ֑ה,Яхве,Господь
ВЗ,1_samuel,1 Царств,15,23,11,יְהוָ֔ה,Яхве,Господь
ВЗ,1_samuel,1 Царств,15,24,9,יְהוָ֖ה,Яхве,Господь
ВЗ,1_samuel,1 Царств,15,25,8,לַֽיהוָֽה\׃,"к, Яхве","к, Господь"
ВЗ,1_samuel,1 Царств,15,26,11,יְהוָ֔ה,Яхве,Господь
ВЗ,1_samuel,1 Царств,15,26,13,יְהוָ֔ה,Яхве,Господь
ВЗ,1_samuel,1 Царств,15,28,1,אֵלָיו֙,"к, его",к нему
ВЗ,1_samuel,1 Царств,15,28,4,יְהוָ֜ה,Яхве,Господь
ВЗ,1_samuel,1 Царств,15,30,13,לַֽיהוָ֥ה,"к, Яхве","к, Господь"
ВЗ,1_samuel,1 Царств,15,31,6,לַֽיהוָֽה\׃\ \ס,"к, Яхве","к, Господь"
ВЗ,1_samuel,1 Царств,15,32,9,אֵלָ֔יו,"к, его",к нему
ВЗ,1_samuel,1 Царств,15,33,15,יְהוָ֖ה,Яхве,Господь
ВЗ,1_samuel,1 Царств,15,35,14,וַיהוָ֣ה,"и, Яхве","и, Господь"
ВЗ,1_samuel,1 Царств,16,1,1,יְהוָ֜ה,Яхве,Господь
ВЗ,1_samuel,1 Царств,16,2,8,יְהוָ֗ה,Яхве,Господь
ВЗ,1_samuel,1 Царств,16,2,15,לַֽיהוָ֖ה,"к, Яхве","к, Господь"
ВЗ,1_samuel,1 Царств,16,4,5,יְהוָ֔ה,Яхве,Господь
ВЗ,1_samuel,1 Царств,16,5,3,לַֽיהוָה֙,"к, Яхве","к, Господь"
ВЗ,1_samuel,1 Царств,16,6,0,וַיְהִ֣י,"и, оно был",и было
ВЗ,1_samuel,1 Царств,16,6,8,יְהוָ֖ה,Яхве,Господь
ВЗ,1_samuel,1 Царств,16,7,1,יְהוָ֜ה,Яхве,Господь
ВЗ,1_samuel,1 Царств,16,7,22,וַיהוָ֖ה,"и, Яхве","и, Господь"
ВЗ,1_samuel,1 Царств,16,8,12,יְהוָֽה\׃,Яхве,Господь
ВЗ,1_samuel,1 Царств,16,9,8,יְהוָֽה\׃,Яхве,Господь
ВЗ,1_samuel,1 Царств,16,10,12,יְהוָ֖ה,Яхве,Господь
ВЗ,1_samuel,1 Царств,16,12,10,יְהוָ֛ה,Яхве,Господь
ВЗ,1_samuel,1 Царств,16,13,11,יְהוָה֙,Яхве,Господь
ВЗ,1_samuel,1 Царств,16,14,1,יְהוָ֛ה,Яхве,Господь
ВЗ,1_samuel,1 Царств,16,14,9,יְהוָֽה\׃,Яхве,Господь
ВЗ,1_samuel,1 Царств,16,15,3,אֵלָ֑יו,"к, его",к нему
ВЗ,1_samuel,1 Царств,16,18,20,וַיהוָ֖ה,"и, Яхве","и, Господь"
ВЗ,1_samuel,1 Царств,16,22,4,לֵאמֹ֑ר,"к, говоря",говоря
ВЗ,1_samuel,1 Царств,16,23,0,וְהָיָ֗ה,"и, оно был",и было
ВЗ,1_samuel,1 Царств,16,23,12,וְרָוַ֤ח,"и, оно был релиеф",и было релиеф
ВЗ,1_samuel,1 Царств,16,23,15,ל֔וֹ,"принадлежал к, его",принадлежал к нему
ВЗ,1_samuel,1 Царств,17,9,11,לוֹ֙,"к, его",к нему
ВЗ,1_samuel,1 Царств,17,12,10,וְל֖וֹ,"и, принадлежал к, его","и, принадлежал к нему"
ВЗ,1_samuel,1 Царств,17,25,23,ל֔וֹ,"к, его",к нему
ВЗ,1_samuel,1 Царств,17,26,6,לֵאמֹר֒,"к, говоря",говоря
ВЗ,1_samuel,1 Царств,17,27,1,לוֹ֙,"к, его",к нему
ВЗ,1_samuel,1 Царств,17,27,5,לֵאמֹ֑ר,"к, говоря",говоря
ВЗ,1_samuel,1 Царств,17,34,9,וּבָ֤א,"и, оно пришёл","и, было"
ВЗ,1_samuel,1 Царств,17,37,2,יְהוָ֗ה,Яхве,Господь
ВЗ,1_samuel,1 Царств,17,37,19,וַֽיהוָ֖ה,"и, Яхве","и, Господь"
ВЗ,1_samuel,1 Царств,17,40,1,מַקְל֜וֹ,"стикк, его",стикк нему
ВЗ,1_samuel,1 Царств,17,40,15,ל֛וֹ,"принадлежал к, его",принадлежал к нему
ВЗ,1_samuel,1 Царств,17,45,14,יְהוָ֣ה,Яхве,Господь
ВЗ,1_samuel,1 Царств,17,46,3,יְהוָ֨ה,Яхве,Господь
ВЗ,1_samuel,1 Царств,17,47,9,יְהוָ֑ה,Яхве,Господь
ВЗ,1_samuel,1 Царств,17,47,11,לַֽיהוָה֙,"принадлежит к, Яхве","принадлежит к, Господь"
ВЗ,1_samuel,1 Царств,17,48,0,וְהָיָה֙,"и, оно был",и было
ВЗ,1_samuel,1 Царств,17,58,1,אֵלָיו֙,"к, его",к нему
ВЗ,1_samuel,1 Царств,18,1,0,וַיְהִ֗י,"и, оно был",и было
ВЗ,1_samuel,1 Царств,18,4,12,קַשְׁתּ֖וֹ,"лук, его",лук нему
ВЗ,1_samuel,1 Царств,18,5,12,וַיִּיטַב֙,"и, оно был хороший",и было хороший
ВЗ,1_samuel,1 Царств,18,6,0,וַיְהִ֣י,"и, оно был",и было
ВЗ,1_samuel,1 Царств,18,8,3,וַיֵּ֤רַע,"и, оно был дисплеасинг",и было дисплеасинг
ВЗ,1_samuel,1 Царств,18,10,0,וַיְהִ֣י,"и, оно был",и было
ВЗ,1_samuel,1 Царств,18,12,6,יְהוָה֙,Яхве,Господь
ВЗ,1_samuel,1 Царств,18,14,5,וַֽיהוָ֖ה,"и, Яхве","и, Господь"
ВЗ,1_samuel,1 Царств,18,17,19,יְהוָ֑ה,Яхве,Господь
ВЗ,1_samuel,1 Царств,18,19,0,וַיְהִ֗י,"и, оно был",и было
ВЗ,1_samuel,1 Царств,18,20,8,וַיִּשַׁ֥ר,"и, оно был угодный",и было угодный
ВЗ,1_samuel,1 Царств,18,21,3,לּוֹ֙,"к, его",к нему
ВЗ,1_samuel,1 Царств,18,22,8,לֵאמֹ֔ר,"к, говоря",говоря
ВЗ,1_samuel,1 Царств,18,24,3,ל֖וֹ,"к, его",к нему
ВЗ,1_samuel,1 Царств,18,24,4,לֵאמֹ֑ר,"к, говоря",говоря
ВЗ,1_samuel,1 Царств,18,26,6,וַיִּשַׁ֤ר,"и, оно был угодный",и было угодный
ВЗ,1_samuel,1 Царств,18,27,18,ל֥וֹ,"к, его",к нему
ВЗ,1_samuel,1 Царств,18,28,4,יְהוָ֖ה,Яхве,Господь
ВЗ,1_samuel,1 Царств,18,30,3,וַיְהִ֣י\׀,"и, оно был",и было
ВЗ,1_samuel,1 Царств,18,30,11,וַיִּיקַ֥ר,"и, оно был естимед",и было естимед
ВЗ,1_samuel,1 Царств,19,2,3,לֵאמֹ֔ר,"к, говоря",говоря
ВЗ,1_samuel,1 Царств,19,4,8,אֵ֠לָיו,"к, его",к нему
ВЗ,1_samuel,1 Царств,19,5,8,יְהוָ֜ה,Яхве,Господь
ВЗ,1_samuel,1 Царств,19,6,7,יְהוָ֖ה,Яхве,Господь
ВЗ,1_samuel,1 Царств,19,7,4,לוֹ֙,"к, его",к нему
ВЗ,1_samuel,1 Царств,19,9,0,וַתְּהִי֩,"и, оно был",и было
ВЗ,1_samuel,1 Царств,19,9,2,יְהוָ֤ה\׀,Яхве,Господь
ВЗ,1_samuel,1 Царств,19,11,13,לֵאמֹ֔ר,"к, говоря",говоря
ВЗ,1_samuel,1 Царств,19,15,7,לֵאמֹ֑ר,"к, говоря",говоря
ВЗ,1_samuel,1 Царств,19,18,8,ל֔וֹ,"к, его",к нему
ВЗ,1_samuel,1 Царств,19,18,13,ל֖וֹ,"к, его",к нему
ВЗ,1_samuel,1 Царств,19,19,0,וַיֻּגַּ֥ד,"и, оно был сказал",и было сказал
ВЗ,1_samuel,1 Царств,19,19,2,לֵאמֹ֑ר,"к, говоря",говоря
ВЗ,1_samuel,1 Царств,19,20,15,וַתְּהִ֞י,"и, оно был",и было
ВЗ,1_samuel,1 Царств,19,23,5,וַתְּהִי֩,"и, оно был",и было
ВЗ,1_samuel,1 Царств,20,2,1,ל֣וֹ,"к, его",к нему
ВЗ,1_samuel,1 Царств,20,3,20,יְהוָה֙,Яхве,Господь
ВЗ,1_samuel,1 Царств,20,7,9,ל֔וֹ,"к, его",к нему
ВЗ,1_samuel,1 Царств,20,8,6,יְהוָ֔ה,Яхве,Господь
ВЗ,1_samuel,1 Царств,20,12,4,יְהוָ֞ה,Яхве,Господь
ВЗ,1_samuel,1 Царств,20,13,2,יְהוָ֨ה,Яхве,Господь
ВЗ,1_samuel,1 Царств,20,13,20,יְהוָה֙,Яхве,Господь
ВЗ,1_samuel,1 Царств,20,14,8,יְהוָ֖ה,Яхве,Господь
ВЗ,1_samuel,1 Царств,20,15,10,יְהוָה֙,Яхве,Господь
ВЗ,1_samuel,1 Царств,20,16,6,יְהוָ֔ה,Яхве,Господь
ВЗ,1_samuel,1 Царств,20,18,1,ל֥וֹ,"к, его",к нему
ВЗ,1_samuel,1 Царств,20,21,24,יְהוָֽה\׃,Яхве,Господь
ВЗ,1_samuel,1 Царств,20,22,11,יְהוָֽה\׃,Яхве,Господь
ВЗ,1_samuel,1 Царств,20,23,6,יְהוָ֛ה,Яхве,Господь
ВЗ,1_samuel,1 Царств,20,24,3,וַיְהִ֣י,"и, оно был",и было
ВЗ,1_samuel,1 Царств,20,25,15,וַיִּפָּקֵ֖ד,"и, оно был пустой",и было пустой
ВЗ,1_samuel,1 Царств,20,27,0,וַיְהִ֗י,"и, оно был",и было
ВЗ,1_samuel,1 Царств,20,27,4,וַיִּפָּקֵ֖ד,"и, оно был пустой",и было пустой
ВЗ,1_samuel,1 Царств,20,30,5,ל֔וֹ,"к, его",к нему
ВЗ,1_samuel,1 Царств,20,32,6,אֵלָ֛יו,"к, его",к нему
ВЗ,1_samuel,1 Царств,20,35,0,וַיְהִ֣י,"и, оно был",и было
ВЗ,1_samuel,1 Царств,20,40,7,ל֑וֹ,"принадлежал к, его",принадлежал к нему
ВЗ,1_samuel,1 Царств,20,40,9,ל֔וֹ,"к, его",к нему
ВЗ,1_samuel,1 Царств,20,42,10,יְהוָה֙,Яхве,Господь
ВЗ,1_samuel,1 Царств,20,42,11,לֵאמֹ֔ר,"к, говоря",говоря
ВЗ,1_samuel,1 Царств,20,42,12,יְהוָ֞ה,Яхве,Господь
ВЗ,1_samuel,1 Царств,22,1,13,אֵלָ֖יו,"к, его",к нему
ВЗ,1_samuel,1 Царств,22,2,1,אֵ֠לָיו,"к, его",к нему
ВЗ,1_samuel,1 Царств,22,2,8,ל֤וֹ,"принадлежал к, его",принадлежал к нему
ВЗ,1_samuel,1 Царств,22,10,2,בַּֽיהוָ֔ה,"через, Яхве","через, Господь"
ВЗ,1_samuel,1 Царств,22,10,5,ל֑וֹ,"к, его",к нему
ВЗ,1_samuel,1 Царств,22,10,11,לֽוֹ\׃,"к, его",к нему
ВЗ,1_samuel,1 Царств,22,13,1,אֵלָיו֙,"к, его",к нему
ВЗ,1_samuel,1 Царств,22,13,10,ל֜וֹ,"к, его",к нему
ВЗ,1_samuel,1 Царств,22,17,8,יְהוָ֗ה,Яхве,Господь
ВЗ,1_samuel,1 Царств,22,17,32,יְהוָֽה\׃\ \ס,Яхве,Господь
ВЗ,1_samuel,1 Царств,22,21,8,יְהוָֽה\׃,Яхве,Господь
ВЗ,1_samuel,1 Царств,23,1,2,לֵאמֹ֑ר,"к, говоря",говоря
ВЗ,1_samuel,1 Царств,23,2,2,בַּֽיהוָה֙,"через, Яхве","через, Господь"
ВЗ,1_samuel,1 Царств,23,2,3,לֵאמֹ֔ר,"к, говоря",говоря
ВЗ,1_samuel,1 Царств,23,2,9,יְהוָ֜ה,Яхве,Господь
ВЗ,1_samuel,1 Царств,23,3,3,אֵלָ֔יו,"к, его",к нему
ВЗ,1_samuel,1 Царств,23,4,4,בַּֽיהוָ֔ה\ \ס,"через, Яхве","через, Господь"
ВЗ,1_samuel,1 Царств,23,4,6,יְהוָ֑ה,Яхве,Господь
ВЗ,1_samuel,1 Царств,23,6,0,וַיְהִ֗י,"и, оно был",и было
ВЗ,1_samuel,1 Царств,23,6,9,יָרַ֥ד,оно пришёл вниз,было вниз
ВЗ,1_samuel,1 Царств,23,7,0,וַיֻּגַּ֣ד,"и, оно был сказал",и было сказал
ВЗ,1_samuel,1 Царств,23,10,2,יְהוָה֙,О Яхве,О Господь
ВЗ,1_samuel,1 Царств,23,11,9,יְהוָה֙,О Яхве,О Господь
ВЗ,1_samuel,1 Царств,23,11,16,יְהוָ֖ה,Яхве,Господь
ВЗ,1_samuel,1 Царств,23,12,11,יְהוָ֖ה,Яхве,Господь
ВЗ,1_samuel,1 Царств,23,17,1,אֵלָ֜יו,"к, его",к нему
ВЗ,1_samuel,1 Царств,23,18,4,יְהוָ֑ה,Яхве,Господь
ВЗ,1_samuel,1 Царств,23,19,5,לֵאמֹ֑ר,"к, говоря",говоря
ВЗ,1_samuel,1 Царств,23,21,4,לַֽיהוָ֑ה,"через, Яхве","через, Господь"
ВЗ,1_samuel,1 Царств,23,27,4,לֵאמֹ֑ר,"к, говоря",говоря
ВЗ,1_samuel,1 Царств,25,2,2,וּמַעֲשֵׂ֣הוּ,"и, бусинесс, его","и, дело, его"
ВЗ,1_samuel,1 Царств,25,2,7,וְל֛וֹ,"и, принадлежал к, его","и, принадлежал к нему"
ВЗ,1_samuel,1 Царств,25,2,13,וַיְהִ֛י,"и, оно был",и было
ВЗ,1_samuel,1 Царств,25,12,7,ל֔וֹ,"к, его",к нему
ВЗ,1_samuel,1 Царств,25,14,7,לֵאמֹ֑ר,"к, говоря",говоря
ВЗ,1_samuel,1 Царств,25,17,17,אֵלָֽיו\׃,"к, его",к нему
ВЗ,1_samuel,1 Царств,25,20,0,וְהָיָ֞ה,"и, оно был",и было
ВЗ,1_samuel,1 Царств,25,21,14,ל֖וֹ,"принадлежит к, его",принадлежит к нему
ВЗ,1_samuel,1 Царств,25,22,11,ל֛וֹ,"принадлежит к, его",принадлежит к нему
ВЗ,1_samuel,1 Царств,25,26,3,יְהוָ֤ה,Яхве,Господь
ВЗ,1_samuel,1 Царств,25,26,8,יְהוָה֙,Яхве,Господь
ВЗ,1_samuel,1 Царств,25,28,7,יְהוָ֨ה,Яхве,Господь
ВЗ,1_samuel,1 Царств,25,28,13,יְהוָה֙,Яхве,Господь
ВЗ,1_samuel,1 Царств,25,29,13,יְהוָ֣ה,Яхве,Господь
ВЗ,1_samuel,1 Царств,25,30,3,יְהוָה֙,Яхве,Господь
ВЗ,1_samuel,1 Царств,25,31,15,יְהוָה֙,Яхве,Господь
ВЗ,1_samuel,1 Царств,25,32,4,יְהוָה֙,Яхве,Господь
ВЗ,1_samuel,1 Царств,25,34,2,יְהוָה֙,Яхве,Господь
ВЗ,1_samuel,1 Царств,25,35,6,ל֑וֹ,"к, его",к нему
ВЗ,1_samuel,1 Царств,25,36,5,לוֹ֩,"принадлежал к, его",принадлежал к нему
ВЗ,1_samuel,1 Царств,25,36,20,לּ֗וֹ,"к, его",к нему
ВЗ,1_samuel,1 Царств,25,37,0,וַיְהִ֣י,"и, оно был",и было
ВЗ,1_samuel,1 Царств,25,37,6,ל֣וֹ,"к, его",к нему
ВЗ,1_samuel,1 Царств,25,38,0,וַיְהִ֖י,"и, оно был",и было
ВЗ,1_samuel,1 Царств,25,38,4,יְהוָ֛ה,Яхве,Господь
ВЗ,1_samuel,1 Царств,25,39,7,יְהוָ֡ה,Яхве,Господь
ВЗ,1_samuel,1 Царств,25,39,23,יְהוָ֖ה,Яхве,Господь
ВЗ,1_samuel,1 Царств,25,40,8,לֵאמֹ֔ר,"к, говоря",говоря
ВЗ,1_samuel,1 Царств,26,1,5,לֵאמֹ֑ר,"к, говоря",говоря
ВЗ,1_samuel,1 Царств,26,6,12,לֵאמֹ֔ר,"к, говоря",говоря
ВЗ,1_samuel,1 Царств,26,8,19,לֽוֹ\׃,"к, его",к нему
ВЗ,1_samuel,1 Царств,26,9,11,יְהוָ֖ה,Яхве,Господь
ВЗ,1_samuel,1 Царств,26,10,3,יְהוָ֔ה,Яхве,Господь
ВЗ,1_samuel,1 Царств,26,10,6,יְהוָ֖ה,Яхве,Господь
ВЗ,1_samuel,1 Царств,26,11,2,מֵֽיהוָ֔ה,"от, Яхве","от, Господь"
ВЗ,1_samuel,1 Царств,26,11,6,יְהוָ֑ה,Яхве,Господь
ВЗ,1_samuel,1 Царств,26,12,22,יְהוָ֔ה,Яхве,Господь
ВЗ,1_samuel,1 Царств,26,14,8,לֵאמֹ֔ר,"к, говоря",говоря
ВЗ,1_samuel,1 Царств,26,16,7,יְהוָ֗ה,Яхве,Господь
ВЗ,1_samuel,1 Царств,26,16,19,יְהוָ֑ה,Яхве,Господь
ВЗ,1_samuel,1 Царств,26,19,9,יְהוָ֞ה,Яхве,Господь
ВЗ,1_samuel,1 Царств,26,19,20,יְהוָ֔ה,Яхве,Господь
ВЗ,1_samuel,1 Царств,26,19,26,יְהוָה֙,Яхве,Господь
ВЗ,1_samuel,1 Царств,26,19,27,לֵאמֹ֔ר,"к, говоря",говоря
ВЗ,1_samuel,1 Царств,26,20,7,יְהוָ֑ה,Яхве,Господь
ВЗ,1_samuel,1 Царств,26,23,0,וַֽיהוָה֙,"и, Яхве","и, Господь"
ВЗ,1_samuel,1 Царств,26,23,9,יְהוָ֤ה\׀,Яхве,Господь
ВЗ,1_samuel,1 Царств,26,23,17,יְהוָֽה\׃,Яхве,Господь
ВЗ,1_samuel,1 Царств,26,24,11,יְהוָ֔ה,Яхве,Господь
ВЗ,1_samuel,1 Царств,27,4,0,וַיֻּגַּ֣ד,"и, оно был сказал",и было сказал
ВЗ,1_samuel,1 Царств,27,6,1,ל֥וֹ,"к, его",к нему
ВЗ,1_samuel,1 Царств,27,7,0,וַֽיְהִי֙,"и, оно был",и было
ВЗ,1_samuel,1 Царств,27,11,7,לֵאמֹ֔ר,"к, говоря",говоря
ВЗ,1_samuel,1 Царств,27,11,11,לֵאמֹ֑ר,"к, говоря",говоря
ВЗ,1_samuel,1 Царств,27,12,3,לֵאמֹ֑ר,"к, говоря",говоря
ВЗ,1_samuel,1 Царств,28,1,0,וַֽיְהִי֙,"и, оно был",и было
ВЗ,1_samuel,1 Царств,28,6,2,בַּֽיהוָ֔ה,"через, Яхве","через, Господь"
ВЗ,1_samuel,1 Царств,28,6,5,יְהוָ֑ה,Яхве,Господь
ВЗ,1_samuel,1 Царств,28,7,14,אֵלָ֔יו,"к, его",к нему
ВЗ,1_samuel,1 Царств,28,9,2,אֵלָ֗יו,"к, его",к нему
ВЗ,1_samuel,1 Царств,28,10,3,בַּֽיהוָ֖ה,"через, Яхве","через, Господь"
ВЗ,1_samuel,1 Царств,28,10,4,לֵאמֹ֑ר,"к, говоря",говоря
ВЗ,1_samuel,1 Царств,28,10,6,יְהוָ֕ה,Яхве,Господь
ВЗ,1_samuel,1 Царств,28,12,11,לֵאמֹ֛ר,"к, говоря",говоря
ВЗ,1_samuel,1 Царств,28,16,4,וַיהוָ֛ה,"и, Яхве","и, Господь"
ВЗ,1_samuel,1 Царств,28,17,1,יְהוָה֙,Яхве,Господь
ВЗ,1_samuel,1 Царств,28,17,2,ל֔וֹ,"к, его",к нему
ВЗ,1_samuel,1 Царств,28,17,7,יְהוָ֤ה,Яхве,Господь
ВЗ,1_samuel,1 Царств,28,18,4,יְהוָ֔ה,Яхве,Господь
ВЗ,1_samuel,1 Царств,28,18,16,יְהוָ֖ה,Яхве,Господь
ВЗ,1_samuel,1 Царств,28,19,1,יְ֠הוָה,Яхве,Господь
ВЗ,1_samuel,1 Царств,28,19,17,יְהוָ֖ה,Яхве,Господь
ВЗ,1_samuel,1 Царств,28,21,9,אֵלָ֗יו,"к, его",к нему
ВЗ,1_samuel,1 Царств,29,4,1,עָלָ֜יו,"к, его",к нему
ВЗ,1_samuel,1 Царств,29,4,5,לוֹ֩,"к, его",к нему
ВЗ,1_samuel,1 Царств,29,5,7,לֵאמֹ֑ר,"к, говоря",говоря
ВЗ,1_samuel,1 Царств,29,6,5,אֵ֠לָיו,"к, его",к нему
ВЗ,1_samuel,1 Царств,29,6,7,יְהוָ֞ה,Яхве,Господь
ВЗ,1_samuel,1 Царств,30,1,0,וַיְהִ֞י,"и, оно был",и было
ВЗ,1_samuel,1 Царств,30,6,0,וַתֵּ֨צֶר,"и, оно был скорбь",и было скорбь
ВЗ,1_samuel,1 Царств,30,6,19,בַּיהוָ֖ה,"в, Яхве","в, Господь"
ВЗ,1_samuel,1 Царств,30,8,2,בַּֽיהוָה֙,"через, Яхве","через, Господь"
ВЗ,1_samuel,1 Царств,30,8,3,לֵאמֹ֔ר,"к, говоря",говоря
ВЗ,1_samuel,1 Царств,30,8,10,לוֹ֙,"к, его",к нему
ВЗ,1_samuel,1 Царств,30,11,9,ל֥וֹ,"к, его",к нему
ВЗ,1_samuel,1 Царств,30,12,1,לוֹ֩,"к, его",к нему
ВЗ,1_samuel,1 Царств,30,12,9,אֵלָ֑יו,"к, его",к нему
ВЗ,1_samuel,1 Царств,30,13,1,ל֤וֹ,"к, его",к нему
ВЗ,1_samuel,1 Царств,30,15,1,אֵלָיו֙,"к, его",к нему
ВЗ,1_samuel,1 Царств,30,23,9,יְהוָ֥ה,Яхве,Господь
ВЗ,1_samuel,1 Царств,30,25,0,וַיְהִ֕י,"и, оно был",и было
ВЗ,1_samuel,1 Царств,30,26,9,לֵאמֹ֑ר,"к, говоря",говоря
ВЗ,1_samuel,1 Царств,30,26,15,יְהוָֽה\׃,Яхве,Господь
ВЗ,1_samuel,1 Царств,31,3,0,וַתִּכְבַּ֤ד,"и, оно был тяжёлый",и было тяжёлый
ВЗ,1_samuel,1 Царств,31,8,0,וַֽיְהִי֙,"и, оно был",и было
ВЗ,2_samuel,2 Царств,1,1,0,וַיְהִ֗י,"и, оно был",и было
ВЗ,2_samuel,2 Царств,1,2,0,וַיְהִ֣י\׀,"и, оно был",и было
ВЗ,2_samuel,2 Царств,1,2,15,וַיְהִי֙,"и, оно был",и было
ВЗ,2_samuel,2 Царств,1,3,1,לוֹ֙,"к, его",к нему
ВЗ,2_samuel,2 Царств,1,3,7,אֵלָ֔יו,"к, его",к нему
ВЗ,2_samuel,2 Царств,1,4,1,אֵלָ֥יו,"к, его",к нему
ВЗ,2_samuel,2 Царств,1,5,5,ל֑וֹ,"к, его",к нему
ВЗ,2_samuel,2 Царств,1,6,3,ל֗וֹ,"к, его",к нему
ВЗ,2_samuel,2 Царств,1,6,17,הִדְבִּקֻֽהוּ\׃,"они овертук, его",они овертук нему
ВЗ,2_samuel,2 Царств,1,8,5,אֵלָ֔יו,"к, его",к нему
ВЗ,2_samuel,2 Царств,1,12,12,יְהוָה֙,Яхве,Господь
ВЗ,2_samuel,2 Царств,1,13,5,ל֔וֹ,"к, его",к нему
ВЗ,2_samuel,2 Царств,1,14,1,אֵלָ֖יו,"к, его",к нему
ВЗ,2_samuel,2 Царств,1,14,11,יְהוָֽה\׃,Яхве,Господь
ВЗ,2_samuel,2 Царств,1,16,1,אֵלָיו֙,"к, его",к нему
ВЗ,2_samuel,2 Царств,1,16,10,לֵאמֹ֔ר,"к, говоря",говоря
ВЗ,2_samuel,2 Царств,1,16,15,יְהוָֽה\׃\ \ס,Яхве,Господь
ВЗ,2_samuel,2 Царств,1,18,1,לְלַמֵּ֥ד,"к, учить",понять
ВЗ,2_samuel,2 Царств,2,1,0,וַיְהִ֣י,"и, оно был",и было
ВЗ,2_samuel,2 Царств,2,1,5,בַּֽיהוָ֤ה\׀,"через, Яхве","через, Господь"
ВЗ,2_samuel,2 Царств,2,1,6,לֵאמֹר֙,"к, говоря",говоря
ВЗ,2_samuel,2 Царств,2,1,12,יְהוָ֛ה,Яхве,Господь
ВЗ,2_samuel,2 Царств,2,1,13,אֵלָ֖יו,"к, его",к нему
ВЗ,2_samuel,2 Царств,2,4,13,לֵאמֹ֔ר,"к, говоря",говоря
ВЗ,2_samuel,2 Царств,2,5,11,לַֽיהוָ֔ה,"через, Яхве","через, Господь"
ВЗ,2_samuel,2 Царств,2,6,2,יְהוָ֥ה,Яхве,Господь
ВЗ,2_samuel,2 Царств,2,11,0,וַֽיְהִי֙,"и, оно был",и было
ВЗ,2_samuel,2 Царств,2,17,0,וַתְּהִ֧י,"и, оно был",и было
ВЗ,2_samuel,2 Царств,2,21,1,ל֣וֹ,"к, его",к нему
ВЗ,2_samuel,2 Царств,2,23,15,וַיְהִ֡י,"и, оно был",и было
ВЗ,2_samuel,2 Царств,3,1,0,וַתְּהִ֤י,"и, оно был",и было
ВЗ,2_samuel,2 Царств,3,6,0,וַיְהִ֗י,"и, оно был",и было
ВЗ,2_samuel,2 Царств,3,9,6,ל֑וֹ,"к, его",к нему
ВЗ,2_samuel,2 Царств,3,9,10,יְהוָה֙,Яхве,Господь
ВЗ,2_samuel,2 Царств,3,12,6,לֵאמֹ֖ר,"к, говоря",говоря
ВЗ,2_samuel,2 Царств,3,12,9,לֵאמֹ֗ר,"к, говоря",говоря
ВЗ,2_samuel,2 Царств,3,13,12,לֵאמֹר֙,"к, говоря",говоря
ВЗ,2_samuel,2 Царств,3,14,8,לֵאמֹ֑ר,"к, говоря",говоря
ВЗ,2_samuel,2 Царств,3,16,9,אֵלָ֥יו,"к, его",к нему
ВЗ,2_samuel,2 Царств,3,17,6,לֵאמֹ֑ר,"к, говоря",говоря
ВЗ,2_samuel,2 Царств,3,18,3,יְהוָ֗ה,Яхве,Господь
ВЗ,2_samuel,2 Царств,3,18,7,לֵאמֹ֔ר,"к, говоря",говоря
ВЗ,2_samuel,2 Царств,3,23,8,לֵאמֹ֔ר,"к, говоря",говоря
ВЗ,2_samuel,2 Царств,3,28,9,יְהוָ֖ה,Яхве,Господь
ВЗ,2_samuel,2 Царств,3,35,0,וַיָּבֹ֣א,"и, оно пришёл","и, было"
ВЗ,2_samuel,2 Царств,3,35,11,לֵאמֹ֗ר,"к, говоря",говоря
ВЗ,2_samuel,2 Царств,3,36,3,וַיִּיטַ֖ב,"и, оно был хороший",и было хороший
ВЗ,2_samuel,2 Царств,3,39,12,יְהוָ֛ה,Яхве,Господь
ВЗ,2_samuel,2 Царств,4,4,18,וַיְהִ֞י,"и, оно был",и было
ВЗ,2_samuel,2 Царств,4,8,23,יְ֠הוָה,Яхве,Господь
ВЗ,2_samuel,2 Царств,4,9,13,יְהוָ֕ה,Яхве,Господь
ВЗ,2_samuel,2 Царств,4,10,3,לֵאמֹ֜ר,"к, говоря",говоря
ВЗ,2_samuel,2 Царств,4,10,17,ל֖וֹ,"к, его",к нему
ВЗ,2_samuel,2 Царств,5,1,8,לֵאמֹ֔ר,"к, говоря",говоря
ВЗ,2_samuel,2 Царств,5,2,15,יְהוָ֜ה,Яхве,Господь
ВЗ,2_samuel,2 Царств,5,3,14,יְהוָ֑ה,Яхве,Господь
ВЗ,2_samuel,2 Царств,5,6,10,לֵאמֹר֙,"к, говоря",говоря
ВЗ,2_samuel,2 Царств,5,6,19,לֵאמֹ֔ר,"к, говоря",говоря
ВЗ,2_samuel,2 Царств,5,10,4,וַיהוָ֛ה,"и, Яхве","и, Господь"
ВЗ,2_samuel,2 Царств,5,12,4,יְהוָ֛ה,Яхве,Господь
ВЗ,2_samuel,2 Царств,5,14,3,ל֖וֹ,"к, его",к нему
ВЗ,2_samuel,2 Царств,5,19,2,בַּֽיהוָה֙,"через, Яхве","через, Господь"
ВЗ,2_samuel,2 Царств,5,19,3,לֵאמֹ֔ר,"к, говоря",говоря
ВЗ,2_samuel,2 Царств,5,19,10,יְהוָ֤ה,Яхве,Господь
ВЗ,2_samuel,2 Царств,5,20,9,יְהוָ֧ה,Яхве,Господь
ВЗ,2_samuel,2 Царств,5,23,2,בַּֽיהוָ֔ה,"через, Яхве","через, Господь"
ВЗ,2_samuel,2 Царств,5,24,12,יְהוָה֙,Яхве,Господь
ВЗ,2_samuel,2 Царств,5,25,5,יְהוָ֑ה,Яхве,Господь
ВЗ,2_samuel,2 Царств,6,2,18,יְהוָ֧ה,Яхве,Господь
ВЗ,2_samuel,2 Царств,6,5,6,יְהוָ֔ה,Яхве,Господь
ВЗ,2_samuel,2 Царств,6,7,2,יְהוָה֙,Яхве,Господь
ВЗ,2_samuel,2 Царств,6,8,5,יְהוָ֛ה,Яхве,Господь
ВЗ,2_samuel,2 Царств,6,9,3,יְהוָ֖ה,Яхве,Господь
ВЗ,2_samuel,2 Царств,6,9,11,יְהוָֽה\׃,Яхве,Господь
ВЗ,2_samuel,2 Царств,6,10,7,יְהוָ֖ה,Яхве,Господь
ВЗ,2_samuel,2 Царств,6,11,2,יְהוָ֜ה,Яхве,Господь
ВЗ,2_samuel,2 Царств,6,11,10,יְהוָ֛ה,Яхве,Господь
ВЗ,2_samuel,2 Царств,6,12,0,וַיֻּגַּ֗ד,"и, оно был сказал",и было сказал
ВЗ,2_samuel,2 Царств,6,12,3,לֵאמֹר֒,"к, говоря",говоря
ВЗ,2_samuel,2 Царств,6,12,5,יְהוָ֗ה,Яхве,Господь
ВЗ,2_samuel,2 Царств,6,12,13,ל֔וֹ,"принадлежит к, его",принадлежит к нему
ВЗ,2_samuel,2 Царств,6,13,0,וַיְהִ֗י,"и, оно был",и было
ВЗ,2_samuel,2 Царств,6,13,5,יְהוָ֖ה,Яхве,Господь
ВЗ,2_samuel,2 Царств,6,14,5,יְהוָ֑ה,Яхве,Господь
ВЗ,2_samuel,2 Царств,6,15,7,יְהוָ֑ה,Яхве,Господь
ВЗ,2_samuel,2 Царств,6,16,0,וְהָיָה֙,"и, оно был",и было
ВЗ,2_samuel,2 Царств,6,16,2,יְהוָ֔ה,Яхве,Господь
ВЗ,2_samuel,2 Царств,6,16,19,יְהוָ֔ה,Яхве,Господь
ВЗ,2_samuel,2 Царств,6,16,21,ל֖וֹ,"к, его",к нему
ВЗ,2_samuel,2 Царств,6,17,3,יְהוָ֗ה,Яхве,Господь
ВЗ,2_samuel,2 Царств,6,17,17,יְהוָ֖ה,Яхве,Господь
ВЗ,2_samuel,2 Царств,6,18,9,יְהוָ֥ה,Яхве,Господь
ВЗ,2_samuel,2 Царств,6,21,5,יְהוָ֗ה,Яхве,Господь
ВЗ,2_samuel,2 Царств,6,21,17,יְהוָ֖ה,Яхве,Господь
ВЗ,2_samuel,2 Царств,6,21,22,יְהוָֽה\׃,Яхве,Господь
ВЗ,2_samuel,2 Царств,7,1,0,וַיְהִ֕י,"и, оно был",и было
ВЗ,2_samuel,2 Царств,7,1,5,וַיהוָ֛ה,"и, Яхве","и, Господь"
ВЗ,2_samuel,2 Царств,7,1,7,ל֥וֹ,"к, его",к нему
ВЗ,2_samuel,2 Царств,7,3,10,יְהוָ֖ה,Яхве,Господь
ВЗ,2_samuel,2 Царств,7,4,0,וַיְהִ֖י,"и, оно был",и было
ВЗ,2_samuel,2 Царств,7,4,3,וַֽיְהִי֙,"и, оно пришёл","и, было"
ВЗ,2_samuel,2 Царств,7,4,5,יְהוָ֔ה,Яхве,Господь
ВЗ,2_samuel,2 Царств,7,4,8,לֵאמֹֽר\׃,"к, говоря",говоря
ВЗ,2_samuel,2 Царств,7,5,8,יְהוָ֑ה,Яхве,Господь
ВЗ,2_samuel,2 Царств,7,7,19,לֵאמֹ֑ר,"к, говоря",говоря
ВЗ,2_samuel,2 Царств,7,8,7,יְהוָ֣ה,Яхве,Господь
ВЗ,2_samuel,2 Царств,7,11,14,יְהוָ֔ה,Яхве,Господь
ВЗ,2_samuel,2 Царств,7,11,19,יְהוָֽה\׃,Яхве,Господь
ВЗ,2_samuel,2 Царств,7,18,5,יְהוָ֑ה,Яхве,Господь
ВЗ,2_samuel,2 Царств,7,18,10,יְהוִה֙,Яхве,Господь
ВЗ,2_samuel,2 Царств,7,19,0,וַתִּקְטַן֩,"и, оно был малый",и было малый
ВЗ,2_samuel,2 Царств,7,19,5,יְהוִ֔ה,Яхве,Господь
ВЗ,2_samuel,2 Царств,7,19,16,יְהוִֽה\׃,Яхве,Господь
ВЗ,2_samuel,2 Царств,7,20,11,יְהוִֽה\׃,Яхве,Господь
ВЗ,2_samuel,2 Царств,7,22,4,יְהוִ֑ה,Яхве,Господь
ВЗ,2_samuel,2 Царств,7,24,10,יְהוָ֔ה,О Яхве,О Господь
ВЗ,2_samuel,2 Царств,7,25,1,יְהוָ֣ה,О Яхве,О Господь
ВЗ,2_samuel,2 Царств,7,26,4,לֵאמֹ֔ר,"к, говоря",говоря
ВЗ,2_samuel,2 Царств,7,26,5,יְהוָ֣ה,Яхве,Господь
ВЗ,2_samuel,2 Царств,7,27,2,יְהוָ֨ה,О Яхве,О Господь
ВЗ,2_samuel,2 Царств,7,27,10,לֵאמֹ֔ר,"к, говоря",говоря
ВЗ,2_samuel,2 Царств,7,28,2,יְהוִ֗ה,Яхве,Господь
ВЗ,2_samuel,2 Царств,7,29,12,יְהוִה֙,Яхве,Господь
ВЗ,2_samuel,2 Царств,8,1,0,וַֽיְהִי֙,"и, оно был",и было
ВЗ,2_samuel,2 Царств,8,5,0,וַתָּבֹא֙,"и, оно пришёл","и, было"
ВЗ,2_samuel,2 Царств,8,6,12,יְהוָה֙,Яхве,Господь
ВЗ,2_samuel,2 Царств,8,11,5,לַֽיהוָ֑ה,"к, Яхве","к, Господь"
ВЗ,2_samuel,2 Царств,8,14,7,וַיְהִ֥י,"и, оно был",и было
ВЗ,2_samuel,2 Царств,8,14,13,יְהוָה֙,Яхве,Господь
ВЗ,2_samuel,2 Царств,9,2,6,ל֖וֹ,"к, его",к нему
ВЗ,2_samuel,2 Царств,9,2,11,אֵלָ֛יו,"к, его",к нему
ВЗ,2_samuel,2 Царств,9,4,1,ל֥וֹ,"к, его",к нему
ВЗ,2_samuel,2 Царств,9,7,1,ל֨וֹ,"к, его",к нему
ВЗ,2_samuel,2 Царств,9,9,7,אֵלָ֑יו,"к, его",к нему
ВЗ,2_samuel,2 Царств,10,1,0,וַֽיְהִי֙,"и, оно был",и было
ВЗ,2_samuel,2 Царств,10,12,7,וַֽיהוָ֔ה,"и, Яхве","и, Господь"
ВЗ,2_samuel,2 Царств,10,17,0,וַיֻּגַּ֣ד,"и, оно был сказал",и было сказал
ВЗ,2_samuel,2 Царств,11,1,0,וַיְהִי֩,"и, оно был",и было
ВЗ,2_samuel,2 Царств,11,2,0,וַיְהִ֣י\׀,"и, оно был",и было
ВЗ,2_samuel,2 Царств,11,4,5,אֵלָיו֙,"к, его",к нему
ВЗ,2_samuel,2 Царств,11,7,2,אֵלָ֑יו,"к, его",к нему
ВЗ,2_samuel,2 Царств,11,10,2,לֵאמֹ֔ר,"к, говоря",говоря
ВЗ,2_samuel,2 Царств,11,13,1,ל֣וֹ,"к, его",к нему
ВЗ,2_samuel,2 Царств,11,14,0,וַיְהִ֣י,"и, оно был",и было
ВЗ,2_samuel,2 Царств,11,15,2,לֵאמֹ֑ר,"к, говоря",говоря
ВЗ,2_samuel,2 Царств,11,16,0,וַיְהִ֕י,"и, оно был",и было
ВЗ,2_samuel,2 Царств,11,19,3,לֵאמֹ֑ר,"к, говоря",говоря
ВЗ,2_samuel,2 Царств,11,27,11,ל֖וֹ,"к, его",к нему
ВЗ,2_samuel,2 Царств,11,27,13,וַיֵּ֧רַע,"и, оно был дисплеасинг",и было дисплеасинг
ВЗ,2_samuel,2 Царств,11,27,19,יְהוָֽה\׃\ \פ,Яхве,Господь
ВЗ,2_samuel,2 Царств,12,1,1,יְהוָ֛ה,Яхве,Господь
ВЗ,2_samuel,2 Царств,12,1,7,אֵלָ֗יו,"к, его",к нему
ВЗ,2_samuel,2 Царств,12,1,9,לוֹ֙,"к, его",к нему
ВЗ,2_samuel,2 Царств,12,3,22,וַתְּהִי\־,"и, оно был",и было
ВЗ,2_samuel,2 Царств,12,3,23,ל֖וֹ,"к, его",к нему
ВЗ,2_samuel,2 Царств,12,4,11,ל֑וֹ,"к, его",к нему
ВЗ,2_samuel,2 Царств,12,4,20,אֵלָֽיו\׃,"к, его",к нему
ВЗ,2_samuel,2 Царств,12,5,9,יְהוָ֕ה,Яхве,Господь
ВЗ,2_samuel,2 Царств,12,7,8,יְהוָ֜ה,Яхве,Господь
ВЗ,2_samuel,2 Царств,12,9,4,יְהוָ֗ה,Яхве,Господь
ВЗ,2_samuel,2 Царств,12,11,2,יְהוָ֗ה,Яхве,Господь
ВЗ,2_samuel,2 Царств,12,13,5,לַֽיהוָ֑ה\ \ס,"к, Яхве","к, Господь"
ВЗ,2_samuel,2 Царств,12,13,11,יְהוָ֛ה,Яхве,Господь
ВЗ,2_samuel,2 Царств,12,14,6,יְהוָ֔ה,Яхве,Господь
ВЗ,2_samuel,2 Царств,12,15,5,יְהוָ֗ה,Яхве,Господь
ВЗ,2_samuel,2 Царств,12,18,0,וַיְהִ֛י,"и, оно был",и было
ВЗ,2_samuel,2 Царств,12,18,9,ל֣וֹ\׀,"к, его",к нему
ВЗ,2_samuel,2 Царств,12,18,20,אֵלָיו֙,"к, его",к нему
ВЗ,2_samuel,2 Царств,12,18,26,אֵלָ֛יו,"к, его",к нему
ВЗ,2_samuel,2 Царств,12,20,9,יְהוָ֖ה,Яхве,Господь
ВЗ,2_samuel,2 Царств,12,21,2,אֵלָ֔יו,"к, его",к нему
ВЗ,2_samuel,2 Царств,12,22,11,יְהוָ֖ה,Яхве,Господь
ВЗ,2_samuel,2 Царств,12,23,11,אֵלָ֔יו,"к, его",к нему
ВЗ,2_samuel,2 Царств,12,24,16,וַיהוָ֖ה,"и, Яхве","и, Господь"
ВЗ,2_samuel,2 Царств,12,25,9,יְהוָֽה\׃\ \פ,Яхве,Господь
ВЗ,2_samuel,2 Царств,12,30,11,וַתְּהִ֖י,"и, оно был",и было
ВЗ,2_samuel,2 Царств,13,1,0,וַיְהִ֣י,"и, оно был",и было
ВЗ,2_samuel,2 Царств,13,2,0,וַיֵּ֨צֶר,"и, оно был скорбь",и было скорбь
ВЗ,2_samuel,2 Царств,13,2,9,וַיִּפָּלֵא֙,"и, оно был диффикулт",и было диффикулт
ВЗ,2_samuel,2 Царств,13,4,1,ל֗וֹ,"к, его",к нему
ВЗ,2_samuel,2 Царств,13,4,14,לוֹ֙,"к, его",к нему
ВЗ,2_samuel,2 Царств,13,5,1,לוֹ֙,"к, его",к нему
ВЗ,2_samuel,2 Царств,13,5,11,אֵלָ֡יו,"к, его",к нему
ВЗ,2_samuel,2 Царств,13,7,5,לֵאמֹ֑ר,"к, говоря",говоря
ВЗ,2_samuel,2 Царств,13,11,1,אֵלָ֖יו,"к, его",к нему
ВЗ,2_samuel,2 Царств,13,12,1,ל֗וֹ,"к, его",к нему
ВЗ,2_samuel,2 Царств,13,16,1,ל֗וֹ,"к, его",к нему
ВЗ,2_samuel,2 Царств,13,17,2,נַעֲרוֹ֙,"молодой человек, его",молодой человек нему
ВЗ,2_samuel,2 Царств,13,21,8,ל֖וֹ,"к, его",к нему
ВЗ,2_samuel,2 Царств,13,23,0,וַֽיְהִי֙,"и, оно был",и было
ВЗ,2_samuel,2 Царств,13,26,9,לוֹ֙,"к, его",к нему
ВЗ,2_samuel,2 Царств,13,28,4,לֵאמֹ֗ר,"к, говоря",говоря
ВЗ,2_samuel,2 Царств,13,30,0,וַֽיְהִי֙,"и, оно был",и было
ВЗ,2_samuel,2 Царств,13,30,4,בָ֔אָה,оно пришёл,было
ВЗ,2_samuel,2 Царств,13,30,7,לֵאמֹ֑ר,"к, говоря",говоря
ВЗ,2_samuel,2 Царств,13,33,8,לֵאמֹ֔ר,"к, говоря",говоря
ВЗ,2_samuel,2 Царств,13,36,0,וַיְהִ֣י\׀,"и, оно был",и было
ВЗ,2_samuel,2 Царств,14,3,4,אֵלָ֖יו,"к, его",к нему
ВЗ,2_samuel,2 Царств,14,11,5,יְהוָ֣ה,Яхве,Господь
ВЗ,2_samuel,2 Царств,14,11,17,יְהוָ֔ה,Яхве,Господь
ВЗ,2_samuel,2 Царств,14,17,17,וַֽיהוָ֥ה,"и, Яхве","и, Господь"
ВЗ,2_samuel,2 Царств,14,26,3,וְֽ֠הָיָה,"и, оно был",и было
ВЗ,2_samuel,2 Царств,14,29,11,אֵלָ֑יו,"к, его",к нему
ВЗ,2_samuel,2 Царств,14,30,8,וְלוֹ\־,"и, принадлежит к, его","и, принадлежит к нему"
ВЗ,2_samuel,2 Царств,14,31,7,אֵלָ֔יו,"к, его",к нему
ВЗ,2_samuel,2 Царств,14,32,7,לֵאמֹ֡ר,"к, говоря",говоря
ВЗ,2_samuel,2 Царств,14,32,14,לֵאמֹ֗ר,"к, говоря",говоря
ВЗ,2_samuel,2 Царств,14,33,5,לוֹ֒,"к, его",к нему
ВЗ,2_samuel,2 Царств,14,33,13,ל֧וֹ,"к, его",к нему
ВЗ,2_samuel,2 Царств,15,1,0,וַֽיְהִי֙,"и, оно был",и было
ВЗ,2_samuel,2 Царств,15,2,7,וַיְהִ֡י,"и, оно был",и было
ВЗ,2_samuel,2 Царств,15,2,12,לּוֹ\־,"к, его",к нему
ВЗ,2_samuel,2 Царств,15,2,20,אֵלָיו֙,"к, его",к нему
ВЗ,2_samuel,2 Царств,15,3,1,אֵלָיו֙,"к, его",к нему
ВЗ,2_samuel,2 Царств,15,4,12,לּוֹ\־,"к, его",к нему
ВЗ,2_samuel,2 Царств,15,5,0,וְהָיָה֙,"и, оно был",и было
ВЗ,2_samuel,2 Царств,15,5,4,ל֑וֹ,"к, его",к нему
ВЗ,2_samuel,2 Царств,15,5,9,ל֖וֹ,"к, его",к нему
ВЗ,2_samuel,2 Царств,15,5,11,לֽוֹ\׃,"к, его",к нему
ВЗ,2_samuel,2 Царств,15,7,0,וַיְהִ֕י,"и, оно был",и было
ВЗ,2_samuel,2 Царств,15,7,15,לַֽיהוָ֖ה,"к, Яхве","к, Господь"
ВЗ,2_samuel,2 Царств,15,8,7,לֵאמֹ֑ר,"к, говоря",говоря
ВЗ,2_samuel,2 Царств,15,8,11,יְהוָה֙,Яхве,Господь
ВЗ,2_samuel,2 Царств,15,8,15,יְהוָֽה,Яхве,Господь
ВЗ,2_samuel,2 Царств,15,9,1,ל֥וֹ,"к, его",к нему
ВЗ,2_samuel,2 Царств,15,10,6,לֵאמֹ֑ר,"к, говоря",говоря
ВЗ,2_samuel,2 Царств,15,12,12,וַיְהִ֤י,"и, оно был",и было
ВЗ,2_samuel,2 Царств,15,13,4,לֵאמֹ֑ר,"к, говоря",говоря
ВЗ,2_samuel,2 Царств,15,21,6,יְהוָ֗ה,Яхве,Господь
ВЗ,2_samuel,2 Царств,15,25,12,יְהוָ֔ה,Яхве,Господь
ВЗ,2_samuel,2 Царств,15,31,2,לֵאמֹ֔ר,"к, говоря",говоря
ВЗ,2_samuel,2 Царств,15,31,14,יְהוָֽה\׃,О Яхве,О Господь
ВЗ,2_samuel,2 Царств,15,33,1,ל֖וֹ,"к, его",к нему
ВЗ,2_samuel,2 Царств,16,8,2,יְהוָ֜ה,Яхве,Господь
ВЗ,2_samuel,2 Царств,16,8,11,יְהוָה֙,Яхве,Господь
ВЗ,2_samuel,2 Царств,16,10,10,יְהוָה֙,Яхве,Господь
ВЗ,2_samuel,2 Царств,16,10,12,לוֹ֙,"к, его",к нему
ВЗ,2_samuel,2 Царств,16,11,21,לוֹ֙,"к, его",к нему
ВЗ,2_samuel,2 Царств,16,11,25,ל֖וֹ,"к, его",к нему
ВЗ,2_samuel,2 Царств,16,11,26,יְהוָֽה\׃,Яхве,Господь
ВЗ,2_samuel,2 Царств,16,12,2,יְהוָ֖ה,Яхве,Господь
ВЗ,2_samuel,2 Царств,16,12,5,יְהוָ֥ה,Яхве,Господь
ВЗ,2_samuel,2 Царств,16,16,0,וַיְהִ֗י,"и, оно был",и было
ВЗ,2_samuel,2 Царств,16,18,8,יְהוָ֛ה,Яхве,Господь
ВЗ,2_samuel,2 Царств,16,18,14,ל֥וֹ,"к, его",к нему
ВЗ,2_samuel,2 Царств,17,4,0,וַיִּישַׁ֥ר,"и, оно был угодный",и было угодный
ВЗ,2_samuel,2 Царств,17,6,6,אֵלָ֜יו,"к, его",к нему
ВЗ,2_samuel,2 Царств,17,6,7,לֵאמֹ֗ר,"к, говоря",говоря
ВЗ,2_samuel,2 Царств,17,14,11,וַיהוָ֣ה,"и, Яхве","и, Господь"
ВЗ,2_samuel,2 Царств,17,14,20,יְהוָ֛ה,Яхве,Господь
ВЗ,2_samuel,2 Царств,17,16,5,לֵאמֹ֗ר,"к, говоря",говоря
ВЗ,2_samuel,2 Царств,17,18,13,וְל֥וֹ,"и, принадлежал к, его","и, принадлежал к нему"
ВЗ,2_samuel,2 Царств,17,21,0,וַיְהִ֣י\׀,"и, оно был",и было
ВЗ,2_samuel,2 Царств,17,27,0,וַיְהִ֕י,"и, оно был",и было
ВЗ,2_samuel,2 Царств,18,5,8,לֵאמֹ֔ר,"к, говоря",говоря
ВЗ,2_samuel,2 Царств,18,6,5,וַתְּהִ֥י,"и, оно был",и было
ВЗ,2_samuel,2 Царств,18,7,7,וַתְּהִי\־,"и, оно был",и было
ВЗ,2_samuel,2 Царств,18,8,0,וַתְּהִי\־,"и, оно был",и было
ВЗ,2_samuel,2 Царств,18,9,15,וַיֶּחֱזַ֧ק,"и, оно был твёрдый",и было твёрдый
ВЗ,2_samuel,2 Царств,18,11,4,ל֔וֹ,"к, его",к нему
ВЗ,2_samuel,2 Царств,18,12,26,לֵאמֹ֔ר,"к, говоря",говоря
ВЗ,2_samuel,2 Царств,18,19,11,יְהוָ֖ה,Яхве,Господь
ВЗ,2_samuel,2 Царств,18,20,1,ל֣וֹ,"к, его",к нему
ВЗ,2_samuel,2 Царств,18,23,4,ל֖וֹ,"к, его",к нему
ВЗ,2_samuel,2 Царств,18,28,12,יְהוָ֣ה,быть Яхве,быть Господь
ВЗ,2_samuel,2 Царств,18,31,10,יְהוָה֙,Яхве,Господь
ВЗ,2_samuel,2 Царств,20,9,13,לֽוֹ\׃,"к, его",к нему
ВЗ,2_samuel,2 Царств,20,10,16,ל֖וֹ,"к, его",к нему
ВЗ,2_samuel,2 Царств,20,17,9,ל֗וֹ,"к, его",к нему
ВЗ,2_samuel,2 Царств,20,18,1,לֵאמֹ֑ר,"к, говоря",говоря
ВЗ,2_samuel,2 Царств,20,18,5,לֵאמֹ֔ר,"к, говоря",говоря
ВЗ,2_samuel,2 Царств,20,19,13,יְהוָֽה\׃\ \פ,Яхве,Господь
ВЗ,2_samuel,2 Царств,21,1,0,וַיְהִ֣י,"и, оно был",и было
ВЗ,2_samuel,2 Царств,21,1,13,יְהוָ֑ה\ \ס,Яхве,Господь
ВЗ,2_samuel,2 Царств,21,1,15,יְהוָ֗ה,Яхве,Господь
ВЗ,2_samuel,2 Царств,21,3,12,יְהוָֽה\׃,Яхве,Господь
ВЗ,2_samuel,2 Царств,21,4,1,ל֣וֹ,"к, его",к нему
ВЗ,2_samuel,2 Царств,21,6,6,לַֽיהוָ֔ה,"к, Яхве","к, Господь"
ВЗ,2_samuel,2 Царств,21,6,10,יְהוָ֑ה\ \ס,Яхве,Господь
ВЗ,2_samuel,2 Царств,21,7,11,יְהוָה֙,Яхве,Господь
ВЗ,2_samuel,2 Царств,21,9,6,יְהוָ֔ה,Яхве,Господь
ВЗ,2_samuel,2 Царств,21,11,0,וַיֻּגַּ֖ד,"и, оно был сказал",и было сказал
ВЗ,2_samuel,2 Царств,21,17,1,לוֹ֙,"к, его",к нему
ВЗ,2_samuel,2 Царств,21,17,13,ל֜וֹ,"к, его",к нему
ВЗ,2_samuel,2 Царств,21,17,14,לֵאמֹ֗ר,"к, говоря",говоря
ВЗ,2_samuel,2 Царств,21,18,0,וַֽיְהִי֙,"и, оно был",и было
ВЗ,2_samuel,2 Царств,21,18,3,וַתְּהִי\־,"и, оно был",и было
ВЗ,2_samuel,2 Царств,21,19,0,וַתְּהִי\־,"и, оно был",и было
ВЗ,2_samuel,2 Царств,21,20,0,וַתְּהִי\־,"и, оно был",и было
ВЗ,2_samuel,2 Царств,22,1,2,לַֽיהוָ֔ה,"к, Яхве","к, Господь"
ВЗ,2_samuel,2 Царств,22,1,9,יְהוָ֥ה,Яхве,Господь
ВЗ,2_samuel,2 Царств,22,2,1,יְהוָ֛ה,Яхве,Господь
ВЗ,2_samuel,2 Царств,22,4,2,יְהוָ֑ה,Яхве,Господь
ВЗ,2_samuel,2 Царств,22,7,3,יְהוָ֔ה,Яхве,Господь
ВЗ,2_samuel,2 Царств,22,8,9,לֽוֹ\׃,"к, его",к нему
ВЗ,2_samuel,2 Царств,22,14,3,יְהוָ֑ה,Яхве,Господь
ВЗ,2_samuel,2 Царств,22,16,3,יִגָּל֖וּ,они были открыл,открылись
ВЗ,2_samuel,2 Царств,22,16,7,יְהוָ֔ה,Яхве,Господь
ВЗ,2_samuel,2 Царств,22,19,4,יְהוָ֛ה,Яхве,Господь
ВЗ,2_samuel,2 Царств,22,21,1,יְהוָ֖ה,Яхве,Господь
ВЗ,2_samuel,2 Царств,22,22,3,יְהוָ֑ה,Яхве,Господь
ВЗ,2_samuel,2 Царств,22,24,2,ל֑וֹ,"к, его",к нему
ВЗ,2_samuel,2 Царств,22,25,1,יְהוָ֛ה,Яхве,Господь
ВЗ,2_samuel,2 Царств,22,29,3,יְהוָ֑ה,О Яхве,О Господь
ВЗ,2_samuel,2 Царств,22,29,4,וַיהוָ֖ה,"и, Яхве","и, Господь"
ВЗ,2_samuel,2 Царств,22,31,4,יְהוָה֙,Яхве,Господь
ВЗ,2_samuel,2 Царств,22,32,4,יְהוָ֑ה,Яхве,Господь
ВЗ,2_samuel,2 Царств,22,42,4,יְהוָ֖ה,Яхве,Господь
ВЗ,2_samuel,2 Царств,22,47,1,יְהוָ֖ה,Яхве,Господь
ВЗ,2_samuel,2 Царств,22,50,3,יְהוָ֖ה,О Яхве,О Господь
ВЗ,2_samuel,2 Царств,23,2,1,יְהוָ֖ה,Яхве,Господь
ВЗ,2_samuel,2 Царств,23,10,13,יְהוָ֛ה,Яхве,Господь
ВЗ,2_samuel,2 Царств,23,11,8,וַתְּהִי\־,"и, оно был",и было
ВЗ,2_samuel,2 Царств,23,12,8,יְהוָ֖ה,Яхве,Господь
ВЗ,2_samuel,2 Царств,23,16,21,לַֽיהוָֽה\׃,"к, Яхве","к, Господь"
ВЗ,2_samuel,2 Царств,23,17,3,יְהוָ֜ה,О Яхве,О Господь
ВЗ,2_samuel,2 Царств,23,18,16,וְלוֹ\־,"и, принадлежал к, его","и, принадлежал к нему"
ВЗ,2_samuel,2 Царств,23,21,11,אֵלָ֖יו,"к, его",к нему
ВЗ,2_samuel,2 Царств,23,22,5,וְלוֹ\־,"и, принадлежал к, его","и, принадлежал к нему"
ВЗ,2_samuel,2 Царств,24,1,2,יְהוָ֔ה,Яхве,Господь
ВЗ,2_samuel,2 Царств,24,1,9,לֵאמֹ֔ר,"к, говоря",говоря
ВЗ,2_samuel,2 Царств,24,3,5,יְהוָה֩,Яхве,Господь
ВЗ,2_samuel,2 Царств,24,9,8,וַתְּהִ֣י,"и, оно был",и было
ВЗ,2_samuel,2 Царств,24,10,12,יְהוָ֗ה,Яхве,Господь
ВЗ,2_samuel,2 Царств,24,10,18,יְהוָ֔ה,О Яхве,О Господь
ВЗ,2_samuel,2 Царств,24,11,4,יְהוָ֗ה,Яхве,Господь
ВЗ,2_samuel,2 Царств,24,11,5,הָיָה֙,оно пришёл,было
ВЗ,2_samuel,2 Царств,24,11,11,לֵאמֹֽר\׃,"к, говоря",говоря
ВЗ,2_samuel,2 Царств,24,12,6,יְהוָ֔ה,Яхве,Господь
ВЗ,2_samuel,2 Царств,24,13,5,ל֑וֹ,"к, его",к нему
ВЗ,2_samuel,2 Царств,24,13,7,ל֡וֹ,"к, его",к нему
ВЗ,2_samuel,2 Царств,24,14,10,יְהוָה֙,Яхве,Господь
ВЗ,2_samuel,2 Царств,24,15,1,יְהוָ֥ה,Яхве,Господь
ВЗ,2_samuel,2 Царств,24,16,6,יְהוָה֙,Яхве,Господь
ВЗ,2_samuel,2 Царств,24,16,18,יְהוָה֙,Яхве,Господь
ВЗ,2_samuel,2 Царств,24,17,3,יְהוָ֜ה,Яхве,Господь
ВЗ,2_samuel,2 Царств,24,18,7,ל֗וֹ,"к, его",к нему
ВЗ,2_samuel,2 Царств,24,18,10,לַֽיהוָה֙,"к, Яхве","к, Господь"
ВЗ,2_samuel,2 Царств,24,19,6,יְהוָֽה\׃,Яхве,Господь
ВЗ,2_samuel,2 Царств,24,20,8,עָלָ֑יו,"к, его",к нему
ВЗ,2_samuel,2 Царств,24,21,16,לַֽיהוָ֔ה,"к, Яхве","к, Господь"
ВЗ,2_samuel,2 Царств,24,23,9,יְהוָ֥ה,Яхве,Господь
ВЗ,2_samuel,2 Царств,24,24,12,לַיהוָ֥ה,"к, Яхве","к, Господь"
ВЗ,2_samuel,2 Царств,24,25,4,לַֽיהוָ֔ה,"к, Яхве","к, Господь"
ВЗ,2_samuel,2 Царств,24,25,9,יְהוָה֙,Яхве,Господь
ВЗ,2_samuel,2 Царств,24,25,11,וַתֵּעָצַ֥ר,"и, оно был рестраинед",и было рестраинед
ВЗ,1_kings,3 Царств,1,1,9,לֽוֹ\׃,"к, его",к нему
ВЗ,1_kings,3 Царств,1,2,1,ל֣וֹ,"к, его",к нему
ВЗ,1_kings,3 Царств,1,5,4,לֵאמֹ֖ר,"к, говоря",говоря
ВЗ,1_kings,3 Царств,1,6,4,לֵאמֹ֔ר,"к, говоря",говоря
ВЗ,1_kings,3 Царств,1,11,7,לֵאמֹ֔ר,"к, говоря",говоря
ВЗ,1_kings,3 Царств,1,13,6,אֵלָיו֙,"к, его",к нему
ВЗ,1_kings,3 Царств,1,13,13,לֵאמֹ֔ר,"к, говоря",говоря
ВЗ,1_kings,3 Царств,1,17,1,ל֗וֹ,"к, его",к нему
ВЗ,1_kings,3 Царств,1,17,5,בַּֽיהוָ֤ה,"через, Яхве","через, Господь"
ВЗ,1_kings,3 Царств,1,23,2,לֵאמֹ֔ר,"к, говоря",говоря
ВЗ,1_kings,3 Царств,1,29,4,יְהוָ֕ה,Яхве,Господь
ВЗ,1_kings,3 Царств,1,30,4,בַּיהוָ֨ה,"через, Яхве","через, Господь"
ВЗ,1_kings,3 Царств,1,30,7,לֵאמֹ֔ר,"к, говоря",говоря
ВЗ,1_kings,3 Царств,1,36,10,יְהוָ֔ה,Яхве,Господь
ВЗ,1_kings,3 Царств,1,37,2,יְהוָה֙,Яхве,Господь
ВЗ,1_kings,3 Царств,1,40,10,וַתִּבָּקַ֥ע,"и, оно был сплит открыть",и было сплит открыть
ВЗ,1_kings,3 Царств,1,45,11,וַתֵּהֹ֖ם,"и, оно был екскитед",и было екскитед
ВЗ,1_kings,3 Царств,1,47,9,לֵאמֹר֒,"к, говоря",говоря
ВЗ,1_kings,3 Царств,1,48,5,יְהוָ֜ה,Яхве,Господь
ВЗ,1_kings,3 Царств,1,51,0,וַיֻּגַּ֤ד,"и, оно был сказал",и было сказал
ВЗ,1_kings,3 Царств,1,51,2,לֵאמֹ֔ר,"к, говоря",говоря
ВЗ,1_kings,3 Царств,1,51,13,לֵאמֹ֔ר,"к, говоря",говоря
ВЗ,1_kings,3 Царств,1,53,11,ל֥וֹ,"к, его",к нему
ВЗ,1_kings,3 Царств,2,1,8,לֵאמֹֽר\׃,"к, говоря",говоря
ВЗ,1_kings,3 Царств,2,3,3,יְהוָ֣ה,Яхве,Господь
ВЗ,1_kings,3 Царств,2,4,2,יְהוָ֜ה,Яхве,Господь
ВЗ,1_kings,3 Царств,2,4,8,לֵאמֹר֒,"к, говоря",говоря
ВЗ,1_kings,3 Царств,2,4,21,לֵאמֹ֕ר,"к, говоря",говоря
ВЗ,1_kings,3 Царств,2,8,20,ל֤וֹ,"к, его",к нему
ВЗ,1_kings,3 Царств,2,8,21,בַֽיהוָה֙,"через, Яхве","через, Господь"
ВЗ,1_kings,3 Царств,2,8,22,לֵאמֹ֔ר,"к, говоря",говоря
ВЗ,1_kings,3 Царств,2,9,11,לּ֔וֹ,"к, его",к нему
ВЗ,1_kings,3 Царств,2,12,6,וַתִּכֹּ֥ן,"и, оно был установил",и было установил
ВЗ,1_kings,3 Царств,2,15,18,מֵיְהוָ֖ה,"от, Яхве","от, Господь"
ВЗ,1_kings,3 Царств,2,15,20,לּֽוֹ\׃,"к, его",к нему
ВЗ,1_kings,3 Царств,2,16,11,אֵלָ֖יו,"к, его",к нему
ВЗ,1_kings,3 Царств,2,19,7,ל֖וֹ,"к, его",к нему
ВЗ,1_kings,3 Царств,2,23,3,בַּֽיהוָ֖ה,"через, Яхве","через, Господь"
ВЗ,1_kings,3 Царств,2,23,4,לֵאמֹ֑ר,"к, говоря",говоря
ВЗ,1_kings,3 Царств,2,24,2,יְהוָה֙,Яхве,Господь
ВЗ,1_kings,3 Царств,2,26,21,יְהֹוִה֙,Яхве,Господь
ВЗ,1_kings,3 Царств,2,27,6,לַֽיהוָ֑ה,Яхве,Господь
ВЗ,1_kings,3 Царств,2,27,10,יְהוָ֔ה,Яхве,Господь
ВЗ,1_kings,3 Царств,2,28,1,בָּ֣אָה,оно пришёл,было
ВЗ,1_kings,3 Царств,2,28,17,יְהוָ֔ה,Яхве,Господь
ВЗ,1_kings,3 Царств,2,29,0,וַיֻּגַּ֞ד,"и, оно был сказал",и было сказал
ВЗ,1_kings,3 Царств,2,29,8,יְהוָ֔ה,Яхве,Господь
ВЗ,1_kings,3 Царств,2,29,18,לֵאמֹ֖ר,"к, говоря",говоря
ВЗ,1_kings,3 Царств,2,30,4,יְהוָ֗ה,Яхве,Господь
ВЗ,1_kings,3 Царств,2,30,6,אֵלָ֜יו,"к, его",к нему
ВЗ,1_kings,3 Царств,2,30,21,לֵאמֹ֔ר,"к, говоря",говоря
ВЗ,1_kings,3 Царств,2,31,1,ל֣וֹ,"к, его",к нему
ВЗ,1_kings,3 Царств,2,32,1,יְהוָ֨ה,Яхве,Господь
ВЗ,1_kings,3 Царств,2,33,16,יְהוָֽה\׃,Яхве,Господь
ВЗ,1_kings,3 Царств,2,36,5,ל֗וֹ,"к, его",к нему
ВЗ,1_kings,3 Царств,2,39,0,וַיְהִ֗י,"и, оно был",и было
ВЗ,1_kings,3 Царств,2,39,16,לֵאמֹ֔ר,"к, говоря",говоря
ВЗ,1_kings,3 Царств,2,41,0,וַיֻּגַּ֖ד,"и, оно был сказал",и было сказал
ВЗ,1_kings,3 Царств,2,42,5,אֵלָ֜יו,"к, его",к нему
ВЗ,1_kings,3 Царств,2,42,8,בַֽיהוָ֗ה,"через, Яхве","через, Господь"
ВЗ,1_kings,3 Царств,2,42,11,לֵאמֹ֔ר,"к, говоря",говоря
ВЗ,1_kings,3 Царств,2,43,5,יְהוָ֑ה,Яхве,Господь
ВЗ,1_kings,3 Царств,2,44,17,יְהוָ֛ה,Яхве,Господь
ВЗ,1_kings,3 Царств,2,45,8,יְהוָ֖ה,Яхве,Господь
ВЗ,1_kings,3 Царств,3,1,21,יְהוָ֔ה,Яхве,Господь
ВЗ,1_kings,3 Царств,3,2,9,יְהוָ֔ה,Яхве,Господь
ВЗ,1_kings,3 Царств,3,3,3,יְהוָ֔ה,Яхве,Господь
ВЗ,1_kings,3 Царств,3,5,2,יְהֹוָ֛ה,Яхве,Господь
ВЗ,1_kings,3 Царств,3,6,19,ל֗וֹ,"к, его",к нему
ВЗ,1_kings,3 Царств,3,6,25,ל֥וֹ,"к, его",к нему
ВЗ,1_kings,3 Царств,3,7,1,יְהוָ֣ה,О Яхве,О Господь
ВЗ,1_kings,3 Царств,3,10,0,וַיִּיטַ֥ב,"и, оно был хороший",и было хороший
ВЗ,1_kings,3 Царств,3,11,2,אֵלָ֗יו,"к, его",к нему
ВЗ,1_kings,3 Царств,3,18,0,וַיְהִ֞י,"и, оно был",и было
ВЗ,1_kings,3 Царств,3,21,8,אֵלָיו֙,"к, его",к нему
ВЗ,1_kings,3 Царств,4,2,3,ל֑וֹ,"принадлежал к, его",принадлежал к нему
ВЗ,1_kings,3 Царств,4,10,3,ל֥וֹ,"принадлежал к, его",принадлежал к нему
ВЗ,1_kings,3 Царств,4,13,4,ל֡וֹ,"принадлежал к, его",принадлежал к нему
ВЗ,1_kings,3 Царств,4,13,11,ל֚וֹ,"принадлежал к, его",принадлежал к нему
ВЗ,1_kings,3 Царств,6,1,0,וַיְהִ֣י,"и, оно был",и было
ВЗ,1_kings,3 Царств,6,1,24,לַיהוָֽה\׃,"для, Яхве","для, Господь"
ВЗ,1_kings,3 Царств,6,2,5,לַֽיהוָ֔ה,"для, Яхве","для, Господь"
ВЗ,1_kings,3 Царств,6,11,0,וַֽיְהִי֙,"и, оно пришёл","и, было"
ВЗ,1_kings,3 Царств,6,11,2,יְהוָ֔ה,Яхве,Господь
ВЗ,1_kings,3 Царств,6,11,5,לֵאמֹֽר\׃,"к, говоря",говоря
ВЗ,1_kings,3 Царств,6,19,10,יְהוָֽה\׃,Яхве,Господь
ВЗ,1_kings,3 Царств,6,37,4,יְהוָ֑ה,Яхве,Господь
ВЗ,1_kings,3 Царств,7,3,0,וְסָפֻ֣ן,"и, оно был панелед",и было панелед
ВЗ,1_kings,3 Царств,7,7,8,וְסָפ֣וּן,"и, оно был панелед",и было панелед
ВЗ,1_kings,3 Царств,7,10,0,וּמְיֻסָּ֕ד,"и, оно был фундед",и было фундед
ВЗ,1_kings,3 Царств,7,12,11,יְהוָ֛ה,Яхве,Господь
ВЗ,1_kings,3 Царств,7,22,5,וַתִּתֹּ֖ם,"и, оно был завершённый",и было завершённый
ВЗ,1_kings,3 Царств,7,40,19,יְהוָֽה\׃,Яхве,Господь
ВЗ,1_kings,3 Царств,7,45,16,יְהוָ֑ה,Яхве,Господь
ВЗ,1_kings,3 Царств,7,48,7,יְהוָ֑ה,Яхве,Господь
ВЗ,1_kings,3 Царств,7,51,0,וַתִּשְׁלַם֙,"и, оно был завершённый",и было завершённый
ВЗ,1_kings,3 Царств,7,51,8,יְהוָ֑ה,Яхве,Господь
ВЗ,1_kings,3 Царств,7,51,24,יְהוָֽה\׃\ \פ,Яхве,Господь
ВЗ,1_kings,3 Царств,8,1,22,יְהוָ֛ה,Яхве,Господь
ВЗ,1_kings,3 Царств,8,4,3,יְהוָה֙,Яхве,Господь
ВЗ,1_kings,3 Царств,8,5,6,עָלָ֔יו,"к, его",к нему
ВЗ,1_kings,3 Царств,8,6,5,יְהוָ֧ה,Яхве,Господь
ВЗ,1_kings,3 Царств,8,9,13,יְהוָה֙,Яхве,Господь
ВЗ,1_kings,3 Царств,8,10,0,וַיְהִ֕י,"и, оно был",и было
ВЗ,1_kings,3 Царств,8,10,9,יְהוָֽה\׃,Яхве,Господь
ВЗ,1_kings,3 Царств,8,11,10,יְהוָ֖ה,Яхве,Господь
ВЗ,1_kings,3 Царств,8,11,13,יְהוָֽה\׃\ \פ,Яхве,Господь
ВЗ,1_kings,3 Царств,8,12,3,יְהוָ֣ה,Яхве,Господь
ВЗ,1_kings,3 Царств,8,15,2,יְהוָה֙,Яхве,Господь
ВЗ,1_kings,3 Царств,8,15,13,לֵאמֹֽר\׃,"к, говоря",говоря
ВЗ,1_kings,3 Царств,8,17,0,וַיְהִ֕י,"и, оно был",и было
ВЗ,1_kings,3 Царств,8,17,8,יְהוָ֖ה,Яхве,Господь
ВЗ,1_kings,3 Царств,8,18,1,יְהוָה֙,Яхве,Господь
ВЗ,1_kings,3 Царств,8,20,1,יְהוָ֔ה,Яхве,Господь
ВЗ,1_kings,3 Царств,8,20,16,יְהוָ֔ה,Яхве,Господь
ВЗ,1_kings,3 Царств,8,20,20,יְהוָ֖ה,Яхве,Господь
ВЗ,1_kings,3 Царств,8,21,7,יְהוָ֑ה,Яхве,Господь
ВЗ,1_kings,3 Царств,8,22,4,יְהוָ֔ה,Яхве,Господь
ВЗ,1_kings,3 Царств,8,23,1,יְהוָ֞ה,О Яхве,О Господь
ВЗ,1_kings,3 Царств,8,24,8,ל֑וֹ,"к, его",к нему
ВЗ,1_kings,3 Царств,8,25,1,יְהוָ֣ה\׀,О Яхве,О Господь
ВЗ,1_kings,3 Царств,8,25,11,לּוֹ֙,"к, его",к нему
ВЗ,1_kings,3 Царств,8,25,12,לֵאמֹ֔ר,"к, говоря",говоря
ВЗ,1_kings,3 Царств,8,28,6,יְהוָ֣ה,О Яхве,О Господь
ВЗ,1_kings,3 Царств,8,32,15,ל֖וֹ,"к, его",к нему
ВЗ,1_kings,3 Царств,8,44,11,יְהוָ֗ה,Яхве,Господь
ВЗ,1_kings,3 Царств,8,47,12,לֵאמֹ֔ר,"к, говоря",говоря
ВЗ,1_kings,3 Царств,8,53,18,יְהוִֽה\׃\ \פ,Яхве,Господь
ВЗ,1_kings,3 Царств,8,54,0,וַיְהִ֣י\׀,"и, оно был",и было
ВЗ,1_kings,3 Царств,8,54,5,יְהוָ֔ה,Яхве,Господь
ВЗ,1_kings,3 Царств,8,54,14,יְהוָה֙,Яхве,Господь
ВЗ,1_kings,3 Царств,8,55,8,לֵאמֹֽר\׃,"к, говоря",говоря
ВЗ,1_kings,3 Царств,8,56,1,יְהוָ֗ה,Яхве,Господь
ВЗ,1_kings,3 Царств,8,57,1,יְהוָ֤ה,Яхве,Господь
ВЗ,1_kings,3 Царств,8,58,2,אֵלָ֑יו,"к, его",к нему
ВЗ,1_kings,3 Царств,8,59,6,יְהוָ֔ה,Яхве,Господь
ВЗ,1_kings,3 Царств,8,59,9,יְהוָ֥ה,Яхве,Господь
ВЗ,1_kings,3 Царств,8,60,6,יְהוָ֖ה,Яхве,Господь
ВЗ,1_kings,3 Царств,8,61,4,יְהוָ֣ה,Яхве,Господь
ВЗ,1_kings,3 Царств,8,62,7,יְהוָֽה\׃,Яхве,Господь
ВЗ,1_kings,3 Царств,8,63,7,לַיהוָה֒,"к, Яхве","к, Господь"
ВЗ,1_kings,3 Царств,8,63,19,יְהוָ֔ה,Яхве,Господь
ВЗ,1_kings,3 Царств,8,64,10,יְהוָ֔ה,Яхве,Господь
ВЗ,1_kings,3 Царств,8,64,26,יְהוָ֔ה,Яхве,Господь
ВЗ,1_kings,3 Царств,8,65,17,יְהוָ֣ה,Яхве,Господь
ВЗ,1_kings,3 Царств,8,66,18,יְהוָה֙,Яхве,Господь
ВЗ,1_kings,3 Царств,9,1,0,וַיְהִי֙,"и, оно был",и было
ВЗ,1_kings,3 Царств,9,1,6,יְהוָ֖ה,Яхве,Господь
ВЗ,1_kings,3 Царств,9,2,1,יְהוָ֛ה,Яхве,Господь
ВЗ,1_kings,3 Царств,9,2,7,אֵלָ֖יו,"к, его",к нему
ВЗ,1_kings,3 Царств,9,3,1,יְהוָ֜ה,Яхве,Господь
ВЗ,1_kings,3 Царств,9,3,2,אֵלָ֗יו,"к, его",к нему
ВЗ,1_kings,3 Царств,9,5,12,לֵאמֹ֔ר,"к, говоря",говоря
ВЗ,1_kings,3 Царств,9,8,13,יְהוָה֙,Яхве,Господь
ВЗ,1_kings,3 Царств,9,9,5,יְהוָ֣ה,Яхве,Господь
ВЗ,1_kings,3 Царств,9,9,22,יְהוָה֙,Яхве,Господь
ВЗ,1_kings,3 Царств,9,10,0,וַיְהִ֗י,"и, оно был",и было
ВЗ,1_kings,3 Царств,9,10,12,יְהוָ֖ה,Яхве,Господь
ВЗ,1_kings,3 Царств,9,12,8,ל֖וֹ,"к, его",к нему
ВЗ,1_kings,3 Царств,9,15,10,יְהוָ֤ה,Яхве,Господь
ВЗ,1_kings,3 Царств,9,25,11,לַיהוָ֔ה,"для, Яхве","для, Господь"
ВЗ,1_kings,3 Царств,9,25,16,יְהוָ֑ה,Яхве,Господь
ВЗ,1_kings,3 Царств,10,1,7,יְהוָ֑ה,Яхве,Господь
ВЗ,1_kings,3 Царств,10,2,17,אֵלָ֔יו,"к, его",к нему
ВЗ,1_kings,3 Царств,10,5,12,יְהוָ֑ה,Яхве,Господь
ВЗ,1_kings,3 Царств,10,9,1,יְהוָ֤ה,Яхве,Господь
ВЗ,1_kings,3 Царств,10,9,12,יְהוָ֤ה,Яхве,Господь
ВЗ,1_kings,3 Царств,10,12,7,יְהוָה֙,Яхве,Господь
ВЗ,1_kings,3 Царств,10,14,0,וַֽיְהִי֙,"и, оно был",и было
ВЗ,1_kings,3 Царств,10,14,4,בָּ֥א,оно пришёл,было
ВЗ,1_kings,3 Царств,10,22,11,תָּב֣וֹא\׀,оно пришёл,было
ВЗ,1_kings,3 Царств,10,26,5,ל֗וֹ,"к, его",к нему
ВЗ,1_kings,3 Царств,10,29,0,וַֽ֠תַּעֲלֶה,"и, оно пришёл вверх","и, было вверх"
ВЗ,1_kings,3 Царств,10,29,1,וַתֵּצֵ֨א,"и, оно пришёл вне","и, было вне"
ВЗ,1_kings,3 Царств,11,2,4,יְהוָה֩,Яхве,Господь
ВЗ,1_kings,3 Царств,11,3,1,ל֣וֹ,"к, его",к нему
ВЗ,1_kings,3 Царств,11,4,0,וַיְהִ֗י,"и, оно был",и было
ВЗ,1_kings,3 Царств,11,4,16,יְהוָ֣ה,Яхве,Господь
ВЗ,1_kings,3 Царств,11,6,4,יְהוָ֑ה,Яхве,Господь
ВЗ,1_kings,3 Царств,11,6,8,יְהוָ֖ה,Яхве,Господь
ВЗ,1_kings,3 Царств,11,9,1,יְהוָ֖ה,Яхве,Господь
ВЗ,1_kings,3 Царств,11,9,7,יְהוָה֙,Яхве,Господь
ВЗ,1_kings,3 Царств,11,9,11,אֵלָ֖יו,"к, его",к нему
ВЗ,1_kings,3 Царств,11,10,1,אֵלָיו֙,"к, его",к нему
ВЗ,1_kings,3 Царств,11,10,15,יְהוָֽה\׃\ \פ,Яхве,Господь
ВЗ,1_kings,3 Царств,11,11,1,יְהוָ֜ה,Яхве,Господь
ВЗ,1_kings,3 Царств,11,14,1,יְהוָ֤ה,Яхве,Господь
ВЗ,1_kings,3 Царств,11,15,0,וַיְהִ֗י,"и, оно был",и было
ВЗ,1_kings,3 Царств,11,18,15,ל֣וֹ,"к, его",к нему
ВЗ,1_kings,3 Царств,11,18,19,ל֔וֹ,"к, его",к нему
ВЗ,1_kings,3 Царств,11,18,22,לֽוֹ\׃,"к, его",к нему
ВЗ,1_kings,3 Царств,11,19,7,ל֤וֹ,"к, его",к нему
ВЗ,1_kings,3 Царств,11,20,1,ל֜וֹ,"к, его",к нему
ВЗ,1_kings,3 Царств,11,22,1,ל֣וֹ,"к, его",к нему
ВЗ,1_kings,3 Царств,11,23,2,לוֹ֙,"к, его",к нему
ВЗ,1_kings,3 Царств,11,29,0,וַֽיְהִי֙,"и, оно был",и было
ВЗ,1_kings,3 Царств,11,31,9,יְהוָ֜ה,Яхве,Господь
ВЗ,1_kings,3 Царств,11,32,3,לּ֑וֹ,"к, его",к нему
ВЗ,1_kings,3 Царств,12,2,0,וַיְהִ֞י,"и, оно был",и было
ВЗ,1_kings,3 Царств,12,3,2,ל֔וֹ,"к, его",к нему
ВЗ,1_kings,3 Царств,12,3,11,לֵאמֹֽר\׃,"к, говоря",говоря
ВЗ,1_kings,3 Царств,12,6,14,לֵאמֹ֑ר,"к, говоря",говоря
ВЗ,1_kings,3 Царств,12,7,1,אֵלָ֜יו,"к, его",к нему
ВЗ,1_kings,3 Царств,12,7,2,לֵאמֹ֗ר,"к, говоря",говоря
ВЗ,1_kings,3 Царств,12,9,13,לֵאמֹ֔ר,"к, говоря",говоря
ВЗ,1_kings,3 Царств,12,10,1,אֵלָ֗יו,"к, его",к нему
ВЗ,1_kings,3 Царств,12,10,6,לֵאמֹר֒,"к, говоря",говоря
ВЗ,1_kings,3 Царств,12,10,14,לֵאמֹ֗ר,"к, говоря",говоря
ВЗ,1_kings,3 Царств,12,12,11,לֵאמֹ֔ר,"к, говоря",говоря
ВЗ,1_kings,3 Царств,12,14,4,לֵאמֹ֔ר,"к, говоря",говоря
ВЗ,1_kings,3 Царств,12,15,9,יְהוָ֔ה,Яхве,Господь
ВЗ,1_kings,3 Царств,12,15,16,יְהוָה֙,Яхве,Господь
ВЗ,1_kings,3 Царств,12,16,13,לֵאמֹ֡ר,"к, говоря",говоря
ВЗ,1_kings,3 Царств,12,20,0,וַיְהִ֞י,"и, оно был",и было
ВЗ,1_kings,3 Царств,12,22,0,וַיְהִי֙,"и, оно пришёл","и, было"
ВЗ,1_kings,3 Царств,12,22,7,לֵאמֹֽר\׃,"к, говоря",говоря
ВЗ,1_kings,3 Царств,12,23,14,לֵאמֹֽר\׃,"к, говоря",говоря
ВЗ,1_kings,3 Царств,12,24,2,יְהוָ֡ה,Яхве,Господь
ВЗ,1_kings,3 Царств,12,24,22,יְהוָ֔ה,Яхве,Господь
ВЗ,1_kings,3 Царств,12,24,26,יְהוָֽה\׃\ \ס,Яхве,Господь
ВЗ,1_kings,3 Царств,12,27,7,יְהוָה֙,Яхве,Господь
ВЗ,1_kings,3 Царств,13,1,6,יְהוָ֖ה,Яхве,Господь
ВЗ,1_kings,3 Царств,13,2,4,יְהוָ֔ה,Яхве,Господь
ВЗ,1_kings,3 Царств,13,2,10,יְהוָ֑ה,Яхве,Господь
ВЗ,1_kings,3 Царств,13,3,4,לֵאמֹ֔ר,"к, говоря",говоря
ВЗ,1_kings,3 Царств,13,3,9,יְהוָ֑ה,Яхве,Господь
ВЗ,1_kings,3 Царств,13,4,0,וַיְהִי֩,"и, оно был",и было
ВЗ,1_kings,3 Царств,13,4,19,לֵאמֹ֣ר\׀,"к, говоря",говоря
ВЗ,1_kings,3 Царств,13,5,2,וַיִּשָּׁפֵ֥ךְ,"и, оно был вылил вне",и было вылил вне
ВЗ,1_kings,3 Царств,13,5,12,יְהוָֽה\׃,Яхве,Господь
ВЗ,1_kings,3 Царств,13,6,10,יְהוָ֤ה,Яхве,Господь
ВЗ,1_kings,3 Царств,13,6,22,יְהוָ֔ה,Яхве,Господь
ВЗ,1_kings,3 Царств,13,6,23,וַתָּ֤שָׁב,"и, оно пришёл назад","и, было назад"
ВЗ,1_kings,3 Царств,13,6,26,אֵלָ֔יו,"к, его",к нему
ВЗ,1_kings,3 Царств,13,6,27,וַתְּהִ֖י,"и, оно был",и было
ВЗ,1_kings,3 Царств,13,9,5,יְהוָה֙,Яхве,Господь
ВЗ,1_kings,3 Царств,13,9,6,לֵאמֹ֔ר,"к, говоря",говоря
ВЗ,1_kings,3 Царств,13,11,9,ל֣וֹ,"к, его",к нему
ВЗ,1_kings,3 Царств,13,14,9,אֵלָ֗יו,"к, его",к нему
ВЗ,1_kings,3 Царств,13,15,1,אֵלָ֔יו,"к, его",к нему
ВЗ,1_kings,3 Царств,13,17,4,יְהוָ֔ה,Яхве,Господь
ВЗ,1_kings,3 Царств,13,18,1,ל֗וֹ,"к, его",к нему
ВЗ,1_kings,3 Царств,13,18,10,יְהוָ֜ה,Яхве,Господь
ВЗ,1_kings,3 Царств,13,18,11,לֵאמֹ֗ר,"к, говоря",говоря
ВЗ,1_kings,3 Царств,13,18,21,לֽוֹ\׃,"к, его",к нему
ВЗ,1_kings,3 Царств,13,20,0,וַיְהִ֕י,"и, оно был",и было
ВЗ,1_kings,3 Царств,13,20,5,וַֽיְהִי֙,"и, оно пришёл","и, было"
ВЗ,1_kings,3 Царств,13,20,7,יְהוָ֔ה,Яхве,Господь
ВЗ,1_kings,3 Царств,13,21,7,לֵאמֹ֔ר,"к, говоря",говоря
ВЗ,1_kings,3 Царств,13,21,10,יְהוָ֑ה,Яхве,Господь
ВЗ,1_kings,3 Царств,13,21,15,יְהוָ֔ה,Яхве,Господь
ВЗ,1_kings,3 Царств,13,21,22,יְהוָ֥ה,Яхве,Господь
ВЗ,1_kings,3 Царств,13,23,0,וַיְהִ֗י,"и, оно был",и было
ВЗ,1_kings,3 Царств,13,24,5,וַתְּהִ֤י,"и, оно был",и было
ВЗ,1_kings,3 Царств,13,26,14,יְהוָ֑ה,Яхве,Господь
ВЗ,1_kings,3 Царств,13,26,16,יְהוָ֜ה,Яхве,Господь
ВЗ,1_kings,3 Царств,13,26,21,יְהוָ֖ה,Яхве,Господь
ВЗ,1_kings,3 Царств,13,26,24,לֽוֹ\׃,"к, его",к нему
ВЗ,1_kings,3 Царств,13,27,3,לֵאמֹ֔ר,"к, говоря",говоря
ВЗ,1_kings,3 Царств,13,31,0,וַיְהִי֮,"и, оно был",и было
ВЗ,1_kings,3 Царств,13,31,7,לֵאמֹ֔ר,"к, говоря",говоря
ВЗ,1_kings,3 Царств,13,32,7,יְהוָ֔ה,Яхве,Господь
ВЗ,1_kings,3 Царств,14,3,8,אֵלָ֑יו,"к, его",к нему
ВЗ,1_kings,3 Царств,14,4,17,מִשֵּׂיבֽוֹ\׃\ \ס,"от, старый век, его","от, старый век нему"
ВЗ,1_kings,3 Царств,14,5,0,וַיהוָ֞ה,"и, Яхве","и, Господь"
ВЗ,1_kings,3 Царств,14,6,0,וַיְהִי֩,"и, оно был",и было
ВЗ,1_kings,3 Царств,14,7,5,יְהוָה֙,Яхве,Господь
ВЗ,1_kings,3 Царств,14,11,11,יְהוָ֖ה,Яхве,Господь
ВЗ,1_kings,3 Царств,14,13,19,יְהוָ֛ה,Яхве,Господь
ВЗ,1_kings,3 Царств,14,14,1,יְהוָ֨ה,Яхве,Господь
ВЗ,1_kings,3 Царств,14,15,1,יְהוָ֜ה,Яхве,Господь
ВЗ,1_kings,3 Царств,14,15,28,יְהוָֽה\׃,Яхве,Господь
ВЗ,1_kings,3 Царств,14,18,7,יְהוָה֙,Яхве,Господь
ВЗ,1_kings,3 Царств,14,21,19,יְהוָ֜ה,Яхве,Господь
ВЗ,1_kings,3 Царств,14,22,4,יְהוָ֑ה,Яхве,Господь
ВЗ,1_kings,3 Царств,14,24,10,יְהוָ֔ה,Яхве,Господь
ВЗ,1_kings,3 Царств,14,25,0,וַיְהִ֛י,"и, оно был",и было
ВЗ,1_kings,3 Царств,14,26,4,יְהוָ֗ה,Яхве,Господь
ВЗ,1_kings,3 Царств,14,28,0,וַיְהִ֛י,"и, оно был",и было
ВЗ,1_kings,3 Царств,14,28,5,יְהוָ֑ה,Яхве,Господь
ВЗ,1_kings,3 Царств,15,3,12,יְהוָ֣ה,Яхве,Господь
ВЗ,1_kings,3 Царств,15,3,16,אָבִֽיו\׃,"предок, его",предок нему
ВЗ,1_kings,3 Царств,15,4,4,יְהוָ֨ה,Яхве,Господь
ВЗ,1_kings,3 Царств,15,4,6,ל֛וֹ,"к, его",к нему
ВЗ,1_kings,3 Царств,15,5,6,יְהוָ֑ה,Яхве,Господь
ВЗ,1_kings,3 Царств,15,11,4,יְהוָ֑ה,Яхве,Господь
ВЗ,1_kings,3 Царств,15,11,6,אָבִֽיו\׃,"предок, его",предок нему
ВЗ,1_kings,3 Царств,15,14,9,יְהוָ֖ה,Яхве,Господь
ВЗ,1_kings,3 Царств,15,15,6,יְהוָ֑ה,Яхве,Господь
ВЗ,1_kings,3 Царств,15,18,9,יְהוָ֗ה,Яхве,Господь
ВЗ,1_kings,3 Царств,15,18,31,לֵאמֹֽר\׃,"к, говоря",говоря
ВЗ,1_kings,3 Царств,15,20,11,לוֹ֙,"принадлежал к, его",принадлежал к нему
ВЗ,1_kings,3 Царств,15,21,0,וַֽיְהִי֙,"и, оно был",и было
ВЗ,1_kings,3 Царств,15,23,23,זִקְנָת֔וֹ,"старый век, его",старый век нему
ВЗ,1_kings,3 Царств,15,24,9,אָבִ֑יו,"предок, его",предок нему
ВЗ,1_kings,3 Царств,15,26,3,יְהוָ֑ה,Яхве,Господь
ВЗ,1_kings,3 Царств,15,29,0,וַיְהִ֣י,"и, оно был",и было
ВЗ,1_kings,3 Царств,15,29,15,יְהוָ֔ה,Яхве,Господь
ВЗ,1_kings,3 Царств,15,30,13,יְהוָ֖ה,Яхве,Господь
ВЗ,1_kings,3 Царств,15,34,3,יְהוָ֑ה,Яхве,Господь
ВЗ,1_kings,3 Царств,16,1,0,וַיְהִ֤י,"и, оно пришёл","и, было"
ВЗ,1_kings,3 Царств,16,1,2,יְהוָה֙,Яхве,Господь
ВЗ,1_kings,3 Царств,16,1,9,לֵאמֹֽר\׃,"к, говоря",говоря
ВЗ,1_kings,3 Царств,16,7,7,יְהוָ֡ה,Яхве,Господь
ВЗ,1_kings,3 Царств,16,7,8,הָיָה֩,оно пришёл,было
ВЗ,1_kings,3 Царств,16,7,19,יְהוָ֗ה,Яхве,Господь
ВЗ,1_kings,3 Царств,16,11,0,וַיְהִ֨י,"и, оно был",и было
ВЗ,1_kings,3 Царств,16,11,12,ל֖וֹ,"к, его",к нему
ВЗ,1_kings,3 Царств,16,12,7,יְהוָה֙,Яхве,Господь
ВЗ,1_kings,3 Царств,16,13,15,יְהוָ֛ה,Яхве,Господь
ВЗ,1_kings,3 Царств,16,16,3,לֵאמֹ֔ר,"к, говоря",говоря
ВЗ,1_kings,3 Царств,16,18,0,וַיְהִ֞י,"и, оно был",и было
ВЗ,1_kings,3 Царств,16,19,7,יְהוָ֑ה,Яхве,Господь
ВЗ,1_kings,3 Царств,16,25,4,יְהוָ֑ה,Яхве,Господь
ВЗ,1_kings,3 Царств,16,26,13,יְהוָ֛ה,Яхве,Господь
ВЗ,1_kings,3 Царств,16,30,6,יְהוָ֑ה,Яхве,Господь
ВЗ,1_kings,3 Царств,16,31,0,וַיְהִי֙,"и, оно был",и было
ВЗ,1_kings,3 Царств,16,33,9,יְהֹוָה֙,Яхве,Господь
ВЗ,1_kings,3 Царств,16,34,15,יְהוָ֔ה,Яхве,Господь
ВЗ,1_kings,3 Царств,17,1,8,יְהוָ֞ה,Яхве,Господь
ВЗ,1_kings,3 Царств,17,2,0,וַיְהִ֥י,"и, оно пришёл","и, было"
ВЗ,1_kings,3 Царств,17,2,2,יְהוָ֖ה,Яхве,Господь
ВЗ,1_kings,3 Царств,17,2,3,אֵלָ֥יו,"к, его",к нему
ВЗ,1_kings,3 Царств,17,2,4,לֵאמֹֽר\׃,"к, говоря",говоря
ВЗ,1_kings,3 Царств,17,5,3,יְהוָ֑ה,Яхве,Господь
ВЗ,1_kings,3 Царств,17,6,2,ל֜וֹ,"к, его",к нему
ВЗ,1_kings,3 Царств,17,7,0,וַיְהִ֛י,"и, оно был",и было
ВЗ,1_kings,3 Царств,17,8,0,וַיְהִ֥י,"и, оно пришёл","и, было"
ВЗ,1_kings,3 Царств,17,8,2,יְהוָ֖ה,Яхве,Господь
ВЗ,1_kings,3 Царств,17,8,3,אֵלָ֥יו,"к, его",к нему
ВЗ,1_kings,3 Царств,17,8,4,לֵאמֹֽר\׃,"к, говоря",говоря
ВЗ,1_kings,3 Царств,17,12,2,יְהוָ֤ה,Яхве,Господь
ВЗ,1_kings,3 Царств,17,14,3,יְהוָ֜ה,Яхве,Господь
ВЗ,1_kings,3 Царств,17,14,17,יְהוָ֛ה,Яхве,Господь
ВЗ,1_kings,3 Царств,17,16,9,יְהוָ֔ה,Яхве,Господь
ВЗ,1_kings,3 Царств,17,17,0,וַיְהִ֗י,"и, оно был",и было
ВЗ,1_kings,3 Царств,17,17,9,וַיְהִ֤י,"и, оно был",и было
ВЗ,1_kings,3 Царств,17,20,2,יְהוָ֖ה,Яхве,Господь
ВЗ,1_kings,3 Царств,17,20,4,יְהוָ֣ה,О Яхве,О Господь
ВЗ,1_kings,3 Царств,17,21,7,יְהוָ֖ה,Яхве,Господь
ВЗ,1_kings,3 Царств,17,21,9,יְהוָ֣ה,О Яхве,О Господь
ВЗ,1_kings,3 Царств,17,22,1,יְהוָ֖ה,Яхве,Господь
ВЗ,1_kings,3 Царств,17,24,12,יְהוָ֥ה,Яхве,Господь
ВЗ,1_kings,3 Царств,18,1,0,וַיְהִי֙,"и, оно был",и было
ВЗ,1_kings,3 Царств,18,1,4,יְהוָ֗ה,Яхве,Господь
ВЗ,1_kings,3 Царств,18,1,5,הָיָה֙,оно пришёл,было
ВЗ,1_kings,3 Царств,18,1,10,לֵאמֹ֑ר,"к, говоря",говоря
ВЗ,1_kings,3 Царств,18,3,11,יְהוָ֖ה,Яхве,Господь
ВЗ,1_kings,3 Царств,18,4,0,וַיְהִי֙,"и, оно был",и было
ВЗ,1_kings,3 Царств,18,4,5,יְהוָ֑ה,Яхве,Господь
ВЗ,1_kings,3 Царств,18,8,1,ל֖וֹ,"к, его",к нему
ВЗ,1_kings,3 Царств,18,10,1,יְהוָ֣ה,Яхве,Господь
ВЗ,1_kings,3 Царств,18,12,5,יְהוָ֤ה\׀,Яхве,Господь
ВЗ,1_kings,3 Царств,18,12,20,יְהוָ֖ה,Яхве,Господь
ВЗ,1_kings,3 Царств,18,13,10,יְהוָ֑ה,Яхве,Господь
ВЗ,1_kings,3 Царств,18,13,13,יְהוָ֜ה,Яхве,Господь
ВЗ,1_kings,3 Царств,18,15,3,יְהוָ֣ה,Яхве,Господь
ВЗ,1_kings,3 Царств,18,15,11,אֵלָֽיו\׃,"к, его",к нему
ВЗ,1_kings,3 Царств,18,16,5,ל֑וֹ,"к, его",к нему
ВЗ,1_kings,3 Царств,18,17,0,וַיְהִ֛י,"и, оно был",и было
ВЗ,1_kings,3 Царств,18,17,7,אֵלָ֔יו,"к, его",к нему
ВЗ,1_kings,3 Царств,18,18,13,יְהוָ֔ה,Яхве,Господь
ВЗ,1_kings,3 Царств,18,21,14,יְהוָ֤ה,Яхве,Господь
ВЗ,1_kings,3 Царств,18,22,7,לַיהוָ֖ה,Яхве,Господь
ВЗ,1_kings,3 Царств,18,24,6,יְהוָ֔ה,Яхве,Господь
ВЗ,1_kings,3 Царств,18,26,13,לֵאמֹר֙,"к, говоря",говоря
ВЗ,1_kings,3 Царств,18,27,0,וַיְהִ֨י,"и, оно был",и было
ВЗ,1_kings,3 Царств,18,27,16,ל֖וֹ,"принадлежит к, его",принадлежит к нему
ВЗ,1_kings,3 Царств,18,27,19,ל֑וֹ,"принадлежит к, его",принадлежит к нему
ВЗ,1_kings,3 Царств,18,29,0,וַֽיְהִי֙,"и, оно был",и было
ВЗ,1_kings,3 Царств,18,30,9,אֵלָ֑יו,"к, его",к нему
ВЗ,1_kings,3 Царств,18,30,13,יְהוָ֖ה,Яхве,Господь
ВЗ,1_kings,3 Царств,18,31,12,יְהוָ֤ה,Яхве,Господь
ВЗ,1_kings,3 Царств,18,31,13,אֵלָיו֙,"к, его",к нему
ВЗ,1_kings,3 Царств,18,31,14,לֵאמֹ֔ר,"к, говоря",говоря
ВЗ,1_kings,3 Царств,18,32,5,יְהוָ֑ה,Яхве,Господь
ВЗ,1_kings,3 Царств,18,36,0,וַיְהִ֣י\׀,"и, оно был",и было
ВЗ,1_kings,3 Царств,18,36,7,יְהוָ֗ה,О Яхве,О Господь
ВЗ,1_kings,3 Царств,18,37,1,יְהוָה֙,О Яхве,О Господь
ВЗ,1_kings,3 Царств,18,37,8,יְהוָ֖ה,О Яхве,О Господь
ВЗ,1_kings,3 Царств,18,38,2,יְהוָ֗ה,Яхве,Господь
ВЗ,1_kings,3 Царств,18,39,7,יְהוָה֙,Яхве,Господь
ВЗ,1_kings,3 Царств,18,39,10,יְהוָ֖ה,Яхве,Господь
ВЗ,1_kings,3 Царств,18,44,0,וַֽיְהִי֙,"и, оно был",и было
ВЗ,1_kings,3 Царств,18,45,0,וַיְהִ֣י\׀,"и, оно был",и было
ВЗ,1_kings,3 Царств,18,45,9,וַיְהִ֖י,"и, оно был",и было
ВЗ,1_kings,3 Царств,18,46,1,יְהוָ֗ה,Яхве,Господь
ВЗ,1_kings,3 Царств,19,2,5,לֵאמֹ֑ר,"к, говоря",говоря
ВЗ,1_kings,3 Царств,19,4,17,יְהוָה֙,О Яхве,О Господь
ВЗ,1_kings,3 Царств,19,5,11,ל֖וֹ,"к, его",к нему
ВЗ,1_kings,3 Царств,19,7,2,יְהוָ֤ה\׀,Яхве,Господь
ВЗ,1_kings,3 Царств,19,9,8,יְהוָה֙,Яхве,Господь
ВЗ,1_kings,3 Царств,19,9,9,אֵלָ֔יו,"был к, его",был к нему
ВЗ,1_kings,3 Царств,19,9,11,ל֔וֹ,"к, его",к нему
ВЗ,1_kings,3 Царств,19,10,3,לַיהוָ֣ה\׀,"для, Яхве","для, Господь"
ВЗ,1_kings,3 Царств,19,11,5,יְהוָה֒,Яхве,Господь
ВЗ,1_kings,3 Царств,19,11,7,יְהוָ֣ה,Яхве,Господь
ВЗ,1_kings,3 Царств,19,11,17,יְהוָ֔ה,Яхве,Господь
ВЗ,1_kings,3 Царств,19,11,20,יְהוָ֑ה,Яхве,Господь
ВЗ,1_kings,3 Царств,19,11,26,יְהוָֽה\׃,Яхве,Господь
ВЗ,1_kings,3 Царств,19,12,5,יְהוָ֑ה,Яхве,Господь
ВЗ,1_kings,3 Царств,19,13,0,וַיְהִ֣י\׀,"и, оно был",и было
ВЗ,1_kings,3 Царств,19,13,5,בְּאַדַּרְתּ֔וֹ,"в, клоак, его","в, клоак нему"
ВЗ,1_kings,3 Царств,19,13,11,אֵלָיו֙,"был к, его",был к нему
ВЗ,1_kings,3 Царств,19,14,3,לַיהוָ֣ה\׀,"для, Яхве","для, Господь"
ВЗ,1_kings,3 Царств,19,15,1,יְהוָה֙,Яхве,Господь
ВЗ,1_kings,3 Царств,19,15,2,אֵלָ֔יו,"к, его",к нему
ВЗ,1_kings,3 Царств,19,19,18,אֵלָ֔יו,"к, его",к нему
ВЗ,1_kings,3 Царств,19,19,20,אַדַּרְתּ֖וֹ,"клоак, его",клоак нему
ВЗ,1_kings,3 Царств,19,19,21,אֵלָֽיו\׃,"к, его",к нему
ВЗ,1_kings,3 Царств,19,20,14,לוֹ֙,"к, его",к нему
ВЗ,1_kings,3 Царств,20,5,7,לֵאמֹ֑ר,"к, говоря",говоря
ВЗ,1_kings,3 Царств,20,5,11,לֵאמֹ֔ר,"к, говоря",говоря
ВЗ,1_kings,3 Царств,20,8,1,אֵלָ֛יו,"к, его",к нему
ВЗ,1_kings,3 Царств,20,10,1,אֵלָיו֙,"к, его",к нему
ВЗ,1_kings,3 Царств,20,12,0,וַיְהִ֗י,"и, оно был",и было
ВЗ,1_kings,3 Царств,20,13,11,יְהוָ֔ה,Яхве,Господь
ВЗ,1_kings,3 Царств,20,13,25,יְהוָֽה\׃,есмь Яхве,есмь Господь
ВЗ,1_kings,3 Царств,20,14,6,יְהוָ֔ה,Яхве,Господь
ВЗ,1_kings,3 Царств,20,17,9,לוֹ֙,"к, его",к нему
ВЗ,1_kings,3 Царств,20,17,10,לֵאמֹ֔ר,"к, говоря",говоря
ВЗ,1_kings,3 Царств,20,20,2,אִישׁ֔וֹ,"человек, его",человек нему
ВЗ,1_kings,3 Царств,20,22,6,לוֹ֙,"к, его",к нему
ВЗ,1_kings,3 Царств,20,23,4,אֵלָ֗יו,"к, его",к нему
ВЗ,1_kings,3 Царств,20,26,0,וַֽיְהִי֙,"и, оно был",и было
ВЗ,1_kings,3 Царств,20,28,10,יְהוָ֗ה,Яхве,Господь
ВЗ,1_kings,3 Царств,20,28,17,יְהוָ֔ה,Яхве,Господь
ВЗ,1_kings,3 Царств,20,28,32,יְהוָֽה\׃,есмь Яхве,есмь Господь
ВЗ,1_kings,3 Царств,20,29,6,וַיְהִ֣י\׀,"и, оно был",и было
ВЗ,1_kings,3 Царств,20,31,1,אֵלָיו֮,"к, его",к нему
ВЗ,1_kings,3 Царств,20,33,13,אֵלָיו֙,"к, его",к нему
ВЗ,1_kings,3 Царств,20,34,1,אֵלָ֡יו,"к, его",к нему
ВЗ,1_kings,3 Царств,20,34,21,ל֥וֹ,"к, его",к нему
ВЗ,1_kings,3 Царств,20,35,8,יְהוָ֖ה,Яхве,Господь
ВЗ,1_kings,3 Царств,20,36,1,ל֗וֹ,"к, его",к нему
ВЗ,1_kings,3 Царств,20,36,7,יְהוָ֔ה,Яхве,Господь
ВЗ,1_kings,3 Царств,20,40,8,אֵלָ֧יו,"к, его",к нему
ВЗ,1_kings,3 Царств,20,40,12,מִשְׁפָּטֶ֖ךָ,"сентенке, твой","высказывание, твой"
ВЗ,1_kings,3 Царств,20,42,1,אֵלָ֗יו,"к, его",к нему
ВЗ,1_kings,3 Царств,20,42,4,יְהוָ֔ה,Яхве,Господь
ВЗ,1_kings,3 Царств,21,1,0,וַיְהִ֗י,"и, оно был",и было
ВЗ,1_kings,3 Царств,21,2,4,לֵאמֹר֩\׀,"к, говоря",говоря
ВЗ,1_kings,3 Царств,21,3,6,מֵֽיהוָ֔ה,"от, Яхве","от, Господь"
ВЗ,1_kings,3 Царств,21,4,10,אֵלָ֗יו,"к, его",к нему
ВЗ,1_kings,3 Царств,21,5,1,אֵלָ֖יו,"к, его",к нему
ВЗ,1_kings,3 Царств,21,5,5,אֵלָ֗יו,"к, его",к нему
ВЗ,1_kings,3 Царств,21,6,8,ל֗וֹ,"к, его",к нему
ВЗ,1_kings,3 Царств,21,7,1,אֵלָיו֙,"к, его",к нему
ВЗ,1_kings,3 Царств,21,9,2,לֵאמֹ֑ר,"к, говоря",говоря
ВЗ,1_kings,3 Царств,21,10,7,לֵאמֹ֔ר,"к, говоря",говоря
ВЗ,1_kings,3 Царств,21,13,14,לֵאמֹ֔ר,"к, говоря",говоря
ВЗ,1_kings,3 Царств,21,14,3,לֵאמֹ֑ר,"к, говоря",говоря
ВЗ,1_kings,3 Царств,21,15,0,וַֽיְהִי֙,"и, оно был",и было
ВЗ,1_kings,3 Царств,21,16,0,וַיְהִ֛י,"и, оно был",и было
ВЗ,1_kings,3 Царств,21,17,0,וַיְהִי֙,"и, оно пришёл","и, было"
ВЗ,1_kings,3 Царств,21,17,2,יְהוָ֔ה,Яхве,Господь
ВЗ,1_kings,3 Царств,21,17,6,לֵאמֹֽר\׃,"к, говоря",говоря
ВЗ,1_kings,3 Царств,21,19,1,אֵלָ֜יו,"к, его",к нему
ВЗ,1_kings,3 Царств,21,19,2,לֵאמֹ֗ר,"к, говоря",говоря
ВЗ,1_kings,3 Царств,21,19,5,יְהוָ֔ה,Яхве,Господь
ВЗ,1_kings,3 Царств,21,19,10,אֵלָ֜יו,"к, его",к нему
ВЗ,1_kings,3 Царств,21,19,11,לֵאמֹ֗ר,"к, говоря",говоря
ВЗ,1_kings,3 Царств,21,19,14,יְהוָ֔ה,Яхве,Господь
ВЗ,1_kings,3 Царств,21,20,13,יְהוָֽה\׃,Яхве,Господь
ВЗ,1_kings,3 Царств,21,23,3,יְהוָ֖ה,Яхве,Господь
ВЗ,1_kings,3 Царств,21,23,4,לֵאמֹ֑ר,"к, говоря",говоря
ВЗ,1_kings,3 Царств,21,25,9,יְהוָ֑ה,Яхве,Господь
ВЗ,1_kings,3 Царств,21,26,11,יְהוָ֔ה,Яхве,Господь
ВЗ,1_kings,3 Царств,21,27,0,וַיְהִי֩,"и, оно был",и было
ВЗ,1_kings,3 Царств,21,28,0,וַֽיְהִי֙,"и, оно пришёл","и, было"
ВЗ,1_kings,3 Царств,21,28,2,יְהוָ֔ה,Яхве,Господь
ВЗ,1_kings,3 Царств,21,28,6,לֵאמֹֽר\׃,"к, говоря",говоря
ВЗ,1_kings,3 Царств,22,2,0,וַיְהִ֖י,"и, оно был",и было
ВЗ,1_kings,3 Царств,22,5,10,יְהוָֽה\׃,Яхве,Господь
ВЗ,1_kings,3 Царств,22,7,5,לַיהוָ֖ה,Яхве,Господь
ВЗ,1_kings,3 Царств,22,8,10,יְהוָ֨ה,Яхве,Господь
ВЗ,1_kings,3 Царств,22,11,10,יְהוָ֔ה,Яхве,Господь
ВЗ,1_kings,3 Царств,22,12,4,לֵאמֹ֑ר,"к, говоря",говоря
ВЗ,1_kings,3 Царств,22,12,10,יְהוָ֖ה,Яхве,Господь
ВЗ,1_kings,3 Царств,22,13,6,אֵלָיו֙,"к, его",к нему
ВЗ,1_kings,3 Царств,22,13,7,לֵאמֹ֔ר,"к, говоря",говоря
ВЗ,1_kings,3 Царств,22,14,3,יְהוָ֕ה,Яхве,Господь
ВЗ,1_kings,3 Царств,22,14,8,יְהוָ֛ה,Яхве,Господь
ВЗ,1_kings,3 Царств,22,15,5,אֵלָ֗יו,"к, его",к нему
ВЗ,1_kings,3 Царств,22,15,15,אֵלָיו֙,"к, его",к нему
ВЗ,1_kings,3 Царств,22,15,19,יְהוָ֖ה,Яхве,Господь
ВЗ,1_kings,3 Царств,22,16,1,אֵלָיו֙,"к, его",к нему
ВЗ,1_kings,3 Царств,22,16,15,יְהוָֽה\׃,Яхве,Господь
ВЗ,1_kings,3 Царств,22,17,14,יְהוָה֙,Яхве,Господь
ВЗ,1_kings,3 Царств,22,19,4,יְהוָ֑ה,Яхве,Господь
ВЗ,1_kings,3 Царств,22,19,7,יְהוָה֙,Яхве,Господь
ВЗ,1_kings,3 Царств,22,20,1,יְהוָ֗ה,Яхве,Господь
ВЗ,1_kings,3 Царств,22,21,0,וַיֵּצֵ֣א,"и, оно пришёл вперёд","и, было вперёд"
ВЗ,1_kings,3 Царств,22,21,4,יְהוָ֔ה,Яхве,Господь
ВЗ,1_kings,3 Царств,22,23,3,יְהוָה֙,Яхве,Господь
ВЗ,1_kings,3 Царств,22,23,10,וַֽיהוָ֔ה,"и, Яхве","и, Господь"
ВЗ,1_kings,3 Царств,22,24,14,יְהוָ֛ה,Яхве,Господь
ВЗ,1_kings,3 Царств,22,28,8,יְהוָ֖ה,Яхве,Господь
ВЗ,1_kings,3 Царств,22,31,7,ל֜וֹ,"принадлежал к, его",принадлежал к нему
ВЗ,1_kings,3 Царств,22,31,10,לֵאמֹ֔ר,"к, говоря",говоря
ВЗ,1_kings,3 Царств,22,32,0,וַיְהִ֡י,"и, оно был",и было
ВЗ,1_kings,3 Царств,22,33,0,וַיְהִ֗י,"и, оно был",и было
ВЗ,1_kings,3 Царств,22,36,5,לֵאמֹ֑ר,"к, говоря",говоря
ВЗ,1_kings,3 Царств,22,38,13,יְהוָ֖ה,Яхве,Господь
ВЗ,1_kings,3 Царств,22,43,11,יְהוָֽה\׃,Яхве,Господь
ВЗ,2_kings,4 Царств,1,3,1,יְהוָ֗ה,Яхве,Господь
ВЗ,2_kings,4 Царств,1,4,3,יְהוָ֔ה,Яхве,Господь
ВЗ,2_kings,4 Царств,1,5,2,אֵלָ֑יו,"к, его",к нему
ВЗ,2_kings,4 Царств,1,6,1,אֵלָ֜יו,"к, его",к нему
ВЗ,2_kings,4 Царств,1,6,15,אֵלָ֗יו,"к, его",к нему
ВЗ,2_kings,4 Царств,1,6,18,יְהוָ֔ה,Яхве,Господь
ВЗ,2_kings,4 Царств,1,8,1,אֵלָ֗יו,"к, его",к нему
ВЗ,2_kings,4 Царств,1,9,1,אֵלָ֛יו,"к, его",к нему
ВЗ,2_kings,4 Царств,1,9,6,אֵלָ֗יו,"к, его",к нему
ВЗ,2_kings,4 Царств,1,9,13,אֵלָ֔יו,"к, его",к нему
ВЗ,2_kings,4 Царств,1,10,18,וַתֵּ֤רֶד,"и, оно пришёл вниз","и, было вниз"
ВЗ,2_kings,4 Царств,1,11,2,אֵלָ֛יו,"к, его",к нему
ВЗ,2_kings,4 Царств,1,11,9,אֵלָ֔יו,"к, его",к нему
ВЗ,2_kings,4 Царств,1,12,16,וַתֵּ֤רֶד,"и, оно пришёл вниз","и, было вниз"
ВЗ,2_kings,4 Царств,1,13,17,אֵלָיו֙,"к, его",к нему
ВЗ,2_kings,4 Царств,1,13,19,אֵלָ֔יו,"к, его",к нему
ВЗ,2_kings,4 Царств,1,15,2,יְהוָה֙,Яхве,Господь
ВЗ,2_kings,4 Царств,1,16,1,אֵלָ֜יו,"к, его",к нему
ВЗ,2_kings,4 Царств,1,16,4,יְהוָ֗ה,Яхве,Господь
ВЗ,2_kings,4 Царств,1,17,2,יְהוָ֣ה\׀,Яхве,Господь
ВЗ,2_kings,4 Царств,1,17,19,ל֖וֹ,"к, его",к нему
ВЗ,2_kings,4 Царств,2,1,0,וַיְהִ֗י,"и, оно был",и было
ВЗ,2_kings,4 Царств,2,1,2,יְהוָה֙,Яхве,Господь
ВЗ,2_kings,4 Царств,2,2,8,יְהוָה֙,Яхве,Господь
ВЗ,2_kings,4 Царств,2,2,16,יְהוָ֥ה,Яхве,Господь
ВЗ,2_kings,4 Царств,2,3,9,אֵלָ֔יו,"к, его",к нему
ВЗ,2_kings,4 Царств,2,3,13,יְהוָ֛ה,Яхве,Господь
ВЗ,2_kings,4 Царств,2,4,1,ל֨וֹ,"к, его",к нему
ВЗ,2_kings,4 Царств,2,4,8,יְהוָה֙,Яхве,Господь
ВЗ,2_kings,4 Царств,2,4,13,יְהוָ֥ה,Яхве,Господь
ВЗ,2_kings,4 Царств,2,5,8,אֵלָ֔יו,"к, его",к нему
ВЗ,2_kings,4 Царств,2,5,12,יְהוָ֛ה,Яхве,Господь
ВЗ,2_kings,4 Царств,2,6,1,ל֨וֹ,"к, его",к нему
ВЗ,2_kings,4 Царств,2,6,7,יְהוָה֙,Яхве,Господь
ВЗ,2_kings,4 Царств,2,6,12,יְהוָ֥ה,Яхве,Господь
ВЗ,2_kings,4 Царств,2,8,3,אַדַּרְתּ֤וֹ,"клоак, его",клоак нему
ВЗ,2_kings,4 Царств,2,9,0,וַיְהִ֣י,"и, оно был",и было
ВЗ,2_kings,4 Царств,2,11,0,וַיְהִ֗י,"и, оно был",и было
ВЗ,2_kings,4 Царств,2,14,12,יְהוָ֖ה,есть Яхве,есть Господь
ВЗ,2_kings,4 Царств,2,15,15,ל֖וֹ,"к, его",к нему
ВЗ,2_kings,4 Царств,2,16,1,אֵלָ֡יו,"к, его",к нему
ВЗ,2_kings,4 Царств,2,16,19,יְהוָ֔ה,Яхве,Господь
ВЗ,2_kings,4 Царств,2,18,1,אֵלָ֔יו,"к, его",к нему
ВЗ,2_kings,4 Царств,2,20,9,אֵלָֽיו\׃,"к, его",к нему
ВЗ,2_kings,4 Царств,2,21,10,יְהוָ֗ה,Яхве,Господь
ВЗ,2_kings,4 Царств,2,23,15,ל֔וֹ,"к, его",к нему
ВЗ,2_kings,4 Царств,2,24,5,יְהוָ֑ה,Яхве,Господь
ВЗ,2_kings,4 Царств,3,2,3,יְהוָ֔ה,Яхве,Господь
ВЗ,2_kings,4 Царств,3,5,0,וַיְהִ֖י,"и, оно был",и было
ВЗ,2_kings,4 Царств,3,7,6,לֵאמֹ֗ר,"к, говоря",говоря
ВЗ,2_kings,4 Царств,3,10,6,יְהוָ֗ה,Яхве,Господь
ВЗ,2_kings,4 Царств,3,11,5,לַֽיהוָ֔ה,Яхве,Господь
ВЗ,2_kings,4 Царств,3,11,8,יְהוָ֖ה,Яхве,Господь
ВЗ,2_kings,4 Царств,3,12,5,יְהוָ֑ה,Яхве,Господь
ВЗ,2_kings,4 Царств,3,12,7,אֵלָ֗יו,"к, его",к нему
ВЗ,2_kings,4 Царств,3,13,16,לוֹ֙,"к, его",к нему
ВЗ,2_kings,4 Царств,3,13,22,יְהוָה֙,Яхве,Господь
ВЗ,2_kings,4 Царств,3,14,3,יְהוָ֤ה,Яхве,Господь
ВЗ,2_kings,4 Царств,3,15,4,וְהָיָה֙,"и, оно был",и было
ВЗ,2_kings,4 Царств,3,15,7,וַתְּהִ֥י,"и, оно был",и было
ВЗ,2_kings,4 Царств,3,15,10,יְהוָֽה\׃,Яхве,Господь
ВЗ,2_kings,4 Царств,3,16,3,יְהוָ֑ה,Яхве,Господь
ВЗ,2_kings,4 Царств,3,17,3,יְהוָ֗ה,Яхве,Господь
ВЗ,2_kings,4 Царств,3,18,3,יְהוָ֑ה,Яхве,Господь
ВЗ,2_kings,4 Царств,3,20,0,וַיְהִ֤י,"и, оно был",и было
ВЗ,2_kings,4 Царств,3,20,9,וַתִּמָּלֵ֥א,"и, оно был наполнил",и было наполнил
ВЗ,2_kings,4 Царств,3,27,11,וַיְהִ֥י,"и, оно был",и было
ВЗ,2_kings,4 Царств,4,1,8,לֵאמֹ֗ר,"к, говоря",говоря
ВЗ,2_kings,4 Царств,4,1,19,יְהוָ֑ה,Яхве,Господь
ВЗ,2_kings,4 Царств,4,6,0,וַיְהִ֣י\׀,"и, оно был",и было
ВЗ,2_kings,4 Царств,4,8,0,וַיְהִ֨י,"и, оно был",и было
ВЗ,2_kings,4 Царств,4,8,13,וַֽיְהִי֙,"и, оно был",и было
ВЗ,2_kings,4 Царств,4,11,0,וַיְהִ֥י,"и, оно был",и было
ВЗ,2_kings,4 Царств,4,13,1,ל֗וֹ,"к, его",к нему
ВЗ,2_kings,4 Царств,4,18,2,וַיְהִ֣י,"и, оно был",и было
ВЗ,2_kings,4 Царств,4,23,4,אֵלָיו֙,"к, его",к нему
ВЗ,2_kings,4 Царств,4,25,8,וַ֠יְהִי,"и, оно был",и было
ВЗ,2_kings,4 Царств,4,27,20,וַֽיהוָה֙,"и, Яхве","и, Господь"
ВЗ,2_kings,4 Царств,4,30,4,יְהוָ֥ה,Яхве,Господь
ВЗ,2_kings,4 Царств,4,31,16,ל֣וֹ,"к, его",к нему
ВЗ,2_kings,4 Царств,4,31,17,לֵאמֹ֔ר,"к, говоря",говоря
ВЗ,2_kings,4 Царств,4,33,7,יְהוָֽה\׃,Яхве,Господь
ВЗ,2_kings,4 Царств,4,36,10,אֵלָ֑יו,"к, его",к нему
ВЗ,2_kings,4 Царств,4,40,3,וַ֠יְהִי,"и, оно был",и было
ВЗ,2_kings,4 Царств,4,42,13,בְּצִקְלֹנ֑וֹ,"в, сакк, его","в, сакк нему"
ВЗ,2_kings,4 Царств,4,43,15,יְהוָ֖ה,Яхве,Господь
ВЗ,2_kings,4 Царств,4,44,5,יְהוָֽה\׃\ \פ,Яхве,Господь
ВЗ,2_kings,4 Царств,5,1,15,יְהוָ֥ה,Яхве,Господь
ВЗ,2_kings,4 Царств,5,4,3,לֵאמֹ֑ר,"к, говоря",говоря
ВЗ,2_kings,4 Царств,5,6,5,לֵאמֹ֑ר,"к, говоря",говоря
ВЗ,2_kings,4 Царств,5,7,0,וַיְהִ֡י,"и, оно был",и было
ВЗ,2_kings,4 Царств,5,8,0,וַיְהִ֞י,"и, оно был",и было
ВЗ,2_kings,4 Царств,5,8,14,לֵאמֹ֔ר,"к, говоря",говоря
ВЗ,2_kings,4 Царств,5,10,1,אֵלָ֛יו,"к, его",к нему
ВЗ,2_kings,4 Царств,5,10,4,לֵאמֹ֑ר,"к, говоря",говоря
ВЗ,2_kings,4 Царств,5,11,12,יְהוָ֣ה,Яхве,Господь
ВЗ,2_kings,4 Царств,5,13,3,אֵלָיו֒,"к, его",к нему
ВЗ,2_kings,4 Царств,5,16,2,יְהוָ֛ה,Яхве,Господь
ВЗ,2_kings,4 Царств,5,17,21,לַיהוָֽה\׃,"к, Яхве","к, Господь"
ВЗ,2_kings,4 Царств,5,18,3,יְהוָ֖ה,Яхве,Господь
ВЗ,2_kings,4 Царств,5,18,23,יְהוָ֥ה,Яхве,Господь
ВЗ,2_kings,4 Царств,5,19,1,ל֖וֹ,"к, его",к нему
ВЗ,2_kings,4 Царств,5,20,19,יְהוָה֙,Яхве,Господь
ВЗ,2_kings,4 Царств,5,22,4,לֵאמֹר֒,"к, говоря",говоря
ВЗ,2_kings,4 Царств,5,25,6,אֵלָיו֙,"к, его",к нему
ВЗ,2_kings,4 Царств,5,26,1,אֵלָיו֙,"к, его",к нему
ВЗ,2_kings,4 Царств,6,5,0,וַיְהִ֤י,"и, оно был",и было
ВЗ,2_kings,4 Царств,6,8,8,לֵאמֹ֗ר,"к, говоря",говоря
ВЗ,2_kings,4 Царств,6,9,6,לֵאמֹ֔ר,"к, говоря",говоря
ВЗ,2_kings,4 Царств,6,10,7,ל֧וֹ,"к, его",к нему
ВЗ,2_kings,4 Царств,6,11,0,וַיִּסָּעֵר֙,"и, оно был енрагед",и было енрагед
ВЗ,2_kings,4 Царств,6,13,7,וַיֻּגַּד\־,"и, оно был сказал",и было сказал
ВЗ,2_kings,4 Царств,6,13,8,ל֥וֹ,"к, его",к нему
ВЗ,2_kings,4 Царств,6,13,9,לֵאמֹ֖ר,"к, говоря",говоря
ВЗ,2_kings,4 Царств,6,15,15,אֵלָ֛יו,"к, его",к нему
ВЗ,2_kings,4 Царств,6,17,3,יְהוָ֕ה,О Яхве,О Господь
ВЗ,2_kings,4 Царств,6,17,10,יְהוָה֙,Яхве,Господь
ВЗ,2_kings,4 Царств,6,18,1,אֵלָיו֒,"к, его",к нему
ВЗ,2_kings,4 Царств,6,18,5,יְהוָה֙,Яхве,Господь
ВЗ,2_kings,4 Царств,6,20,0,וַיְהִי֮,"и, оно был",и было
ВЗ,2_kings,4 Царств,6,20,5,יְהוָ֕ה,О Яхве,О Господь
ВЗ,2_kings,4 Царств,6,20,12,יְהוָה֙,Яхве,Господь
ВЗ,2_kings,4 Царств,6,24,0,וַֽיְהִי֙,"и, оно был",и было
ВЗ,2_kings,4 Царств,6,25,0,וַיְהִ֨י,"и, оно был",и было
ВЗ,2_kings,4 Царств,6,26,8,אֵלָיו֙,"к, его",к нему
ВЗ,2_kings,4 Царств,6,26,9,לֵאמֹ֔ר,"к, говоря",говоря
ВЗ,2_kings,4 Царств,6,27,3,יְהוָ֔ה,Яхве,Господь
ВЗ,2_kings,4 Царств,6,30,0,וַיְהִי֩,"и, оно был",и было
ВЗ,2_kings,4 Царств,6,32,12,אֵלָ֜יו,"к, его",к нему
ВЗ,2_kings,4 Царств,6,33,6,אֵלָ֑יו,"к, его",к нему
ВЗ,2_kings,4 Царств,6,33,12,יְהוָ֔ה,Яхве,Господь
ВЗ,2_kings,4 Царств,6,33,15,לַיהוָ֖ה,"для, Яхве","для, Господь"
ВЗ,2_kings,4 Царств,7,1,4,יְהוָ֑ה,Яхве,Господь
ВЗ,2_kings,4 Царств,7,1,7,יְהוָ֗ה,Яхве,Господь
ВЗ,2_kings,4 Царств,7,2,12,יְהוָ֗ה,Яхве,Господь
ВЗ,2_kings,4 Царств,7,10,7,לֵאמֹ֔ר,"к, говоря",говоря
ВЗ,2_kings,4 Царств,7,12,23,לֵאמֹ֔ר,"к, говоря",говоря
ВЗ,2_kings,4 Царств,7,14,9,לֵאמֹ֖ר,"к, говоря",говоря
ВЗ,2_kings,4 Царств,7,16,6,וַיְהִ֨י,"и, оно был",и было
ВЗ,2_kings,4 Царств,7,16,14,יְהוָֽה\׃,Яхве,Господь
ВЗ,2_kings,4 Царств,7,17,22,אֵלָֽיו\׃,"к, его",к нему
ВЗ,2_kings,4 Царств,7,18,0,וַיְהִ֗י,"и, оно был",и было
ВЗ,2_kings,4 Царств,7,18,6,לֵאמֹ֑ר,"к, говоря",говоря
ВЗ,2_kings,4 Царств,7,19,7,יְהוָ֗ה,Яхве,Господь
ВЗ,2_kings,4 Царств,7,20,1,ל֖וֹ,"к, его",к нему
ВЗ,2_kings,4 Царств,8,1,8,לֵאמֹ֗ר,"к, говоря",говоря
ВЗ,2_kings,4 Царств,8,1,18,יְהוָה֙,Яхве,Господь
ВЗ,2_kings,4 Царств,8,3,0,וַיְהִ֗י,"и, оно был",и было
ВЗ,2_kings,4 Царств,8,4,7,לֵאמֹ֑ר,"к, говоря",говоря
ВЗ,2_kings,4 Царств,8,6,4,ל֑וֹ,"к, его",к нему
ВЗ,2_kings,4 Царств,8,6,10,לֵאמֹ֗ר,"к, говоря",говоря
ВЗ,2_kings,4 Царств,8,7,8,וַיֻּגַּד\־,"и, оно был сказал",и было сказал
ВЗ,2_kings,4 Царств,8,7,9,ל֣וֹ,"к, его",к нему
ВЗ,2_kings,4 Царств,8,7,10,לֵאמֹ֔ר,"к, говоря",говоря
ВЗ,2_kings,4 Царств,8,8,13,יְהוָ֤ה,Яхве,Господь
ВЗ,2_kings,4 Царств,8,8,15,לֵאמֹ֔ר,"к, говоря",говоря
ВЗ,2_kings,4 Царств,8,9,23,לֵאמֹ֔ר,"к, говоря",говоря
ВЗ,2_kings,4 Царств,8,10,1,אֵלָיו֙,"к, его",к нему
ВЗ,2_kings,4 Царств,8,10,5,ל֖וֹ,"к, его",к нему
ВЗ,2_kings,4 Царств,8,10,9,יְהוָ֖ה,Яхве,Господь
ВЗ,2_kings,4 Царств,8,13,14,יְהוָ֛ה,Яхве,Господь
ВЗ,2_kings,4 Царств,8,14,7,ל֔וֹ,"к, его",к нему
ВЗ,2_kings,4 Царств,8,15,0,וַיְהִ֣י,"и, оно был",и было
ВЗ,2_kings,4 Царств,8,18,17,יְהוָֽה\׃,Яхве,Господь
ВЗ,2_kings,4 Царств,8,19,2,יְהוָה֙,Яхве,Господь
ВЗ,2_kings,4 Царств,8,19,11,ל֗וֹ,"к, его",к нему
ВЗ,2_kings,4 Царств,8,19,13,ל֥וֹ,"к, его",к нему
ВЗ,2_kings,4 Царств,8,21,6,וַֽיְהִי\־,"и, оно был",и было
ВЗ,2_kings,4 Царств,8,21,14,אֵלָיו֙,"к, его",к нему
ВЗ,2_kings,4 Царств,8,27,7,יְהוָ֖ה,Яхве,Господь
ВЗ,2_kings,4 Царств,9,1,7,ל֜וֹ,"к, его",к нему
ВЗ,2_kings,4 Царств,9,3,9,יְהוָ֔ה,Яхве,Господь
ВЗ,2_kings,4 Царств,9,6,8,ל֗וֹ,"к, его",к нему
ВЗ,2_kings,4 Царств,9,6,11,יְהוָה֙,Яхве,Господь
ВЗ,2_kings,4 Царств,9,6,18,יְהוָ֖ה,Яхве,Господь
ВЗ,2_kings,4 Царств,9,7,12,יְהוָ֖ה,Яхве,Господь
ВЗ,2_kings,4 Царств,9,11,6,לוֹ֙,"к, его",к нему
ВЗ,2_kings,4 Царств,9,11,20,שִׂיחֽוֹ\׃,"талк, его",талк нему
ВЗ,2_kings,4 Царств,9,12,10,לֵאמֹ֔ר,"к, говоря",говоря
ВЗ,2_kings,4 Царств,9,12,13,יְהוָ֔ה,Яхве,Господь
ВЗ,2_kings,4 Царств,9,18,19,לֵאמֹ֔ר,"к, говоря",говоря
ВЗ,2_kings,4 Царств,9,20,2,לֵאמֹ֔ר,"к, говоря",говоря
ВЗ,2_kings,4 Царств,9,22,0,וַיְהִ֗י,"и, оно был",и было
ВЗ,2_kings,4 Царств,9,24,9,וַיֵּצֵ֥א,"и, оно пришёл вне","и, было вне"
ВЗ,2_kings,4 Царств,9,25,20,וַֽיהוָה֙,"и, Яхве","и, Господь"
ВЗ,2_kings,4 Царств,9,26,11,יְהוָ֔ה,Яхве,Господь
ВЗ,2_kings,4 Царств,9,26,17,יְהוָ֑ה,Яхве,Господь
ВЗ,2_kings,4 Царств,9,26,23,יְהוָֽה\׃,Яхве,Господь
ВЗ,2_kings,4 Царств,9,32,9,אֵלָ֔יו,"к, его",к нему
ВЗ,2_kings,4 Царств,9,36,2,לוֹ֒,"к, его",к нему
ВЗ,2_kings,4 Царств,9,36,5,יְהוָ֣ה,Яхве,Господь
ВЗ,2_kings,4 Царств,9,36,13,לֵאמֹ֑ר,"к, говоря",говоря
ВЗ,2_kings,4 Царств,10,1,16,לֵאמֹֽר\׃,"к, говоря",говоря
ВЗ,2_kings,4 Царств,10,5,11,לֵאמֹר֙,"к, говоря",говоря
ВЗ,2_kings,4 Царств,10,6,4,לֵאמֹ֗ר,"к, говоря",говоря
ВЗ,2_kings,4 Царств,10,7,0,וַיְהִ֗י,"и, оно был",и было
ВЗ,2_kings,4 Царств,10,7,16,אֵלָ֖יו,"к, его",к нему
ВЗ,2_kings,4 Царств,10,8,3,ל֣וֹ,"к, его",к нему
ВЗ,2_kings,4 Царств,10,8,4,לֵאמֹ֔ר,"к, говоря",говоря
ВЗ,2_kings,4 Царств,10,9,0,וַיְהִ֤י,"и, оно был",и было
ВЗ,2_kings,4 Царств,10,10,6,יְהוָה֙,Яхве,Господь
ВЗ,2_kings,4 Царств,10,10,10,יְהוָ֖ה,Яхве,Господь
ВЗ,2_kings,4 Царств,10,10,14,וַיהוָ֣ה,"и, Яхве","и, Господь"
ВЗ,2_kings,4 Царств,10,11,15,ל֖וֹ,"к, его",к нему
ВЗ,2_kings,4 Царств,10,15,10,אֵלָ֜יו,"к, его",к нему
ВЗ,2_kings,4 Царств,10,16,5,לַיהוָ֑ה,"для, Яхве","для, Господь"
ВЗ,2_kings,4 Царств,10,17,11,יְהוָ֔ה,Яхве,Господь
ВЗ,2_kings,4 Царств,10,21,17,וַיִּמָּלֵ֥א,"и, оно был наполнил",и было наполнил
ВЗ,2_kings,4 Царств,10,23,17,יְהוָ֔ה,Яхве,Господь
ВЗ,2_kings,4 Царств,10,25,0,וַיְהִ֞י,"и, оно был",и было
ВЗ,2_kings,4 Царств,10,30,1,יְהוָ֜ה,Яхве,Господь
ВЗ,2_kings,4 Царств,10,31,5,יְהוָ֥ה,Яхве,Господь
ВЗ,2_kings,4 Царств,10,32,3,יְהוָ֔ה,Яхве,Господь
ВЗ,2_kings,4 Царств,11,3,3,יְהוָ֔ה,Яхве,Господь
ВЗ,2_kings,4 Царств,11,4,14,יְהוָ֑ה,Яхве,Господь
ВЗ,2_kings,4 Царств,11,4,21,יְהוָ֔ה,Яхве,Господь
ВЗ,2_kings,4 Царств,11,5,1,לֵאמֹ֔ר,"к, говоря",говоря
ВЗ,2_kings,4 Царств,11,7,10,יְהוָ֖ה,Яхве,Господь
ВЗ,2_kings,4 Царств,11,10,13,יְהוָֽה\׃,Яхве,Господь
ВЗ,2_kings,4 Царств,11,13,10,יְהוָֽה\׃,Яхве,Господь
ВЗ,2_kings,4 Царств,11,15,25,יְהוָֽה\׃,Яхве,Господь
ВЗ,2_kings,4 Царств,11,17,5,יְהוָה֙,Яхве,Господь
ВЗ,2_kings,4 Царств,11,17,12,לַֽיהוָ֑ה,Яхве,Господь
ВЗ,2_kings,4 Царств,11,18,25,יְהוָֽה\׃,Яхве,Господь
ВЗ,2_kings,4 Царств,11,19,16,יְהוָ֔ה,Яхве,Господь
ВЗ,2_kings,4 Царств,13,2,3,יְהוָ֑ה,Яхве,Господь
ВЗ,2_kings,4 Царств,13,3,2,יְהוָ֖ה,Яхве,Господь
ВЗ,2_kings,4 Царств,13,4,4,יְהוָ֑ה,Яхве,Господь
ВЗ,2_kings,4 Царств,13,4,6,אֵלָיו֙,"к, его",к нему
ВЗ,2_kings,4 Царств,13,4,7,יְהוָ֔ה,Яхве,Господь
ВЗ,2_kings,4 Царств,13,5,1,יְהוָ֤ה,Яхве,Господь
ВЗ,2_kings,4 Царств,13,11,3,יְהוָ֑ה,Яхве,Господь
ВЗ,2_kings,4 Царств,13,14,8,אֵלָ֜יו,"к, его",к нему
ВЗ,2_kings,4 Царств,13,15,1,לוֹ֙,"к, его",к нему
ВЗ,2_kings,4 Царств,13,17,12,לַֽיהוָה֙,Яхве,Господь
ВЗ,2_kings,4 Царств,13,19,1,עָלָ֜יו,"к, его",к нему
ВЗ,2_kings,4 Царств,13,21,0,וַיְהִ֞י,"и, оно был",и было
ВЗ,2_kings,4 Царств,13,23,1,יְהוָ֨ה,Яхве,Господь
ВЗ,2_kings,4 Царств,14,3,3,יְהוָ֔ה,Яхве,Господь
ВЗ,2_kings,4 Царств,14,3,7,אָבִ֑יו,"предок, его",предок нему
ВЗ,2_kings,4 Царств,14,5,0,וַיְהִ֕י,"и, оно был",и было
ВЗ,2_kings,4 Царств,14,6,11,יְהוָ֜ה,Яхве,Господь
ВЗ,2_kings,4 Царств,14,6,12,לֵאמֹ֗ר,"к, говоря",говоря
ВЗ,2_kings,4 Царств,14,8,12,לֵאמֹ֑ר,"к, говоря",говоря
ВЗ,2_kings,4 Царств,14,9,8,לֵאמֹר֒,"к, говоря",говоря
ВЗ,2_kings,4 Царств,14,9,17,לֵאמֹ֔ר,"к, говоря",говоря
ВЗ,2_kings,4 Царств,14,12,0,וַיִּנָּ֥גֶף,"и, оно был поразил",и было поразил
ВЗ,2_kings,4 Царств,14,14,10,יְהוָ֗ה,Яхве,Господь
ВЗ,2_kings,4 Царств,14,24,3,יְהוָ֑ה,Яхве,Господь
ВЗ,2_kings,4 Царств,14,25,11,יְהוָה֙,Яхве,Господь
ВЗ,2_kings,4 Царств,14,26,2,יְהוָ֛ה,Яхве,Господь
ВЗ,2_kings,4 Царств,14,27,2,יְהוָ֔ה,Яхве,Господь
ВЗ,2_kings,4 Царств,15,3,3,יְהוָ֑ה,Яхве,Господь
ВЗ,2_kings,4 Царств,15,5,1,יְהוָ֜ה,Яхве,Господь
ВЗ,2_kings,4 Царств,15,5,12,וְיוֹתָ֤ם,"и, Джофам","и, Иоафам"
ВЗ,2_kings,4 Царств,15,7,11,יוֹתָ֥ם,Джофам,Иоафам
ВЗ,2_kings,4 Царств,15,9,3,יְהוָ֔ה,Яхве,Господь
ВЗ,2_kings,4 Царств,15,12,2,יְהוָ֗ה,Яхве,Господь
ВЗ,2_kings,4 Царств,15,12,7,לֵאמֹ֔ר,"к, говоря",говоря
ВЗ,2_kings,4 Царств,15,12,15,וַֽיְהִי\־,"и, оно был",и было
ВЗ,2_kings,4 Царств,15,18,3,יְהוָ֑ה,Яхве,Господь
ВЗ,2_kings,4 Царств,15,24,3,יְהוָ֑ה,Яхве,Господь
ВЗ,2_kings,4 Царств,15,28,3,יְהוָ֑ה,Яхве,Господь
ВЗ,2_kings,4 Царств,15,30,15,לְיוֹתָ֖ם,Джофам,Иоафам
ВЗ,2_kings,4 Царств,15,32,8,יוֹתָ֥ם,Джофам,Иоафам
ВЗ,2_kings,4 Царств,15,34,3,יְהוָ֑ה,Яхве,Господь
ВЗ,2_kings,4 Царств,15,35,14,יְהוָ֖ה,Яхве,Господь
ВЗ,2_kings,4 Царств,15,36,2,יוֹתָ֖ם,Джофам,Иоафам
ВЗ,2_kings,4 Царств,15,37,3,יְהוָ֗ה,Яхве,Господь
ВЗ,2_kings,4 Царств,15,38,1,יוֹתָם֙,Джофам,Иоафам
ВЗ,2_kings,4 Царств,15,38,9,אָבִ֑יו,"предок, его",предок нему
ВЗ,2_kings,4 Царств,16,1,10,יוֹתָ֖ם,Джофам,Иоафам
ВЗ,2_kings,4 Царств,16,2,14,יְהוָ֥ה,Яхве,Господь
ВЗ,2_kings,4 Царств,16,2,17,אָבִֽיו\׃,"предок, его",предок нему
ВЗ,2_kings,4 Царств,16,3,13,יְהוָה֙,Яхве,Господь
ВЗ,2_kings,4 Царств,16,7,8,לֵאמֹ֔ר,"к, говоря",говоря
ВЗ,2_kings,4 Царств,16,8,8,יְהוָ֔ה,Яхве,Господь
ВЗ,2_kings,4 Царств,16,9,1,אֵלָיו֙,"к, его",к нему
ВЗ,2_kings,4 Царств,16,13,13,ל֖וֹ,"принадлежал к, его",принадлежал к нему
ВЗ,2_kings,4 Царств,16,14,5,יְהוָה֒,Яхве,Господь
ВЗ,2_kings,4 Царств,16,14,14,יְהוָ֑ה,Яхве,Господь
ВЗ,2_kings,4 Царств,16,15,6,לֵאמֹ֗ר,"к, говоря",говоря
ВЗ,2_kings,4 Царств,16,18,12,יְהוָ֑ה,Яхве,Господь
ВЗ,2_kings,4 Царств,17,2,3,יְהוָ֑ה,Яхве,Господь
ВЗ,2_kings,4 Царств,17,3,10,ל֖וֹ,"к, его",к нему
ВЗ,2_kings,4 Царств,17,7,0,וַיְהִ֗י,"и, оно был",и было
ВЗ,2_kings,4 Царств,17,7,5,לַיהוָ֣ה,"к, Яхве","к, Господь"
ВЗ,2_kings,4 Царств,17,8,5,יְהוָ֔ה,Яхве,Господь
ВЗ,2_kings,4 Царств,17,9,8,יְהוָ֖ה,Яхве,Господь
ВЗ,2_kings,4 Царств,17,11,7,יְהוָ֖ה,Яхве,Господь
ВЗ,2_kings,4 Царств,17,11,14,יְהוָֽה\׃,Яхве,Господь
ВЗ,2_kings,4 Царств,17,12,4,יְהוָה֙,Яхве,Господь
ВЗ,2_kings,4 Царств,17,13,1,יְהוָ֡ה,Яхве,Господь
ВЗ,2_kings,4 Царств,17,13,9,לֵאמֹ֗ר,"к, говоря",говоря
ВЗ,2_kings,4 Царств,17,14,10,בַּֽיהוָ֖ה,"в, Яхве","в, Господь"
ВЗ,2_kings,4 Царств,17,15,24,יְהוָה֙,Яхве,Господь
ВЗ,2_kings,4 Царств,17,16,4,יְהוָ֣ה,Яхве,Господь
ВЗ,2_kings,4 Царств,17,17,13,יְהוָ֖ה,Яхве,Господь
ВЗ,2_kings,4 Царств,17,18,1,יְהוָ֤ה,Яхве,Господь
ВЗ,2_kings,4 Царств,17,19,6,יְהוָ֣ה,Яхве,Господь
ВЗ,2_kings,4 Царств,17,20,1,יְהוָ֜ה,Яхве,Господь
ВЗ,2_kings,4 Царств,17,21,16,יְהוָ֔ה,Яхве,Господь
ВЗ,2_kings,4 Царств,17,23,3,יְהוָ֤ה,Яхве,Господь
ВЗ,2_kings,4 Царств,17,25,0,וַיְהִ֗י,"и, оно был",и было
ВЗ,2_kings,4 Царств,17,25,7,יְהוָ֑ה,Яхве,Господь
ВЗ,2_kings,4 Царств,17,25,9,יְהוָ֤ה,Яхве,Господь
ВЗ,2_kings,4 Царств,17,26,3,לֵאמֹר֒,"к, говоря",говоря
ВЗ,2_kings,4 Царств,17,27,3,לֵאמֹ֗ר,"к, говоря",говоря
ВЗ,2_kings,4 Царств,17,28,15,יְהוָֽה\׃,Яхве,Господь
ВЗ,2_kings,4 Царств,17,32,3,יְהוָ֑ה,Яхве,Господь
ВЗ,2_kings,4 Царств,17,33,1,יְהוָ֖ה,Яхве,Господь
ВЗ,2_kings,4 Царств,17,34,10,יְהוָ֔ה,Яхве,Господь
ВЗ,2_kings,4 Царств,17,34,19,יְהוָה֙,Яхве,Господь
ВЗ,2_kings,4 Царств,17,35,1,יְהוָ֤ה,Яхве,Господь
ВЗ,2_kings,4 Царств,17,35,5,לֵאמֹ֔ר,"к, говоря",говоря
ВЗ,2_kings,4 Царств,17,36,3,יְהוָ֗ה,Яхве,Господь
ВЗ,2_kings,4 Царств,17,36,15,וְל֥וֹ,"и, к, его","и, к нему"
ВЗ,2_kings,4 Царств,17,36,17,וְל֥וֹ,"и, к, его","и, к нему"
ВЗ,2_kings,4 Царств,17,39,3,יְהוָ֥ה,Яхве,Господь
ВЗ,2_kings,4 Царств,17,41,5,יְהוָ֔ה,Яхве,Господь
ВЗ,2_kings,4 Царств,18,1,0,וַֽיְהִי֙,"и, оно был",и было
ВЗ,2_kings,4 Царств,18,3,3,יְהוָ֑ה,Яхве,Господь
ВЗ,2_kings,4 Царств,18,3,8,אָבִֽיו\׃,"предок, его",предок нему
ВЗ,2_kings,4 Царств,18,5,0,בַּיהוָ֥ה,"в, Яхве","в, Господь"
ВЗ,2_kings,4 Царств,18,5,7,כָמֹ֗הוּ,"как, его",как нему
ВЗ,2_kings,4 Царств,18,6,1,בַּֽיהוָ֔ה,"к, Яхве","к, Господь"
ВЗ,2_kings,4 Царств,18,6,9,יְהוָ֖ה,Яхве,Господь
ВЗ,2_kings,4 Царств,18,7,1,יְהוָה֙,Яхве,Господь
ВЗ,2_kings,4 Царств,18,9,0,וַֽיְהִ֞י,"и, оно был",и было
ВЗ,2_kings,4 Царств,18,12,5,יְהוָ֣ה,Яхве,Господь
ВЗ,2_kings,4 Царств,18,12,16,יְהוָ֑ה,Яхве,Господь
ВЗ,2_kings,4 Царств,18,14,8,לֵאמֹ֤ר\׀,"к, говоря",говоря
ВЗ,2_kings,4 Царств,18,15,7,יְהוָ֑ה,Яхве,Господь
ВЗ,2_kings,4 Царств,18,16,7,יְהוָה֙,Яхве,Господь
ВЗ,2_kings,4 Царств,18,22,4,יְהוָ֥ה,Яхве,Господь
ВЗ,2_kings,4 Царств,18,25,2,יְהוָ֔ה,Яхве,Господь
ВЗ,2_kings,4 Царств,18,25,8,יְהוָה֙,Яхве,Господь
ВЗ,2_kings,4 Царств,18,30,5,יְהוָ֣ה,Яхве,Господь
ВЗ,2_kings,4 Царств,18,30,6,לֵאמֹ֔ר,"к, говоря",говоря
ВЗ,2_kings,4 Царств,18,30,9,יְהוָ֑ה,Яхве,Господь
ВЗ,2_kings,4 Царств,18,32,27,לֵאמֹ֔ר,"к, говоря",говоря
ВЗ,2_kings,4 Царств,18,32,28,יְהוָ֖ה,Яхве,Господь
ВЗ,2_kings,4 Царств,18,35,11,יְהוָ֛ה,Яхве,Господь
ВЗ,2_kings,4 Царств,18,36,10,לֵאמֹ֖ר,"к, говоря",говоря
ВЗ,2_kings,4 Царств,18,37,18,ל֔וֹ,"к, его",к нему
ВЗ,2_kings,4 Царств,19,1,0,וַיְהִ֗י,"и, оно был",и было
ВЗ,2_kings,4 Царств,19,1,11,יְהוָֽה\׃,Яхве,Господь
ВЗ,2_kings,4 Царств,19,3,1,אֵלָ֗יו,"к, его",к нему
ВЗ,2_kings,4 Царств,19,4,2,יְהוָ֨ה,Яхве,Господь
ВЗ,2_kings,4 Царств,19,4,21,יְהוָ֣ה,Яхве,Господь
ВЗ,2_kings,4 Царств,19,6,9,יְהוָ֗ה,Яхве,Господь
ВЗ,2_kings,4 Царств,19,9,5,לֵאמֹ֔ר,"к, говоря",говоря
ВЗ,2_kings,4 Царств,19,9,15,לֵאמֹֽר\׃,"к, говоря",говоря
ВЗ,2_kings,4 Царств,19,10,6,לֵאמֹ֔ר,"к, говоря",говоря
ВЗ,2_kings,4 Царств,19,10,14,לֵאמֹ֑ר,"к, говоря",говоря
ВЗ,2_kings,4 Царств,19,14,9,יְהוָ֔ה,Яхве,Господь
ВЗ,2_kings,4 Царств,19,14,13,יְהוָֽה\׃\ \פ,Яхве,Господь
ВЗ,2_kings,4 Царств,19,15,3,יְהוָה֮,Яхве,Господь
ВЗ,2_kings,4 Царств,19,15,5,יְהוָ֞ה,О Яхве,О Господь
ВЗ,2_kings,4 Царств,19,16,1,יְהוָ֤ה\׀,О Яхве,О Господь
ВЗ,2_kings,4 Царств,19,16,5,יְהוָ֛ה,О Яхве,О Господь
ВЗ,2_kings,4 Царств,19,17,1,יְהוָ֑ה,О Яхве,О Господь
ВЗ,2_kings,4 Царств,19,19,1,יְהוָ֣ה,О Яхве,О Господь
ВЗ,2_kings,4 Царств,19,19,12,יְהוָ֥ה,О Яхве,О Господь
ВЗ,2_kings,4 Царств,19,20,6,לֵאמֹ֑ר,"к, говоря",говоря
ВЗ,2_kings,4 Царств,19,20,9,יְהוָה֙,Яхве,Господь
ВЗ,2_kings,4 Царств,19,21,4,יְהוָ֖ה,Яхве,Господь
ВЗ,2_kings,4 Царств,19,31,8,יְהוָ֥ה צְבָא֖וֹת,"Яхве, /оф воинств","Господь, /оф воинств"
ВЗ,2_kings,4 Царств,19,32,3,יְהוָה֙,Яхве,Господь
ВЗ,2_kings,4 Царств,19,33,11,יְהוָֽה\׃,Яхве,Господь
ВЗ,2_kings,4 Царств,19,35,0,וַיְהִי֮,"и, оно был",и было
ВЗ,2_kings,4 Царств,19,35,5,יְהוָ֗ה,Яхве,Господь
ВЗ,2_kings,4 Царств,19,37,0,וַיְהִי֩,"и, оно был",и было
ВЗ,2_kings,4 Царств,20,1,6,אֵ֠לָיו,"к, его",к нему
ВЗ,2_kings,4 Царств,20,1,12,אֵלָ֜יו,"к, его",к нему
ВЗ,2_kings,4 Царств,20,1,15,יְהוָה֙,Яхве,Господь
ВЗ,2_kings,4 Царств,20,2,7,יְהוָ֖ה,Яхве,Господь
ВЗ,2_kings,4 Царств,20,2,8,לֵאמֹֽר\׃,"к, говоря",говоря
ВЗ,2_kings,4 Царств,20,3,1,יְהוָ֗ה,О Яхве,О Господь
ВЗ,2_kings,4 Царств,20,4,0,וַיְהִ֣י,"и, оно был",и было
ВЗ,2_kings,4 Царств,20,4,7,יְהוָ֔ה,Яхве,Господь
ВЗ,2_kings,4 Царств,20,4,8,הָיָ֥ה,оно пришёл,было
ВЗ,2_kings,4 Царств,20,4,9,אֵלָ֖יו,"к, его",к нему
ВЗ,2_kings,4 Царств,20,4,10,לֵאמֹֽר\׃,"к, говоря",говоря
ВЗ,2_kings,4 Царств,20,5,8,יְהוָה֙,Яхве,Господь
ВЗ,2_kings,4 Царств,20,5,25,יְהוָֽה\׃,Яхве,Господь
ВЗ,2_kings,4 Царств,20,8,8,יְהוָ֖ה,Яхве,Господь
ВЗ,2_kings,4 Царств,20,8,14,יְהוָֽה\׃,Яхве,Господь
ВЗ,2_kings,4 Царств,20,9,6,יְהוָ֔ה,Яхве,Господь
ВЗ,2_kings,4 Царств,20,9,9,יְהוָ֔ה,Яхве,Господь
ВЗ,2_kings,4 Царств,20,11,4,יְהוָ֑ה,Яхве,Господь
ВЗ,2_kings,4 Царств,20,14,7,אֵלָ֜יו,"к, его",к нему
ВЗ,2_kings,4 Царств,20,16,6,יְהוָֽה\׃,Яхве,Господь
ВЗ,2_kings,4 Царств,20,17,18,יְהוָֽה\׃,Яхве,Господь
ВЗ,2_kings,4 Царств,20,19,6,יְהוָ֖ה,Яхве,Господь
ВЗ,2_kings,4 Царств,21,2,3,יְהוָ֑ה,Яхве,Господь
ВЗ,2_kings,4 Царств,21,2,8,יְהוָ֔ה,Яхве,Господь
ВЗ,2_kings,4 Царств,21,4,3,יְהוָ֑ה,Яхве,Господь
ВЗ,2_kings,4 Царств,21,4,6,יְהוָ֔ה,Яхве,Господь
ВЗ,2_kings,4 Царств,21,5,8,יְהוָֽה\׃,Яхве,Господь
ВЗ,2_kings,4 Царств,21,6,13,יְהוָ֖ה,Яхве,Господь
ВЗ,2_kings,4 Царств,21,7,9,יְהוָה֙,Яхве,Господь
ВЗ,2_kings,4 Царств,21,9,11,יְהוָ֔ה,Яхве,Господь
ВЗ,2_kings,4 Царств,21,10,1,יְהוָ֛ה,Яхве,Господь
ВЗ,2_kings,4 Царств,21,10,5,לֵאמֹֽר\׃,"к, говоря",говоря
ВЗ,2_kings,4 Царств,21,12,3,יְהוָה֙,Яхве,Господь
ВЗ,2_kings,4 Царств,21,16,23,יְהוָֽה\׃,Яхве,Господь
ВЗ,2_kings,4 Царств,21,20,3,יְהוָ֑ה,Яхве,Господь
ВЗ,2_kings,4 Царств,21,22,2,יְהוָ֖ה,Яхве,Господь
ВЗ,2_kings,4 Царств,21,22,8,יְהוָֽה\׃,Яхве,Господь
ВЗ,2_kings,4 Царств,22,2,3,יְהוָ֑ה,Яхве,Господь
ВЗ,2_kings,4 Царств,22,2,8,אָבִ֔יו,"предок, его",предок нему
ВЗ,2_kings,4 Царств,22,3,0,וַיְהִ֗י,"и, оно был",и было
ВЗ,2_kings,4 Царств,22,3,16,יְהוָ֖ה,Яхве,Господь
ВЗ,2_kings,4 Царств,22,3,17,לֵאמֹֽר\׃,"к, говоря",говоря
ВЗ,2_kings,4 Царств,22,4,10,יְהוָ֑ה,Яхве,Господь
ВЗ,2_kings,4 Царств,22,5,7,יְהוָ֑ה,Яхве,Господь
ВЗ,2_kings,4 Царств,22,5,14,יְהוָ֔ה,Яхве,Господь
ВЗ,2_kings,4 Царств,22,8,11,יְהוָ֑ה,Яхве,Господь
ВЗ,2_kings,4 Царств,22,9,23,יְהוָֽה\׃,Яхве,Господь
ВЗ,2_kings,4 Царств,22,10,4,לֵאמֹ֔ר,"к, говоря",говоря
ВЗ,2_kings,4 Царств,22,11,0,וַֽיְהִי֙,"и, оно был",и было
ВЗ,2_kings,4 Царств,22,12,20,לֵאמֹֽר\׃,"к, говоря",говоря
ВЗ,2_kings,4 Царств,22,13,3,יְהוָ֜ה,Яхве,Господь
ВЗ,2_kings,4 Царств,22,13,18,יְהוָ֗ה,Яхве,Господь
ВЗ,2_kings,4 Царств,22,15,4,יְהוָ֖ה,Яхве,Господь
ВЗ,2_kings,4 Царств,22,16,2,יְהוָ֔ה,Яхве,Господь
ВЗ,2_kings,4 Царств,22,18,7,יְהוָ֔ה,Яхве,Господь
ВЗ,2_kings,4 Царств,22,18,10,אֵלָ֑יו,"к, его",к нему
ВЗ,2_kings,4 Царств,22,18,13,יְהוָה֙,Яхве,Господь
ВЗ,2_kings,4 Царств,22,19,5,יְהוָ֗ה,Яхве,Господь
ВЗ,2_kings,4 Царств,22,19,26,יְהוָֽה\׃,Яхве,Господь
ВЗ,2_kings,4 Царств,23,1,3,אֵלָ֔יו,"к, его",к нему
ВЗ,2_kings,4 Царств,23,2,3,יְהוָ֡ה,Яхве,Господь
ВЗ,2_kings,4 Царств,23,2,27,יְהוָֽה\׃,Яхве,Господь
ВЗ,2_kings,4 Царств,23,3,8,יְהוָ֗ה,Яхве,Господь
ВЗ,2_kings,4 Царств,23,3,11,יְהוָה֙,Яхве,Господь
ВЗ,2_kings,4 Царств,23,4,14,יְהוָ֔ה,Яхве,Господь
ВЗ,2_kings,4 Царств,23,6,4,יְהוָ֜ה,Яхве,Господь
ВЗ,2_kings,4 Царств,23,7,6,יְהוָ֑ה,Яхве,Господь
ВЗ,2_kings,4 Царств,23,9,7,יְהוָ֖ה,Яхве,Господь
ВЗ,2_kings,4 Царств,23,11,10,יְהוָ֔ה,Яхве,Господь
ВЗ,2_kings,4 Царств,23,12,19,יְהוָ֖ה,Яхве,Господь
ВЗ,2_kings,4 Царств,23,16,19,יְהוָ֗ה,Яхве,Господь
ВЗ,2_kings,4 Царств,23,17,8,אֵלָ֜יו,"к, его",к нему
ВЗ,2_kings,4 Царств,23,18,2,ל֔וֹ,"к, его",к нему
ВЗ,2_kings,4 Царств,23,21,5,לֵאמֹ֔ר,"к, говоря",говоря
ВЗ,2_kings,4 Царств,23,21,8,לַֽיהוָ֖ה,"к, Яхве","к, Господь"
ВЗ,2_kings,4 Царств,23,23,10,לַיהוָ֖ה,"к, Яхве","к, Господь"
ВЗ,2_kings,4 Царств,23,24,32,יְהוָֽה\׃,Яхве,Господь
ВЗ,2_kings,4 Царств,23,25,0,וְכָמֹהוּ֩,"и, как, его","и, как нему"
ВЗ,2_kings,4 Царств,23,25,8,יְהוָה֙,Яхве,Господь
ВЗ,2_kings,4 Царств,23,25,21,כָּמֹֽהוּ\׃,"как, его",как нему
ВЗ,2_kings,4 Царств,23,26,3,יְהוָ֗ה,Яхве,Господь
ВЗ,2_kings,4 Царств,23,27,1,יְהוָ֗ה,Яхве,Господь
ВЗ,2_kings,4 Царств,23,32,3,יְהוָ֑ה,Яхве,Господь
ВЗ,2_kings,4 Царств,23,37,3,יְהוָ֑ה,Яхве,Господь
ВЗ,2_kings,4 Царств,24,2,1,יְהוָ֣ה\׀,Яхве,Господь
ВЗ,2_kings,4 Царств,24,2,20,יְהוָ֔ה,Яхве,Господь
ВЗ,2_kings,4 Царств,24,3,3,יְהוָ֗ה,Яхве,Господь
ВЗ,2_kings,4 Царств,24,4,12,יְהוָ֖ה,Яхве,Господь
ВЗ,2_kings,4 Царств,24,9,3,יְהוָ֑ה,Яхве,Господь
ВЗ,2_kings,4 Царств,24,10,8,וַתָּבֹ֥א,"и, оно пришёл","и, было"
ВЗ,2_kings,4 Царств,24,13,6,יְהוָ֔ה,Яхве,Господь
ВЗ,2_kings,4 Царств,24,13,21,יְהוָ֔ה,Яхве,Господь
ВЗ,2_kings,4 Царств,24,13,24,יְהוָֽה\׃,Яхве,Господь
ВЗ,2_kings,4 Царств,24,19,3,יְהוָ֑ה,Яхве,Господь
ВЗ,2_kings,4 Царств,24,20,3,יְהוָ֗ה,Яхве,Господь
ВЗ,2_kings,4 Царств,25,1,0,וַיְהִי֩,"и, оно был",и было
ВЗ,2_kings,4 Царств,25,2,0,וַתָּבֹ֥א,"и, оно пришёл","и, было"
ВЗ,2_kings,4 Царств,25,3,4,וַיֶּחֱזַ֥ק,"и, оно был севере",и было севере
ВЗ,2_kings,4 Царств,25,4,0,וַתִּבָּקַ֣ע,"и, оно был сломанный в",и было сломанный в
ВЗ,2_kings,4 Царств,25,9,3,יְהוָ֖ה,Яхве,Господь
ВЗ,2_kings,4 Царств,25,13,5,יְהוָ֗ה,Яхве,Господь
ВЗ,2_kings,4 Царств,25,13,13,יְהוָ֖ה,Яхве,Господь
ВЗ,2_kings,4 Царств,25,16,9,יְהוָ֑ה,Яхве,Господь
ВЗ,2_kings,4 Царств,25,25,0,וַיְהִ֣י\׀,"и, оно был",и было
ВЗ,2_kings,4 Царств,25,27,0,וַיְהִי֩,"и, оно был",и было
ВЗ,2_kings,4 Царств,25,27,1,בִשְׁלֹשִׁ֨ים,"в, тридцать",в тридцатый
ВЗ,2_kings,4 Царств,25,30,4,לּ֛וֹ,"к, его",к нему
ВЗ,1_chronicles,1 Паралипоменон,2,3,7,ל֔וֹ,"к, его",к нему
ВЗ,1_chronicles,1 Паралипоменон,2,3,17,יְהוָ֖ה,Яхве,Господь
ВЗ,1_chronicles,1 Паралипоменон,2,4,3,לּ֖וֹ,"к, его",к нему
ВЗ,1_chronicles,1 Паралипоменон,2,9,4,ל֑וֹ,"к, его",к нему
ВЗ,1_chronicles,1 Паралипоменон,2,19,8,ל֖וֹ,"к, его",к нему
ВЗ,1_chronicles,1 Паралипоменон,2,21,15,ל֖וֹ,"к, его",к нему
ВЗ,1_chronicles,1 Паралипоменон,2,22,5,ל֗וֹ,"к, его",к нему
ВЗ,1_chronicles,1 Паралипоменон,2,24,9,ל֔וֹ,"к, его",к нему
ВЗ,1_chronicles,1 Паралипоменон,2,29,5,ל֔וֹ,"к, его",к нему
ВЗ,1_chronicles,1 Паралипоменон,2,35,8,ל֖וֹ,"к, его",к нему
ВЗ,1_chronicles,1 Паралипоменон,2,47,3,וְיוֹתָ֛ם,"и, Джофам","и, Иоафам"
ВЗ,1_chronicles,1 Паралипоменон,3,1,6,ל֖וֹ,"к, его",к нему
ВЗ,1_chronicles,1 Паралипоменон,3,4,2,ל֣וֹ,"к, его",к нему
ВЗ,1_chronicles,1 Паралипоменон,3,5,2,ל֖וֹ,"к, его",к нему
ВЗ,1_chronicles,1 Паралипоменон,3,12,4,יוֹתָ֥ם,Джофам,Иоафам
ВЗ,1_chronicles,1 Паралипоменон,4,6,1,ל֤וֹ,"к, его",к нему
ВЗ,1_chronicles,1 Паралипоменон,4,9,8,לֵאמֹ֔ר,"к, говоря",говоря
ВЗ,1_chronicles,1 Паралипоменон,4,10,4,לֵאמֹ֗ר,"к, говоря",говоря
ВЗ,1_chronicles,1 Паралипоменон,5,17,3,יוֹתָ֣ם,Джофам,Иоафам
ВЗ,1_chronicles,1 Паралипоменон,7,5,9,הִתְיַחְשָׂ֖ם,"рекординг генеалогй, они","рекординг генеалогия, они"
ВЗ,1_chronicles,1 Паралипоменон,7,7,13,וְהִתְיַחְשָׂ֗ם,"и, рекординг генеалогй, они","и, рекординг генеалогия, они"
ВЗ,1_chronicles,1 Паралипоменон,7,9,0,וְהִתְיַחְשָׂ֣ם,"и, рекординг генеалогй, они","и, рекординг генеалогия, они"
ВЗ,1_chronicles,1 Паралипоменон,7,40,12,וְהִתְיַחְשָׂ֤ם,"и, рекординг генеалогй, они","и, рекординг генеалогия, они"
ВЗ,1_chronicles,1 Паралипоменон,9,19,20,יְהוָ֔ה,Яхве,Господь
ВЗ,1_chronicles,1 Паралипоменон,9,20,7,יְהוָ֥ה\׀,Яхве,Господь
ВЗ,1_chronicles,1 Паралипоменон,9,22,9,הִתְיַחְשָׂ֔ם,"рекординг генеалогй, они","рекординг генеалогия, они"
ВЗ,1_chronicles,1 Паралипоменон,9,23,5,יְהוָ֛ה,Яхве,Господь
ВЗ,1_chronicles,1 Паралипоменон,9,27,6,מִשְׁמֶ֔רֶת,дутй,долг
ВЗ,1_chronicles,1 Паралипоменон,10,3,0,וַתִּכְבַּ֤ד,"и, оно был тяжёлый",и было тяжёлый
ВЗ,1_chronicles,1 Паралипоменон,10,8,0,וַיְהִי֙,"и, оно был",и было
ВЗ,1_chronicles,1 Паралипоменон,10,13,5,בַּֽיהוָ֔ה,"против, Яхве","против, Господь"
ВЗ,1_chronicles,1 Паралипоменон,10,13,8,יְהוָ֖ה,Яхве,Господь
ВЗ,1_chronicles,1 Паралипоменон,10,14,2,בַּֽיהוָ֖ה,"в, Яхве","в, Господь"
ВЗ,1_chronicles,1 Паралипоменон,11,1,6,לֵאמֹ֑ר,"к, говоря",говоря
ВЗ,1_chronicles,1 Паралипоменон,11,2,14,יְהוָ֨ה,Яхве,Господь
ВЗ,1_chronicles,1 Паралипоменон,11,3,13,יְהוָ֑ה,Яхве,Господь
ВЗ,1_chronicles,1 Паралипоменон,11,3,21,יְהוָ֖ה,Яхве,Господь
ВЗ,1_chronicles,1 Паралипоменон,11,9,4,וַיהוָ֥ה,"и, Яхве","и, Господь"
ВЗ,1_chronicles,1 Паралипоменон,11,10,13,יְהוָ֖ה,Яхве,Господь
ВЗ,1_chronicles,1 Паралипоменон,11,13,10,וַתְּהִ֛י,"и, оно был",и было
ВЗ,1_chronicles,1 Паралипоменон,11,14,8,יְהוָ֖ה,Яхве,Господь
ВЗ,1_chronicles,1 Паралипоменон,11,18,21,לַיהוָֽה\׃,"к, Яхве","к, Господь"
ВЗ,1_chronicles,1 Паралипоменон,11,20,15,וְלוֹ,"и, принадлежал к, его","и, принадлежал к нему"
ВЗ,1_chronicles,1 Паралипоменон,11,23,15,אֵלָ֖יו,"к, его",к нему
ВЗ,1_chronicles,1 Паралипоменон,11,24,5,וְלוֹ\־,"и, принадлежал к, его","и, принадлежал к нему"
ВЗ,1_chronicles,1 Паралипоменон,13,2,9,יְהוָ֣ה,Яхве,Господь
ВЗ,1_chronicles,1 Паралипоменон,13,6,15,יְהוָ֛ה,Яхве,Господь
ВЗ,1_chronicles,1 Паралипоменон,13,10,2,יְהוָה֙,Яхве,Господь
ВЗ,1_chronicles,1 Паралипоменон,13,11,4,יְהוָ֛ה,Яхве,Господь
ВЗ,1_chronicles,1 Паралипоменон,13,12,6,לֵאמֹ֑ר,"к, говоря",говоря
ВЗ,1_chronicles,1 Паралипоменон,13,14,11,יְהוָ֛ה,Яхве,Господь
ВЗ,1_chronicles,1 Паралипоменон,13,14,19,לֽוֹ\׃\ \פ,"принадлежал к, его",принадлежал к нему
ВЗ,1_chronicles,1 Паралипоменон,14,2,4,יְהוָ֛ה,Яхве,Господь
ВЗ,1_chronicles,1 Паралипоменон,14,4,5,ל֖וֹ,"к, его",к нему
ВЗ,1_chronicles,1 Паралипоменон,14,10,3,לֵאמֹ֔ר,"к, говоря",говоря
ВЗ,1_chronicles,1 Паралипоменон,14,10,10,ל֤וֹ,"к, его",к нему
ВЗ,1_chronicles,1 Паралипоменон,14,10,11,יְהוָה֙,Яхве,Господь
ВЗ,1_chronicles,1 Паралипоменон,14,14,5,לוֹ֙,"к, его",к нему
ВЗ,1_chronicles,1 Паралипоменон,14,17,5,וַֽיהוָ֛ה,"и, Яхве","и, Господь"
ВЗ,1_chronicles,1 Паралипоменон,15,2,14,יְהוָ֗ה,Яхве,Господь
ВЗ,1_chronicles,1 Паралипоменон,15,2,18,יְהוָ֛ה,Яхве,Господь
ВЗ,1_chronicles,1 Паралипоменон,15,3,10,יְהוָ֔ה,Яхве,Господь
ВЗ,1_chronicles,1 Паралипоменон,15,12,12,יְהוָה֙,Яхве,Господь
ВЗ,1_chronicles,1 Паралипоменон,15,13,5,יְהוָ֤ה,Яхве,Господь
ВЗ,1_chronicles,1 Паралипоменон,15,14,6,יְהוָ֖ה,Яхве,Господь
ВЗ,1_chronicles,1 Паралипоменон,15,15,10,יְהוָ֑ה,Яхве,Господь
ВЗ,1_chronicles,1 Паралипоменон,15,25,0,וַיְהִ֥י,"и, оно был",и было
ВЗ,1_chronicles,1 Паралипоменон,15,25,11,יְהוָ֛ה,Яхве,Господь
ВЗ,1_chronicles,1 Паралипоменон,15,26,0,וַֽיְהִי֙,"и, оно был",и было
ВЗ,1_chronicles,1 Паралипоменон,15,26,8,יְהוָ֑ה,Яхве,Господь
ВЗ,1_chronicles,1 Паралипоменон,15,28,6,יְהוָ֔ה,Яхве,Господь
ВЗ,1_chronicles,1 Паралипоменон,15,29,0,וַיְהִ֗י,"и, оно был",и было
ВЗ,1_chronicles,1 Паралипоменон,15,29,3,יְהוָ֔ה,Яхве,Господь
ВЗ,1_chronicles,1 Паралипоменон,15,29,21,ל֖וֹ,"к, его",к нему
ВЗ,1_chronicles,1 Паралипоменон,16,2,9,יְהוָֽה\׃,Яхве,Господь
ВЗ,1_chronicles,1 Паралипоменон,16,4,3,יְהוָ֛ה,Яхве,Господь
ВЗ,1_chronicles,1 Паралипоменон,16,4,10,לַיהוָ֖ה,"к, Яхве","к, Господь"
ВЗ,1_chronicles,1 Паралипоменон,16,7,7,לַיהוָ֑ה,"к, Яхве","к, Господь"
ВЗ,1_chronicles,1 Паралипоменон,16,8,1,לַֽיהוָה֙,"к, Яхве","к, Господь"
ВЗ,1_chronicles,1 Паралипоменон,16,9,1,לוֹ֙,"к, его",к нему
ВЗ,1_chronicles,1 Паралипоменон,16,9,3,ל֔וֹ,"к, его",к нему
ВЗ,1_chronicles,1 Паралипоменон,16,10,6,יְהוָֽה\׃,Яхве,Господь
ВЗ,1_chronicles,1 Паралипоменон,16,11,1,יְהוָה֙,Яхве,Господь
ВЗ,1_chronicles,1 Паралипоменон,16,14,1,יְהוָ֣ה,есть Яхве,есть Господь
ВЗ,1_chronicles,1 Паралипоменон,16,18,0,לֵאמֹ֗ר,"к, говоря",говоря
ВЗ,1_chronicles,1 Паралипоменон,16,23,1,לַֽיהוָה֙,"к, Яхве","к, Господь"
ВЗ,1_chronicles,1 Паралипоменон,16,25,2,יְהוָ֤ה,Яхве,Господь
ВЗ,1_chronicles,1 Паралипоменон,16,26,5,וַיהוָ֖ה,"и, Яхве","и, Господь"
ВЗ,1_chronicles,1 Паралипоменон,16,28,1,לַֽיהוָה֙,"к, Яхве","к, Господь"
ВЗ,1_chronicles,1 Паралипоменон,16,28,5,לַיהוָ֖ה,"к, Яхве","к, Господь"
ВЗ,1_chronicles,1 Паралипоменон,16,29,1,לַיהוָ֖ה,"к, Яхве","к, Господь"
ВЗ,1_chronicles,1 Паралипоменон,16,29,9,לַיהוָ֖ה,"к, Яхве","к, Господь"
ВЗ,1_chronicles,1 Паралипоменон,16,31,6,יְהוָ֥ה,Яхве,Господь
ВЗ,1_chronicles,1 Паралипоменон,16,33,5,יְהוָ֔ה,Яхве,Господь
ВЗ,1_chronicles,1 Паралипоменон,16,34,1,לַיהוָה֙,"к, Яхве","к, Господь"
ВЗ,1_chronicles,1 Паралипоменон,16,36,1,יְהוָה֙,Яхве,Господь
ВЗ,1_chronicles,1 Паралипоменон,16,36,13,לַֽיהוָֽה\׃\ \פ,"к, Яхве","к, Господь"
ВЗ,1_chronicles,1 Паралипоменон,16,37,5,יְהוָ֔ה,Яхве,Господь
ВЗ,1_chronicles,1 Паралипоменон,16,39,7,יְהוָ֑ה,Яхве,Господь
ВЗ,1_chronicles,1 Паралипоменон,16,40,2,לַיהוָ֜ה,"к, Яхве","к, Господь"
ВЗ,1_chronicles,1 Паралипоменон,16,40,12,יְהוָ֔ה,Яхве,Господь
ВЗ,1_chronicles,1 Паралипоменон,16,41,9,לַֽיהוָ֔ה,"к, Яхве","к, Господь"
ВЗ,1_chronicles,1 Паралипоменон,17,1,0,וַיְהִ֕י,"и, оно был",и было
ВЗ,1_chronicles,1 Паралипоменон,17,1,17,יְהוָ֖ה,Яхве,Господь
ВЗ,1_chronicles,1 Паралипоменон,17,3,0,וַֽיְהִ֖י,"и, оно был",и было
ВЗ,1_chronicles,1 Паралипоменон,17,3,3,וַיְהִי֙,"и, оно пришёл","и, было"
ВЗ,1_chronicles,1 Паралипоменон,17,3,8,לֵאמֹֽר\׃,"к, говоря",говоря
ВЗ,1_chronicles,1 Паралипоменон,17,4,7,יְהוָ֑ה,Яхве,Господь
ВЗ,1_chronicles,1 Паралипоменон,17,5,14,מֵאֹ֥הֶל,"от, шатёр",из шатра
ВЗ,1_chronicles,1 Паралипоменон,17,6,16,לֵאמֹ֑ר,"к, говоря",говоря
ВЗ,1_chronicles,1 Паралипоменон,17,7,7,יְהוָ֣ה,Яхве,Господь
ВЗ,1_chronicles,1 Паралипоменон,17,10,16,יְהוָֽה\׃,Яхве,Господь
ВЗ,1_chronicles,1 Паралипоменон,17,16,5,יְהוָ֑ה,Яхве,Господь
ВЗ,1_chronicles,1 Паралипоменон,17,16,9,יְהוָ֤ה,О Яхве,О Господь
ВЗ,1_chronicles,1 Паралипоменон,17,17,0,וַתִּקְטַ֨ן,"и, оно был малый",и было малый
ВЗ,1_chronicles,1 Паралипоменон,17,17,13,יְהוָ֥ה,О Яхве,О Господь
ВЗ,1_chronicles,1 Паралипоменон,17,19,0,יְהוָ֕ה,О Яхве,О Господь
ВЗ,1_chronicles,1 Паралипоменон,17,20,0,יְהוָה֙,О Яхве,О Господь
ВЗ,1_chronicles,1 Паралипоменон,17,22,9,יְהוָ֔ה,О Яхве,О Господь
ВЗ,1_chronicles,1 Паралипоменон,17,23,1,יְהוָ֔ה,О Яхве,О Господь
ВЗ,1_chronicles,1 Паралипоменон,17,24,5,לֵאמֹ֔ר,"к, говоря",говоря
ВЗ,1_chronicles,1 Паралипоменон,17,24,6,יְהוָ֤ה,Яхве,Господь
ВЗ,1_chronicles,1 Паралипоменон,17,26,1,יְהוָ֔ה,О Яхве,О Господь
ВЗ,1_chronicles,1 Паралипоменон,17,27,11,יְהוָה֙,О Яхве,О Господь
ВЗ,1_chronicles,1 Паралипоменон,18,1,0,וַיְהִי֙,"и, оно был",и было
ВЗ,1_chronicles,1 Паралипоменон,18,5,0,וַיָּבֹא֙,"и, оно пришёл","и, было"
ВЗ,1_chronicles,1 Паралипоменон,18,6,11,יְהוָה֙,Яхве,Господь
ВЗ,1_chronicles,1 Паралипоменон,18,11,5,לַיהוָ֔ה,"к, Яхве","к, Господь"
ВЗ,1_chronicles,1 Паралипоменон,18,13,9,יְהוָה֙,Яхве,Господь
ВЗ,1_chronicles,1 Паралипоменон,19,1,0,וַיְהִי֙,"и, оно был",и было
ВЗ,1_chronicles,1 Паралипоменон,19,13,7,וַֽיהוָ֔ה,"и, Яхве","и, Господь"
ВЗ,1_chronicles,1 Паралипоменон,19,17,0,וַיֻּגַּ֣ד,"и, оно был сказал",и было сказал
ВЗ,1_chronicles,1 Паралипоменон,20,1,0,וַיְהִ֡י,"и, оно был",и было
ВЗ,1_chronicles,1 Паралипоменон,20,2,14,וַתְּהִ֖י,"и, оно был",и было
ВЗ,1_chronicles,1 Паралипоменон,20,4,0,וַיְהִי֙,"и, оно был",и было
ВЗ,1_chronicles,1 Паралипоменон,20,5,0,וַתְּהִי\־,"и, оно был",и было
ВЗ,1_chronicles,1 Паралипоменон,20,6,0,וַתְּהִי\־,"и, оно был",и было
ВЗ,1_chronicles,1 Паралипоменон,21,3,3,יְהוָ֨ה,Яхве,Господь
ВЗ,1_chronicles,1 Паралипоменон,21,5,8,וַיְהִ֣י,"и, оно был",и было
ВЗ,1_chronicles,1 Паралипоменон,21,7,0,וַיֵּ֙רַע֙,"и, оно был дисплеасинг",и было дисплеасинг
ВЗ,1_chronicles,1 Паралипоменон,21,9,1,יְהוָה֙,Яхве,Господь
ВЗ,1_chronicles,1 Паралипоменон,21,9,6,לֵאמֹֽר\׃,"к, говоря",говоря
ВЗ,1_chronicles,1 Паралипоменон,21,10,4,לֵאמֹ֗ר,"к, говоря",говоря
ВЗ,1_chronicles,1 Паралипоменон,21,10,7,יְהוָ֔ה,Яхве,Господь
ВЗ,1_chronicles,1 Паралипоменон,21,11,5,ל֛וֹ,"к, его",к нему
ВЗ,1_chronicles,1 Паралипоменон,21,11,8,יְהוָ֖ה,Яхве,Господь
ВЗ,1_chronicles,1 Паралипоменон,21,12,17,יְהוָ֤ה,Яхве,Господь
ВЗ,1_chronicles,1 Паралипоменон,21,12,21,יְהוָ֔ה,Яхве,Господь
ВЗ,1_chronicles,1 Паралипоменон,21,13,10,יְהוָ֗ה,Яхве,Господь
ВЗ,1_chronicles,1 Паралипоменон,21,14,1,יְהוָ֛ה,Яхве,Господь
ВЗ,1_chronicles,1 Паралипоменон,21,15,7,יְהוָה֙,Яхве,Господь
ВЗ,1_chronicles,1 Паралипоменон,21,15,19,יְהוָה֙,Яхве,Господь
ВЗ,1_chronicles,1 Паралипоменон,21,16,7,יְהוָה֙,Яхве,Господь
ВЗ,1_chronicles,1 Паралипоменон,21,17,20,יְהוָ֣ה,О Яхве,О Господь
ВЗ,1_chronicles,1 Паралипоменон,21,18,1,יְהוָ֛ה,Яхве,Господь
ВЗ,1_chronicles,1 Паралипоменон,21,18,12,לַיהוָ֔ה,"к, Яхве","к, Господь"
ВЗ,1_chronicles,1 Паралипоменон,21,19,7,יְהוָֽה\׃,Яхве,Господь
ВЗ,1_chronicles,1 Паралипоменон,21,22,11,לַיהוָ֑ה,"к, Яхве","к, Господь"
ВЗ,1_chronicles,1 Паралипоменон,21,24,15,לַיהוָ֔ה,"для, Яхве","для, Господь"
ВЗ,1_chronicles,1 Паралипоменон,21,26,4,לַיהוָ֔ה,"к, Яхве","к, Господь"
ВЗ,1_chronicles,1 Паралипоменон,21,26,10,יְהוָ֔ה,Яхве,Господь
ВЗ,1_chronicles,1 Паралипоменон,21,27,1,יְהוָה֙,Яхве,Господь
ВЗ,1_chronicles,1 Паралипоменон,21,28,6,יְהוָ֔ה,Яхве,Господь
ВЗ,1_chronicles,1 Паралипоменон,21,29,1,יְ֠הוָה,Яхве,Господь
ВЗ,1_chronicles,1 Паралипоменон,21,30,12,יְהוָֽה\׃\ \ס,Яхве,Господь
ВЗ,1_chronicles,1 Паралипоменон,22,1,5,יְהוָ֣ה,Яхве,Господь
ВЗ,1_chronicles,1 Паралипоменон,22,5,8,לַיהוָ֗ה,"для, Яхве","для, Господь"
ВЗ,1_chronicles,1 Паралипоменон,22,6,6,לַיהוָ֖ה,"для, Яхве","для, Господь"
ВЗ,1_chronicles,1 Паралипоменон,22,7,11,יְהוָ֥ה,Яхве,Господь
ВЗ,1_chronicles,1 Паралипоменон,22,8,0,וַיְהִ֨י,"и, оно пришёл","и, было"
ВЗ,1_chronicles,1 Паралипоменон,22,8,3,יְהוָה֙,Яхве,Господь
ВЗ,1_chronicles,1 Паралипоменон,22,8,4,לֵאמֹ֔ר,"к, говоря",говоря
ВЗ,1_chronicles,1 Паралипоменон,22,9,9,ל֛וֹ,"к, его",к нему
ВЗ,1_chronicles,1 Паралипоменон,22,11,3,יְהוָ֖ה,Яхве,Господь
ВЗ,1_chronicles,1 Паралипоменон,22,11,8,יְהוָ֣ה,Яхве,Господь
ВЗ,1_chronicles,1 Паралипоменон,22,12,3,יְהוָה֙,Яхве,Господь
ВЗ,1_chronicles,1 Паралипоменон,22,12,12,יְהוָ֥ה,Яхве,Господь
ВЗ,1_chronicles,1 Паралипоменон,22,13,11,יְהוָ֛ה,Яхве,Господь
ВЗ,1_chronicles,1 Паралипоменон,22,14,4,יְהוָ֗ה,Яхве,Господь
ВЗ,1_chronicles,1 Паралипоменон,22,16,9,יְהוָ֖ה,Яхве,Господь
ВЗ,1_chronicles,1 Паралипоменон,22,18,1,יְהוָ֤ה,есть Яхве,есть Господь
ВЗ,1_chronicles,1 Паралипоменон,22,18,16,יְהוָ֖ה,Яхве,Господь
ВЗ,1_chronicles,1 Паралипоменон,22,19,5,לַיהוָ֣ה,"к, Яхве","к, Господь"
ВЗ,1_chronicles,1 Паралипоменон,22,19,11,יְהוָ֣ה,Яхве,Господь
ВЗ,1_chronicles,1 Паралипоменон,22,19,17,יְהוָ֗ה,Яхве,Господь
ВЗ,1_chronicles,1 Паралипоменон,22,19,24,יְהוָֽה\׃\ \פ,Яхве,Господь
ВЗ,1_chronicles,1 Паралипоменон,23,3,6,וַיְהִ֨י,"и, оно был",и было
ВЗ,1_chronicles,1 Паралипоменон,23,4,5,יְהוָ֔ה,Яхве,Господь
ВЗ,1_chronicles,1 Паралипоменон,23,5,6,לַיהוָ֔ה,"к, Яхве","к, Господь"
ВЗ,1_chronicles,1 Паралипоменон,23,13,15,יְהוָ֧ה,Яхве,Господь
ВЗ,1_chronicles,1 Паралипоменон,23,22,4,ל֛וֹ,"к, его",к нему
ВЗ,1_chronicles,1 Паралипоменон,23,24,15,יְהוָ֑ה,Яхве,Господь
ВЗ,1_chronicles,1 Паралипоменон,23,25,4,יְהוָ֥ה,Яхве,Господь
ВЗ,1_chronicles,1 Паралипоменон,23,28,7,יְהוָ֔ה,Яхве,Господь
ВЗ,1_chronicles,1 Паралипоменон,23,30,5,לַיהוָ֑ה,"к, Яхве","к, Господь"
ВЗ,1_chronicles,1 Паралипоменон,23,31,3,לַיהוָ֔ה,"к, Яхве","к, Господь"
ВЗ,1_chronicles,1 Паралипоменон,23,31,12,יְהוָֽה\׃,Яхве,Господь
ВЗ,1_chronicles,1 Паралипоменон,23,32,2,מִשְׁמֶ֣רֶת,дутй,долг
ВЗ,1_chronicles,1 Паралипоменон,23,32,6,מִשְׁמֶ֣רֶת,дутй,долг
ВЗ,1_chronicles,1 Паралипоменон,23,32,8,וּמִשְׁמֶ֕רֶת,"и, дутй","и, долг"
ВЗ,1_chronicles,1 Паралипоменон,23,32,14,יְהוָֽה\׃\ \פ,Яхве,Господь
ВЗ,1_chronicles,1 Паралипоменон,24,19,5,יְהוָה֙,Яхве,Господь
ВЗ,1_chronicles,1 Паралипоменон,24,19,12,יְהוָ֖ה,Яхве,Господь
ВЗ,1_chronicles,1 Паралипоменон,24,28,4,ל֖וֹ,"к, его",к нему
ВЗ,1_chronicles,1 Паралипоменон,25,1,13,וַֽיְהִי֙,"и, оно был",и было
ВЗ,1_chronicles,1 Паралипоменон,25,3,18,לַיהוָֽה\׃\ \ס,"к, Яхве","к, Господь"
ВЗ,1_chronicles,1 Паралипоменон,25,6,7,יְהוָ֗ה,Яхве,Господь
ВЗ,1_chronicles,1 Паралипоменон,25,7,0,וַיְהִ֤י,"и, оно был",и было
ВЗ,1_chronicles,1 Паралипоменон,25,7,6,לַיהוָ֑ה,"к, Яхве","к, Господь"
ВЗ,1_chronicles,1 Паралипоменон,25,8,2,מִשְׁמֶ֗רֶת,дутй,долг
ВЗ,1_chronicles,1 Паралипоменон,26,12,10,יְהוָֽה\׃,Яхве,Господь
ВЗ,1_chronicles,1 Паралипоменон,26,14,10,וַיֵּצֵ֥א,"и, оно пришёл вне","и, было вне"
ВЗ,1_chronicles,1 Паралипоменон,26,22,8,יְהוָֽה\׃,Яхве,Господь
ВЗ,1_chronicles,1 Паралипоменон,26,27,7,יְהוָֽה\׃,Яхве,Господь
ВЗ,1_chronicles,1 Паралипоменон,26,30,16,יְהוָ֔ה,Яхве,Господь
ВЗ,1_chronicles,1 Паралипоменон,26,31,11,וַיִּמָּצֵ֥א,"и, оно был нашёл",и было нашёл
ВЗ,1_chronicles,1 Паралипоменон,27,23,10,יְהוָ֔ה,Яхве,Господь
ВЗ,1_chronicles,1 Паралипоменон,27,24,7,וַיְהִ֥י,"и, оно был",и было
ВЗ,1_chronicles,1 Паралипоменон,28,2,17,יְהוָ֗ה,Яхве,Господь
ВЗ,1_chronicles,1 Паралипоменон,28,4,1,יְהוָ֣ה,Яхве,Господь
ВЗ,1_chronicles,1 Паралипоменон,28,5,7,יְהוָ֑ה,Яхве,Господь
ВЗ,1_chronicles,1 Паралипоменон,28,5,15,יְהוָ֖ה,Яхве,Господь
ВЗ,1_chronicles,1 Паралипоменон,28,8,5,יְהוָה֙,Яхве,Господь
ВЗ,1_chronicles,1 Паралипоменон,28,8,12,יְהוָ֣ה,Яхве,Господь
ВЗ,1_chronicles,1 Паралипоменон,28,9,16,יְהוָ֔ה,Яхве,Господь
ВЗ,1_chronicles,1 Паралипоменон,28,10,3,יְהוָ֛ה,Яхве,Господь
ВЗ,1_chronicles,1 Паралипоменон,28,12,8,יְהוָ֛ה,Яхве,Господь
ВЗ,1_chronicles,1 Паралипоменон,28,13,7,יְהוָ֑ה,Яхве,Господь
ВЗ,1_chronicles,1 Паралипоменон,28,13,12,יְהוָֽה\׃,Яхве,Господь
ВЗ,1_chronicles,1 Паралипоменон,28,18,14,יְהוָֽה\׃,Яхве,Господь
ВЗ,1_chronicles,1 Паралипоменон,28,19,3,יְהוָ֖ה,Яхве,Господь
ВЗ,1_chronicles,1 Паралипоменон,28,20,12,יְהוָ֨ה,Яхве,Господь
ВЗ,1_chronicles,1 Паралипоменон,28,20,26,יְהוָֽה\׃,Яхве,Господь
ВЗ,1_chronicles,1 Паралипоменон,29,1,20,לַיהוָ֥ה,"для, Яхве","для, Господь"
ВЗ,1_chronicles,1 Паралипоменон,29,5,13,לַיהוָֽה\׃,"к, Яхве","к, Господь"
ВЗ,1_chronicles,1 Паралипоменон,29,8,6,יְהוָ֑ה,Яхве,Господь
ВЗ,1_chronicles,1 Паралипоменон,29,9,8,לַיהוָ֑ה,"к, Яхве","к, Господь"
ВЗ,1_chronicles,1 Паралипоменон,29,10,3,יְהוָ֔ה,Яхве,Господь
ВЗ,1_chronicles,1 Паралипоменон,29,10,11,יְהוָה֙,О Яхве,О Господь
ВЗ,1_chronicles,1 Паралипоменон,29,11,1,יְ֠הוָה,О Яхве,О Господь
ВЗ,1_chronicles,1 Паралипоменон,29,11,12,יְהוָה֙,О Яхве,О Господь
ВЗ,1_chronicles,1 Паралипоменон,29,16,0,יְהוָ֣ה,О Яхве,О Господь
ВЗ,1_chronicles,1 Паралипоменон,29,18,0,יְהוָ֗ה,О Яхве,О Господь
ВЗ,1_chronicles,1 Паралипоменон,29,20,7,יְהוָ֣ה,Яхве,Господь
ВЗ,1_chronicles,1 Паралипоменон,29,20,12,לַיהוָה֙,"к, Яхве","к, Господь"
ВЗ,1_chronicles,1 Паралипоменон,29,20,17,לַיהוָ֖ה,"к, Яхве","к, Господь"
ВЗ,1_chronicles,1 Паралипоменон,29,21,1,לַיהוָ֣ה\׀,"к, Яхве","к, Господь"
ВЗ,1_chronicles,1 Паралипоменон,29,21,5,לַיהוָ֗ה,"к, Яхве","к, Господь"
ВЗ,1_chronicles,1 Паралипоменон,29,22,3,יְהוָ֛ה,Яхве,Господь
ВЗ,1_chronicles,1 Паралипоменон,29,22,14,לַיהוָ֛ה,"к, Яхве","к, Господь"
ВЗ,1_chronicles,1 Паралипоменон,29,23,4,יְהוָ֧ה\׀,Яхве,Господь
ВЗ,1_chronicles,1 Паралипоменон,29,23,11,אֵלָ֖יו,"к, его",к нему
ВЗ,1_chronicles,1 Паралипоменон,29,25,1,יְהוָ֤ה,Яхве,Господь
ВЗ,2_chronicles,2 Паралипоменон,1,1,6,וַיהוָ֤ה,"и, Яхве","и, Господь"
ВЗ,2_chronicles,2 Паралипоменон,1,3,18,יְהוָ֖ה,Яхве,Господь
ВЗ,2_chronicles,2 Паралипоменон,1,5,12,יְהוָ֑ה,Яхве,Господь
ВЗ,2_chronicles,2 Паралипоменон,1,6,7,יְהוָ֔ה,Яхве,Господь
ВЗ,2_chronicles,2 Паралипоменон,1,7,6,ל֔וֹ,"к, его",к нему
ВЗ,2_chronicles,2 Паралипоменон,1,9,1,יְהוָ֣ה,О Яхве,О Господь
ВЗ,2_chronicles,2 Паралипоменон,1,14,5,ל֗וֹ,"к, его",к нему
ВЗ,2_chronicles,2 Паралипоменон,3,1,5,יְהוָה֙,Яхве,Господь
ВЗ,2_chronicles,2 Паралипоменон,4,16,15,יְהוָ֑ה,Яхве,Господь
ВЗ,2_chronicles,2 Паралипоменон,5,1,0,וַתִּשְׁלַם֙,"и, оно был завершённый",и было завершённый
ВЗ,2_chronicles,2 Паралипоменон,5,1,7,יְהוָ֑ה\ \ס,Яхве,Господь
ВЗ,2_chronicles,2 Паралипоменон,5,2,20,יְהוָ֛ה,Яхве,Господь
ВЗ,2_chronicles,2 Паралипоменон,5,7,5,יְהוָ֧ה,Яхве,Господь
ВЗ,2_chronicles,2 Паралипоменон,5,9,13,וַֽיְהִי\־,"и, оно был",и было
ВЗ,2_chronicles,2 Паралипоменон,5,10,11,יְהוָה֙,Яхве,Господь
ВЗ,2_chronicles,2 Паралипоменон,5,11,0,וַיְהִ֕י,"и, оно был",и было
ВЗ,2_chronicles,2 Паралипоменон,5,13,9,לַיהוָה֒,"к, Яхве","к, Господь"
ВЗ,2_chronicles,2 Паралипоменон,5,13,17,לַיהוָה֙,"к, Яхве","к, Господь"
ВЗ,2_chronicles,2 Паралипоменон,5,13,27,יְהוָֽה\׃,Яхве,Господь
ВЗ,2_chronicles,2 Паралипоменон,5,14,10,יְהוָ֖ה,Яхве,Господь
ВЗ,2_chronicles,2 Паралипоменон,6,1,3,יְהוָ֣ה,Яхве,Господь
ВЗ,2_chronicles,2 Паралипоменон,6,4,2,יְהוָה֙,Яхве,Господь
ВЗ,2_chronicles,2 Паралипоменон,6,4,13,לֵאמֹֽר\׃,"к, говоря",говоря
ВЗ,2_chronicles,2 Паралипоменон,6,7,0,וַיְהִ֕י,"и, оно был",и было
ВЗ,2_chronicles,2 Паралипоменон,6,7,8,יְהוָ֖ה,Яхве,Господь
ВЗ,2_chronicles,2 Паралипоменон,6,8,1,יְהוָה֙,Яхве,Господь
ВЗ,2_chronicles,2 Паралипоменон,6,10,1,יְהוָ֔ה,Яхве,Господь
ВЗ,2_chronicles,2 Паралипоменон,6,10,16,יְהוָ֔ה,Яхве,Господь
ВЗ,2_chronicles,2 Паралипоменон,6,10,20,יְהוָ֖ה,Яхве,Господь
ВЗ,2_chronicles,2 Паралипоменон,6,11,7,יְהוָ֑ה,Яхве,Господь
ВЗ,2_chronicles,2 Паралипоменон,6,12,3,יְהוָ֔ה,Яхве,Господь
ВЗ,2_chronicles,2 Паралипоменон,6,14,1,יְהוָ֞ה,О Яхве,О Господь
ВЗ,2_chronicles,2 Паралипоменон,6,15,8,ל֑וֹ,"к, его",к нему
ВЗ,2_chronicles,2 Паралипоменон,6,16,1,יְהוָ֣ה\׀,О Яхве,О Господь
ВЗ,2_chronicles,2 Паралипоменон,6,16,11,לּוֹ֙,"к, его",к нему
ВЗ,2_chronicles,2 Паралипоменон,6,16,12,לֵאמֹ֔ר,"к, говоря",говоря
ВЗ,2_chronicles,2 Паралипоменон,6,17,1,יְהוָ֖ה,О Яхве,О Господь
ВЗ,2_chronicles,2 Паралипоменон,6,19,6,יְהוָ֣ה,О Яхве,О Господь
ВЗ,2_chronicles,2 Паралипоменон,6,23,16,ל֖וֹ,"к, его",к нему
ВЗ,2_chronicles,2 Паралипоменон,6,37,12,לֵאמֹ֔ר,"к, говоря",говоря
ВЗ,2_chronicles,2 Паралипоменон,6,41,2,יְהוָ֤ה,О Яхве,О Господь
ВЗ,2_chronicles,2 Паралипоменон,6,41,9,יְהוָ֤ה,О Яхве,О Господь
ВЗ,2_chronicles,2 Паралипоменон,6,42,0,יְהוָ֣ה,О Яхве,О Господь
ВЗ,2_chronicles,2 Паралипоменон,7,1,4,יָֽרְדָה֙,оно пришёл вниз,было вниз
ВЗ,2_chronicles,2 Паралипоменон,7,1,10,יְהוָ֖ה,Яхве,Господь
ВЗ,2_chronicles,2 Паралипоменон,7,2,6,יְהוָ֑ה,Яхве,Господь
ВЗ,2_chronicles,2 Паралипоменон,7,2,10,יְהוָ֖ה,Яхве,Господь
ВЗ,2_chronicles,2 Паралипоменон,7,2,13,יְהוָֽה\׃,Яхве,Господь
ВЗ,2_chronicles,2 Паралипоменон,7,3,7,יְהוָ֖ה,Яхве,Господь
ВЗ,2_chronicles,2 Паралипоменон,7,3,17,לַיהוָה֙,"к, Яхве","к, Господь"
ВЗ,2_chronicles,2 Паралипоменон,7,4,6,יְהוָֽה\׃\ \ס,Яхве,Господь
ВЗ,2_chronicles,2 Паралипоменон,7,6,7,יְהוָה֙,Яхве,Господь
ВЗ,2_chronicles,2 Паралипоменон,7,6,13,לַיהוָה֙,"к, Яхве","к, Господь"
ВЗ,2_chronicles,2 Паралипоменон,7,7,8,יְהוָ֔ה,Яхве,Господь
ВЗ,2_chronicles,2 Паралипоменон,7,10,16,יְהוָה֙,Яхве,Господь
ВЗ,2_chronicles,2 Паралипоменон,7,11,4,יְהוָ֖ה,Яхве,Господь
ВЗ,2_chronicles,2 Паралипоменон,7,11,16,יְהוָ֛ה,Яхве,Господь
ВЗ,2_chronicles,2 Паралипоменон,7,12,1,יְהוָ֛ה,Яхве,Господь
ВЗ,2_chronicles,2 Паралипоменон,7,12,6,ל֗וֹ,"к, его",к нему
ВЗ,2_chronicles,2 Паралипоменон,7,18,8,לֵאמֹ֔ר,"к, говоря",говоря
ВЗ,2_chronicles,2 Паралипоменон,7,21,12,יְהוָה֙,Яхве,Господь
ВЗ,2_chronicles,2 Паралипоменон,7,22,5,יְהוָ֣ה\׀,Яхве,Господь
ВЗ,2_chronicles,2 Паралипоменон,8,1,0,וַיְהִ֞י,"и, оно был",и было
ВЗ,2_chronicles,2 Паралипоменон,8,1,9,יְהוָ֖ה,Яхве,Господь
ВЗ,2_chronicles,2 Паралипоменон,8,11,28,יְהוָֽה\׃\ \פ,Яхве,Господь
ВЗ,2_chronicles,2 Паралипоменон,8,12,4,לַיהוָ֑ה,"к, Яхве","к, Господь"
ВЗ,2_chronicles,2 Паралипоменон,8,12,7,יְהוָ֔ה,Яхве,Господь
ВЗ,2_chronicles,2 Паралипоменон,8,16,0,וַתִּכֹּן֙,"и, оно был аррангед",и было аррангед
ВЗ,2_chronicles,2 Паралипоменон,8,16,8,יְהוָ֖ה,Яхве,Господь
ВЗ,2_chronicles,2 Паралипоменон,8,16,13,יְהוָֽה\׃\ \ס,Яхве,Господь
ВЗ,2_chronicles,2 Паралипоменон,8,18,1,לוֹ֩,"к, его",к нему
ВЗ,2_chronicles,2 Паралипоменон,9,4,13,יְהוָ֑ה,Яхве,Господь
ВЗ,2_chronicles,2 Паралипоменон,9,8,1,יְהוָ֤ה,Яхве,Господь
ВЗ,2_chronicles,2 Паралипоменон,9,8,11,לַיהוָ֖ה,"для, Яхве","для, Господь"
ВЗ,2_chronicles,2 Паралипоменон,9,11,7,יְהוָה֙,Яхве,Господь
ВЗ,2_chronicles,2 Паралипоменон,9,13,0,וַיְהִי֙,"и, оно был",и было
ВЗ,2_chronicles,2 Паралипоменон,9,13,4,בָּ֥א,оно пришёл,было
ВЗ,2_chronicles,2 Паралипоменон,10,2,0,וַיְהִ֞י,"и, оно был",и было
ВЗ,2_chronicles,2 Паралипоменон,10,3,2,ל֔וֹ,"к, его",к нему
ВЗ,2_chronicles,2 Паралипоменон,10,3,10,לֵאמֹֽר\׃,"к, говоря",говоря
ВЗ,2_chronicles,2 Паралипоменон,10,6,13,לֵאמֹ֑ר,"к, говоря",говоря
ВЗ,2_chronicles,2 Паралипоменон,10,7,1,אֵלָ֜יו,"к, его",к нему
ВЗ,2_chronicles,2 Паралипоменон,10,7,2,לֵאמֹ֗ר,"к, говоря",говоря
ВЗ,2_chronicles,2 Паралипоменон,10,9,13,לֵאמֹ֔ר,"к, говоря",говоря
ВЗ,2_chronicles,2 Паралипоменон,10,10,6,לֵאמֹר֒,"к, говоря",говоря
ВЗ,2_chronicles,2 Паралипоменон,10,10,13,לֵאמֹ֗ר,"к, говоря",говоря
ВЗ,2_chronicles,2 Паралипоменон,10,12,11,לֵאמֹ֔ר,"к, говоря",говоря
ВЗ,2_chronicles,2 Паралипоменон,10,14,4,לֵאמֹ֔ר,"к, говоря",говоря
ВЗ,2_chronicles,2 Паралипоменон,10,15,12,יְהוָ֜ה,Яхве,Господь
ВЗ,2_chronicles,2 Паралипоменон,10,16,11,לֵאמֹ֡ר,"к, говоря",говоря
ВЗ,2_chronicles,2 Паралипоменон,11,2,0,וַיְהִי֙,"и, оно пришёл","и, было"
ВЗ,2_chronicles,2 Паралипоменон,11,2,2,יְהוָ֔ה,Яхве,Господь
ВЗ,2_chronicles,2 Паралипоменон,11,2,7,לֵאמֹֽר\׃,"к, говоря",говоря
ВЗ,2_chronicles,2 Паралипоменон,11,3,12,לֵאמֹֽר\׃,"к, говоря",говоря
ВЗ,2_chronicles,2 Паралипоменон,11,4,2,יְהוָ֡ה,Яхве,Господь
ВЗ,2_chronicles,2 Паралипоменон,11,4,20,יְהוָ֔ה,Яхве,Господь
ВЗ,2_chronicles,2 Паралипоменон,11,12,9,ל֖וֹ,"к, его",к нему
ВЗ,2_chronicles,2 Паралипоменон,11,14,14,לַיהוָֽה\׃,"к, Яхве","к, Господь"
ВЗ,2_chronicles,2 Паралипоменон,11,16,9,יְהוָ֖ה,Яхве,Господь
ВЗ,2_chronicles,2 Паралипоменон,11,16,15,לַיהוָ֖ה,"к, Яхве","к, Господь"
ВЗ,2_chronicles,2 Паралипоменон,11,19,1,ל֖וֹ,"к, его",к нему
ВЗ,2_chronicles,2 Паралипоменон,11,20,7,ל֗וֹ,"к, его",к нему
ВЗ,2_chronicles,2 Паралипоменон,12,1,0,וַיְהִ֗י,"и, оно был",и было
ВЗ,2_chronicles,2 Паралипоменон,12,1,8,יְהוָ֑ה,Яхве,Господь
ВЗ,2_chronicles,2 Паралипоменон,12,2,0,וַיְהִ֞י,"и, оно был",и было
ВЗ,2_chronicles,2 Паралипоменон,12,2,13,בַּיהוָֽה\׃,"против, Яхве","против, Господь"
ВЗ,2_chronicles,2 Паралипоменон,12,5,17,יְהוָ֗ה,Яхве,Господь
ВЗ,2_chronicles,2 Паралипоменон,12,6,6,יְהוָֽה\׃,Яхве,Господь
ВЗ,2_chronicles,2 Паралипоменон,12,7,1,יְהוָה֙,Яхве,Господь
ВЗ,2_chronicles,2 Паралипоменон,12,7,4,הָיָה֩,оно пришёл,было
ВЗ,2_chronicles,2 Паралипоменон,12,7,6,יְהוָ֨ה,Яхве,Господь
ВЗ,2_chronicles,2 Паралипоменон,12,7,9,לֵאמֹ֛ר,"к, говоря",говоря
ВЗ,2_chronicles,2 Паралипоменон,12,9,10,יְהוָ֗ה,Яхве,Господь
ВЗ,2_chronicles,2 Паралипоменон,12,11,0,וַיְהִ֛י,"и, оно был",и было
ВЗ,2_chronicles,2 Паралипоменон,12,11,5,יְהוָ֑ה,Яхве,Господь
ВЗ,2_chronicles,2 Паралипоменон,12,12,4,יְהוָ֔ה,Яхве,Господь
ВЗ,2_chronicles,2 Паралипоменон,12,13,20,יְהוָ֜ה,Яхве,Господь
ВЗ,2_chronicles,2 Паралипоменон,12,14,8,יְהוָֽה\׃\ \ס,Яхве,Господь
ВЗ,2_chronicles,2 Паралипоменон,13,5,4,יְהוָ֣ה\׀,Яхве,Господь
ВЗ,2_chronicles,2 Паралипоменон,13,5,13,ל֥וֹ,"к, его",к нему
ВЗ,2_chronicles,2 Паралипоменон,13,7,1,עָלָ֗יו,"к, его",к нему
ВЗ,2_chronicles,2 Паралипоменон,13,8,6,יְהוָ֔ה,Яхве,Господь
ВЗ,2_chronicles,2 Паралипоменон,13,9,4,יְהוָ֔ה,Яхве,Господь
ВЗ,2_chronicles,2 Паралипоменон,13,10,1,יְהוָ֥ה,Яхве,Господь
ВЗ,2_chronicles,2 Паралипоменон,13,10,7,לַֽיהוָה֙,"к, Яхве","к, Господь"
ВЗ,2_chronicles,2 Паралипоменон,13,11,1,לַיהוָ֡ה,"к, Яхве","к, Господь"
ВЗ,2_chronicles,2 Паралипоменон,13,11,24,מִשְׁמֶ֖רֶת,дутй,долг
ВЗ,2_chronicles,2 Паралипоменон,13,11,25,יְהוָ֣ה,Яхве,Господь
ВЗ,2_chronicles,2 Паралипоменон,13,12,14,יְהוָ֥ה,Яхве,Господь
ВЗ,2_chronicles,2 Паралипоменон,13,14,8,לַיהוָ֑ה,"к, Яхве","к, Господь"
ВЗ,2_chronicles,2 Паралипоменон,13,15,3,וַיְהִ֗י,"и, оно был",и было
ВЗ,2_chronicles,2 Паралипоменон,13,18,11,יְהוָ֖ה,Яхве,Господь
ВЗ,2_chronicles,2 Паралипоменон,13,20,8,יְהוָ֖ה,Яхве,Господь
ВЗ,2_chronicles,2 Паралипоменон,15,2,4,ל֔וֹ,"к, его",к нему
ВЗ,2_chronicles,2 Паралипоменон,15,2,10,יְהוָ֤ה,Яхве,Господь
ВЗ,2_chronicles,2 Паралипоменон,15,4,4,יְהוָ֖ה,Яхве,Господь
ВЗ,2_chronicles,2 Паралипоменон,15,8,25,יְהוָ֔ה,Яхве,Господь
ВЗ,2_chronicles,2 Паралипоменон,15,8,29,יְהוָֽה\׃,Яхве,Господь
ВЗ,2_chronicles,2 Паралипоменон,15,9,17,יְהוָ֥ה,Яхве,Господь
ВЗ,2_chronicles,2 Паралипоменон,15,11,1,לַיהוָה֙,"к, Яхве","к, Господь"
ВЗ,2_chronicles,2 Паралипоменон,15,12,4,יְהוָ֖ה,Яхве,Господь
ВЗ,2_chronicles,2 Паралипоменон,15,13,4,לַיהוָ֥ה,"к, Яхве","к, Господь"
ВЗ,2_chronicles,2 Паралипоменон,15,14,1,לַיהוָ֔ה,"к, Яхве","к, Господь"
ВЗ,2_chronicles,2 Паралипоменон,15,15,15,יְהוָ֛ה,Яхве,Господь
ВЗ,2_chronicles,2 Паралипоменон,16,2,6,יְהוָ֖ה,Яхве,Господь
ВЗ,2_chronicles,2 Паралипоменон,16,2,17,לֵאמֹֽר\׃,"к, говоря",говоря
ВЗ,2_chronicles,2 Паралипоменон,16,4,11,לוֹ֙,"принадлежал к, его",принадлежал к нему
ВЗ,2_chronicles,2 Паралипоменон,16,5,0,וַיְהִי֙,"и, оно был",и было
ВЗ,2_chronicles,2 Паралипоменон,16,7,10,אֵלָ֗יו,"к, его",к нему
ВЗ,2_chronicles,2 Паралипоменон,16,7,18,יְהוָ֣ה,Яхве,Господь
ВЗ,2_chronicles,2 Паралипоменон,16,8,12,יְהוָ֖ה,Яхве,Господь
ВЗ,2_chronicles,2 Паралипоменон,16,9,1,יְהוָ֗ה,Яхве,Господь
ВЗ,2_chronicles,2 Паралипоменон,16,9,10,אֵלָ֖יו,"к, его",к нему
ВЗ,2_chronicles,2 Паралипоменон,16,12,15,יְהוָ֔ה,Яхве,Господь
ВЗ,2_chronicles,2 Паралипоменон,17,3,1,יְהוָ֖ה,Яхве,Господь
ВЗ,2_chronicles,2 Паралипоменон,17,3,8,אָבִיו֙,"предок, его",предок нему
ВЗ,2_chronicles,2 Паралипоменон,17,5,1,יְהוָ֤ה,Яхве,Господь
ВЗ,2_chronicles,2 Паралипоменон,17,5,11,ל֥וֹ,"к, его",к нему
ВЗ,2_chronicles,2 Паралипоменон,17,6,0,וַיִּגְבַּ֥הּ,"и, оно был высокий",и было высокий
ВЗ,2_chronicles,2 Паралипоменон,17,6,3,יְהוָ֑ה,Яхве,Господь
ВЗ,2_chronicles,2 Паралипоменон,17,7,11,לְלַמֵּ֖ד,"к, учить",понять
ВЗ,2_chronicles,2 Паралипоменон,17,9,5,יְהוָ֑ה,Яхве,Господь
ВЗ,2_chronicles,2 Паралипоменон,17,10,0,וַיְהִ֣י\׀,"и, оно был",и было
ВЗ,2_chronicles,2 Паралипоменон,17,10,2,יְהוָ֗ה,Яхве,Господь
ВЗ,2_chronicles,2 Паралипоменон,17,11,10,לוֹ֙,"к, его",к нему
ВЗ,2_chronicles,2 Паралипоменон,17,12,0,וַיְהִ֧י,"и, оно был",и было
ВЗ,2_chronicles,2 Паралипоменон,17,13,3,ל֖וֹ,"к, его",к нему
ВЗ,2_chronicles,2 Паралипоменон,17,16,6,לַיהוָ֑ה,"к, Яхве","к, Господь"
ВЗ,2_chronicles,2 Паралипоменон,18,3,13,ל֗וֹ,"к, его",к нему
ВЗ,2_chronicles,2 Паралипоменон,18,4,10,יְהוָֽה\׃,Яхве,Господь
ВЗ,2_chronicles,2 Паралипоменон,18,6,5,לַיהוָ֖ה,Яхве,Господь
ВЗ,2_chronicles,2 Паралипоменон,18,7,10,יְהוָ֨ה,Яхве,Господь
ВЗ,2_chronicles,2 Паралипоменон,18,10,10,יְהוָ֔ה,Яхве,Господь
ВЗ,2_chronicles,2 Паралипоменон,18,11,4,לֵאמֹ֑ר,"к, говоря",говоря
ВЗ,2_chronicles,2 Паралипоменон,18,11,10,יְהוָ֖ה,Яхве,Господь
ВЗ,2_chronicles,2 Паралипоменон,18,12,6,אֵלָיו֙,"к, его",к нему
ВЗ,2_chronicles,2 Паралипоменон,18,12,7,לֵאמֹ֔ר,"к, говоря",говоря
ВЗ,2_chronicles,2 Паралипоменон,18,13,3,יְהוָ֕ה,Яхве,Господь
ВЗ,2_chronicles,2 Паралипоменон,18,14,5,אֵלָ֗יו,"к, его",к нему
ВЗ,2_chronicles,2 Паралипоменон,18,15,1,אֵלָיו֙,"к, его",к нему
ВЗ,2_chronicles,2 Паралипоменон,18,15,15,יְהוָֽה\׃,Яхве,Господь
ВЗ,2_chronicles,2 Паралипоменон,18,16,14,יְהוָה֙,Яхве,Господь
ВЗ,2_chronicles,2 Паралипоменон,18,18,4,יְהוָ֑ה,Яхве,Господь
ВЗ,2_chronicles,2 Паралипоменон,18,18,7,יְהוָה֙,Яхве,Господь
ВЗ,2_chronicles,2 Паралипоменон,18,19,1,יְהוָ֗ה,Яхве,Господь
ВЗ,2_chronicles,2 Паралипоменон,18,20,0,וַיֵּצֵ֣א,"и, оно пришёл вперёд","и, было вперёд"
ВЗ,2_chronicles,2 Паралипоменон,18,20,4,יְהוָ֔ה,Яхве,Господь
ВЗ,2_chronicles,2 Паралипоменон,18,20,9,יְהוָ֛ה,Яхве,Господь
ВЗ,2_chronicles,2 Паралипоменон,18,22,3,יְהוָה֙,Яхве,Господь
ВЗ,2_chronicles,2 Паралипоменон,18,22,9,וַֽיהוָ֔ה,"и, Яхве","и, Господь"
ВЗ,2_chronicles,2 Паралипоменон,18,23,15,יְהוָ֛ה,Яхве,Господь
ВЗ,2_chronicles,2 Паралипоменон,18,27,8,יְהוָ֖ה,Яхве,Господь
ВЗ,2_chronicles,2 Паралипоменон,18,30,7,לוֹ֙,"принадлежал к, его",принадлежал к нему
ВЗ,2_chronicles,2 Паралипоменон,18,30,8,לֵאמֹ֔ר,"к, говоря",говоря
ВЗ,2_chronicles,2 Паралипоменон,18,31,0,וַיְהִ֡י,"и, оно был",и было
ВЗ,2_chronicles,2 Паралипоменон,18,31,16,וַֽיהוָ֣ה,"и, Яхве","и, Господь"
ВЗ,2_chronicles,2 Паралипоменон,18,32,0,וַיְהִ֗י,"и, оно был",и было
ВЗ,2_chronicles,2 Паралипоменон,19,2,14,יְהוָ֖ה,Яхве,Господь
ВЗ,2_chronicles,2 Паралипоменон,19,2,20,יְהוָֽה\׃,Яхве,Господь
ВЗ,2_chronicles,2 Паралипоменон,19,4,13,יְהוָ֖ה,Яхве,Господь
ВЗ,2_chronicles,2 Паралипоменон,19,6,12,לַיהוָ֑ה,"для, Яхве","для, Господь"
ВЗ,2_chronicles,2 Паралипоменон,19,7,3,יְהוָ֖ה,Яхве,Господь
ВЗ,2_chronicles,2 Паралипоменон,19,7,10,יְהוָ֣ה,Яхве,Господь
ВЗ,2_chronicles,2 Паралипоменон,19,8,11,יְהוָ֖ה,Яхве,Господь
ВЗ,2_chronicles,2 Паралипоменон,19,9,2,לֵאמֹ֑ר,"к, говоря",говоря
ВЗ,2_chronicles,2 Паралипоменон,19,9,6,יְהוָ֔ה,Яхве,Господь
ВЗ,2_chronicles,2 Паралипоменон,19,10,20,לַיהוָ֔ה,"к, Яхве","к, Господь"
ВЗ,2_chronicles,2 Паралипоменон,19,11,7,יְהוָ֗ה,Яхве,Господь
ВЗ,2_chronicles,2 Паралипоменон,19,11,23,יְהוָ֖ה,Яхве,Господь
ВЗ,2_chronicles,2 Паралипоменон,20,1,0,וַיְהִ֣י,"и, оно был",и было
ВЗ,2_chronicles,2 Паралипоменон,20,2,3,לֵאמֹ֔ר,"к, говоря",говоря
ВЗ,2_chronicles,2 Паралипоменон,20,3,6,לַיהוָ֑ה,"к, Яхве","к, Господь"
ВЗ,2_chronicles,2 Паралипоменон,20,4,3,מֵֽיְהוָ֑ה,"от, Яхве","от, Господь"
ВЗ,2_chronicles,2 Паралипоменон,20,4,11,יְהוָֽה\׃,Яхве,Господь
ВЗ,2_chronicles,2 Паралипоменон,20,5,6,יְהוָ֑ה,Яхве,Господь
ВЗ,2_chronicles,2 Паралипоменон,20,6,1,יְהוָ֞ה,О Яхве,О Господь
ВЗ,2_chronicles,2 Паралипоменон,20,8,7,לֵאמֹֽר\׃,"к, говоря",говоря
ВЗ,2_chronicles,2 Паралипоменон,20,13,4,יְהוָ֑ה,Яхве,Господь
ВЗ,2_chronicles,2 Паралипоменон,20,14,16,יְהוָ֔ה,Яхве,Господь
ВЗ,2_chronicles,2 Паралипоменон,20,15,10,יְהוָ֜ה,Яхве,Господь
ВЗ,2_chronicles,2 Паралипоменон,20,17,9,יְהוָ֨ה,Яхве,Господь
ВЗ,2_chronicles,2 Паралипоменон,20,17,20,וַיהוָ֖ה,"и, Яхве","и, Господь"
ВЗ,2_chronicles,2 Паралипоменон,20,18,10,יְהוָ֔ה,Яхве,Господь
ВЗ,2_chronicles,2 Паралипоменон,20,18,12,לַיהוָֽה\׃,"к, Яхве","к, Господь"
ВЗ,2_chronicles,2 Паралипоменон,20,19,9,לַיהוָה֙,"к, Яхве","к, Господь"
ВЗ,2_chronicles,2 Паралипоменон,20,20,14,בַּיהוָ֤ה,"в, Яхве","в, Господь"
ВЗ,2_chronicles,2 Паралипоменон,20,21,5,לַיהוָ֔ה,"к, Яхве","к, Господь"
ВЗ,2_chronicles,2 Паралипоменон,20,21,14,לַיהוָ֔ה,"к, Яхве","к, Господь"
ВЗ,2_chronicles,2 Паралипоменон,20,22,5,יְהוָ֣ה\׀,Яхве,Господь
ВЗ,2_chronicles,2 Паралипоменон,20,24,1,בָּ֥א,оно пришёл,было
ВЗ,2_chronicles,2 Паралипоменон,20,26,9,יְהוָ֑ה,Яхве,Господь
ВЗ,2_chronicles,2 Паралипоменон,20,27,13,יְהוָ֖ה,Яхве,Господь
ВЗ,2_chronicles,2 Паралипоменон,20,28,7,יְהוָֽה\׃,Яхве,Господь
ВЗ,2_chronicles,2 Паралипоменон,20,29,0,וַיְהִי֙,"и, оно был",и было
ВЗ,2_chronicles,2 Паралипоменон,20,29,10,יְהוָ֔ה,Яхве,Господь
ВЗ,2_chronicles,2 Паралипоменон,20,30,0,וַתִּשְׁקֹ֖ט,"и, оно был у мир",и было у мир
ВЗ,2_chronicles,2 Паралипоменон,20,30,4,ל֦וֹ,"к, его",к нему
ВЗ,2_chronicles,2 Паралипоменон,20,32,10,יְהוָֽה\׃,Яхве,Господь
ВЗ,2_chronicles,2 Паралипоменон,20,37,7,לֵאמֹ֑ר,"к, говоря",говоря
ВЗ,2_chronicles,2 Паралипоменон,20,37,12,יְהוָה֙,Яхве,Господь
ВЗ,2_chronicles,2 Паралипоменон,21,2,0,וְלֽוֹ\־,"и, принадлежал к, его","и, принадлежал к нему"
ВЗ,2_chronicles,2 Паралипоменон,21,6,17,יְהוָֽה\׃,Яхве,Господь
ВЗ,2_chronicles,2 Паралипоменон,21,7,2,יְהוָ֗ה,Яхве,Господь
ВЗ,2_chronicles,2 Паралипоменон,21,7,15,ל֥וֹ,"к, его",к нему
ВЗ,2_chronicles,2 Паралипоменон,21,9,7,וַיְהִי֙,"и, оно был",и было
ВЗ,2_chronicles,2 Паралипоменон,21,9,14,אֵלָ֔יו,"к, его",к нему
ВЗ,2_chronicles,2 Паралипоменон,21,10,18,יְהוָ֖ה,Яхве,Господь
ВЗ,2_chronicles,2 Паралипоменон,21,12,0,וַיָּבֹ֤א,"и, оно пришёл","и, было"
ВЗ,2_chronicles,2 Паралипоменон,21,12,1,אֵלָיו֙,"к, его",к нему
ВЗ,2_chronicles,2 Паралипоменон,21,12,5,לֵאמֹ֑ר,"к, говоря",говоря
ВЗ,2_chronicles,2 Паралипоменон,21,12,8,יְהוָ֗ה,Яхве,Господь
ВЗ,2_chronicles,2 Паралипоменон,21,14,1,יְהוָ֗ה,Яхве,Господь
ВЗ,2_chronicles,2 Паралипоменон,21,16,1,יְהוָ֜ה,Яхве,Господь
ВЗ,2_chronicles,2 Паралипоменон,21,17,15,לוֹ֙,"к, его",к нему
ВЗ,2_chronicles,2 Паралипоменон,21,18,4,יְהוָ֧ה\׀,Яхве,Господь
ВЗ,2_chronicles,2 Паралипоменон,21,19,0,וַיְהִ֣י,"и, оно был",и было
ВЗ,2_chronicles,2 Паралипоменон,22,4,3,יְהוָ֖ה,Яхве,Господь
ВЗ,2_chronicles,2 Паралипоменон,22,7,17,יְהוָ֔ה,Яхве,Господь
ВЗ,2_chronicles,2 Паралипоменон,22,8,0,וַיְהִ֕י,"и, оно был",и было
ВЗ,2_chronicles,2 Паралипоменон,22,9,20,יְהוָ֖ה,Яхве,Господь
ВЗ,2_chronicles,2 Паралипоменон,23,3,16,יְהוָ֖ה,Яхве,Господь
ВЗ,2_chronicles,2 Паралипоменон,23,5,10,יְהוָֽה\׃,Яхве,Господь
ВЗ,2_chronicles,2 Паралипоменон,23,6,3,יְהוָ֗ה,Яхве,Господь
ВЗ,2_chronicles,2 Паралипоменон,23,6,17,מִשְׁמֶ֥רֶת,дутй,долг
ВЗ,2_chronicles,2 Паралипоменон,23,6,18,יְהוָֽה\׃,Яхве,Господь
ВЗ,2_chronicles,2 Паралипоменон,23,12,13,יְהוָֽה\׃,Яхве,Господь
ВЗ,2_chronicles,2 Паралипоменон,23,14,24,יְהוָֽה\׃,Яхве,Господь
ВЗ,2_chronicles,2 Паралипоменон,23,16,11,לַיהוָֽה\׃,Яхве,Господь
ВЗ,2_chronicles,2 Паралипоменон,23,18,4,יְהוָ֗ה,Яхве,Господь
ВЗ,2_chronicles,2 Паралипоменон,23,18,13,יְהוָה֒,Яхве,Господь
ВЗ,2_chronicles,2 Паралипоменон,23,18,16,יְהוָ֗ה,Яхве,Господь
ВЗ,2_chronicles,2 Паралипоменон,23,19,5,יְהוָ֑ה,Яхве,Господь
ВЗ,2_chronicles,2 Паралипоменон,23,20,17,יְהוָ֔ה,Яхве,Господь
ВЗ,2_chronicles,2 Паралипоменон,24,2,4,יְהוָ֑ה,Яхве,Господь
ВЗ,2_chronicles,2 Паралипоменон,24,4,0,וַיְהִ֖י,"и, оно был",и было
ВЗ,2_chronicles,2 Паралипоменон,24,4,9,יְהוָֽה\׃,Яхве,Господь
ВЗ,2_chronicles,2 Паралипоменон,24,6,5,ל֗וֹ,"к, его",к нему
ВЗ,2_chronicles,2 Паралипоменон,24,6,18,יְהוָ֔ה,Яхве,Господь
ВЗ,2_chronicles,2 Паралипоменон,24,7,12,יְהוָ֔ה,Яхве,Господь
ВЗ,2_chronicles,2 Паралипоменон,24,8,8,יְהוָ֖ה,Яхве,Господь
ВЗ,2_chronicles,2 Паралипоменон,24,9,5,לַֽיהוָה֙,"к, Яхве","к, Господь"
ВЗ,2_chronicles,2 Паралипоменон,24,11,0,וַיְהִ֡י,"и, оно был",и было
ВЗ,2_chronicles,2 Паралипоменон,24,12,8,יְהוָ֔ה,Яхве,Господь
ВЗ,2_chronicles,2 Паралипоменон,24,12,15,יְהוָ֑ה,Яхве,Господь
ВЗ,2_chronicles,2 Паралипоменон,24,12,23,יְהוָֽה\׃,Яхве,Господь
ВЗ,2_chronicles,2 Паралипоменон,24,14,11,יְהוָה֙,Яхве,Господь
ВЗ,2_chronicles,2 Паралипоменон,24,14,23,יְהוָה֙,Яхве,Господь
ВЗ,2_chronicles,2 Паралипоменон,24,18,3,יְהוָה֙,Яхве,Господь
ВЗ,2_chronicles,2 Паралипоменон,24,18,11,וַֽיְהִי\־,"и, оно был",и было
ВЗ,2_chronicles,2 Паралипоменон,24,19,5,יְהוָ֑ה,Яхве,Господь
ВЗ,2_chronicles,2 Паралипоменон,24,20,21,יְהוָה֙,Яхве,Господь
ВЗ,2_chronicles,2 Паралипоменон,24,20,27,יְהוָ֖ה,Яхве,Господь
ВЗ,2_chronicles,2 Паралипоменон,24,21,8,יְהוָֽה\׃,Яхве,Господь
ВЗ,2_chronicles,2 Паралипоменон,24,22,16,יְהוָ֖ה,Яхве,Господь
ВЗ,2_chronicles,2 Паралипоменон,24,23,0,וַיְהִ֣י\׀,"и, оно был",и было
ВЗ,2_chronicles,2 Паралипоменон,24,23,3,עָלָ֣ה,оно пришёл вверх,было вверх
ВЗ,2_chronicles,2 Паралипоменон,24,24,6,וַֽיהוָה֙,"и, Яхве","и, Господь"
ВЗ,2_chronicles,2 Паралипоменон,24,24,15,יְהוָ֖ה,Яхве,Господь
ВЗ,2_chronicles,2 Паралипоменон,25,2,3,יְהוָ֑ה,Яхве,Господь
ВЗ,2_chronicles,2 Паралипоменон,25,3,0,וַיְהִ֕י,"и, оно был",и было
ВЗ,2_chronicles,2 Паралипоменон,25,4,11,יְהוָ֜ה,Яхве,Господь
ВЗ,2_chronicles,2 Паралипоменон,25,4,12,לֵאמֹ֗ר,"к, говоря",говоря
ВЗ,2_chronicles,2 Паралипоменон,25,7,3,אֵלָיו֙,"к, его",к нему
ВЗ,2_chronicles,2 Паралипоменон,25,7,4,לֵאמֹ֔ר,"к, говоря",говоря
ВЗ,2_chronicles,2 Паралипоменон,25,7,13,יְהוָה֙,Яхве,Господь
ВЗ,2_chronicles,2 Паралипоменон,25,9,16,לַֽיהוָ֔ה,"принадлежит к, Яхве","принадлежит к, Господь"
ВЗ,2_chronicles,2 Паралипоменон,25,10,5,אֵלָיו֙,"к, его",к нему
ВЗ,2_chronicles,2 Паралипоменон,25,14,0,וַיְהִ֗י,"и, оно был",и было
ВЗ,2_chronicles,2 Паралипоменон,25,15,2,יְהוָ֖ה,Яхве,Господь
ВЗ,2_chronicles,2 Паралипоменон,25,15,5,אֵלָיו֙,"к, его",к нему
ВЗ,2_chronicles,2 Паралипоменон,25,15,8,ל֗וֹ,"к, его",к нему
ВЗ,2_chronicles,2 Паралипоменон,25,16,0,וַיְהִ֣י\׀,"и, оно был",и было
ВЗ,2_chronicles,2 Паралипоменон,25,16,2,אֵלָ֗יו,"к, его",к нему
ВЗ,2_chronicles,2 Паралипоменон,25,16,4,לוֹ֙,"к, его",к нему
ВЗ,2_chronicles,2 Паралипоменон,25,17,13,לֵאמֹ֑ר,"к, говоря",говоря
ВЗ,2_chronicles,2 Паралипоменон,25,18,8,לֵאמֹר֒,"к, говоря",говоря
ВЗ,2_chronicles,2 Паралипоменон,25,18,17,לֵאמֹ֔ר,"к, говоря",говоря
ВЗ,2_chronicles,2 Паралипоменон,25,22,0,וַיִּנָּ֥גֶף,"и, оно был поразил",и было поразил
ВЗ,2_chronicles,2 Паралипоменон,25,27,5,יְהוָ֔ה,Яхве,Господь
ВЗ,2_chronicles,2 Паралипоменон,26,4,3,יְהוָ֑ה,Яхве,Господь
ВЗ,2_chronicles,2 Паралипоменон,26,5,11,יְהוָ֔ה,Яхве,Господь
ВЗ,2_chronicles,2 Паралипоменон,26,10,10,ל֔וֹ,"к, его",к нему
ВЗ,2_chronicles,2 Паралипоменон,26,16,6,בַּיהוָ֣ה,"против, Яхве","против, Господь"
ВЗ,2_chronicles,2 Паралипоменон,26,16,11,יְהוָ֔ה,Яхве,Господь
ВЗ,2_chronicles,2 Паралипоменон,26,17,6,לַיהוָ֛ה,Яхве,Господь
ВЗ,2_chronicles,2 Паралипоменон,26,18,5,לוֹ֙,"к, его",к нему
ВЗ,2_chronicles,2 Паралипоменон,26,18,10,לַֽיהוָ֔ה,"к, Яхве","к, Господь"
ВЗ,2_chronicles,2 Паралипоменон,26,18,25,מֵיְהוָ֥ה,"от, Яхве","от, Господь"
ВЗ,2_chronicles,2 Паралипоменон,26,19,14,יְהוָ֔ה,Яхве,Господь
ВЗ,2_chronicles,2 Паралипоменон,26,20,1,אֵלָ֡יו,"к, его",к нему
ВЗ,2_chronicles,2 Паралипоменон,26,20,19,יְהוָֽה\׃,Яхве,Господь
ВЗ,2_chronicles,2 Паралипоменон,26,21,14,יְהוָ֑ה,Яхве,Господь
ВЗ,2_chronicles,2 Паралипоменон,26,21,15,וְיוֹתָ֤ם,"и, Джофам","и, Иоафам"
ВЗ,2_chronicles,2 Паралипоменон,26,23,17,יוֹתָ֥ם,Джофам,Иоафам
ВЗ,2_chronicles,2 Паралипоменон,27,1,4,יוֹתָ֣ם,Джофам,Иоафам
ВЗ,2_chronicles,2 Паралипоменон,27,2,3,יְהוָ֗ה,Яхве,Господь
ВЗ,2_chronicles,2 Паралипоменон,27,2,14,יְהוָ֑ה,Яхве,Господь
ВЗ,2_chronicles,2 Паралипоменон,27,3,5,יְהוָ֖ה,Яхве,Господь
ВЗ,2_chronicles,2 Паралипоменон,27,5,9,ל֨וֹ,"к, его",к нему
ВЗ,2_chronicles,2 Паралипоменон,27,5,26,לוֹ֙,"к, его",к нему
ВЗ,2_chronicles,2 Паралипоменон,27,6,1,יוֹתָ֑ם,Джофам,Иоафам
ВЗ,2_chronicles,2 Паралипоменон,27,6,6,יְהוָ֥ה,Яхве,Господь
ВЗ,2_chronicles,2 Паралипоменон,27,7,2,יוֹתָ֔ם,Джофам,Иоафам
ВЗ,2_chronicles,2 Паралипоменон,27,9,1,יוֹתָם֙,Джофам,Иоафам
ВЗ,2_chronicles,2 Паралипоменон,28,1,14,יְהוָ֖ה,Яхве,Господь
ВЗ,2_chronicles,2 Паралипоменон,28,1,16,אָבִֽיו\׃,"предок, его",предок нему
ВЗ,2_chronicles,2 Паралипоменон,28,3,13,יְהוָ֔ה,Яхве,Господь
ВЗ,2_chronicles,2 Паралипоменон,28,5,1,יְהוָ֣ה,Яхве,Господь
ВЗ,2_chronicles,2 Паралипоменон,28,6,15,יְהוָ֖ה,Яхве,Господь
ВЗ,2_chronicles,2 Паралипоменон,28,9,3,לַֽיהוָה֮,Яхве,Господь
ВЗ,2_chronicles,2 Паралипоменон,28,9,15,יְהוָ֧ה,Яхве,Господь
ВЗ,2_chronicles,2 Паралипоменон,28,10,15,לַיהוָ֖ה,"к, Яхве","к, Господь"
ВЗ,2_chronicles,2 Паралипоменон,28,11,10,יְהוָ֖ה,Яхве,Господь
ВЗ,2_chronicles,2 Паралипоменон,28,13,9,יְהוָ֤ה,Яхве,Господь
ВЗ,2_chronicles,2 Паралипоменон,28,16,9,לֽוֹ\׃,"к, его",к нему
ВЗ,2_chronicles,2 Паралипоменон,28,19,2,יְהוָה֙,Яхве,Господь
ВЗ,2_chronicles,2 Паралипоменон,28,19,14,בַּיהוָֽה\׃,"против, Яхве","против, Господь"
ВЗ,2_chronicles,2 Паралипоменон,28,20,7,ל֖וֹ,"к, его",к нему
ВЗ,2_chronicles,2 Паралипоменон,28,21,5,יְהוָ֔ה,Яхве,Господь
ВЗ,2_chronicles,2 Паралипоменон,28,22,2,ל֔וֹ,"к, его",к нему
ВЗ,2_chronicles,2 Паралипоменон,28,22,5,בַּיהוָ֑ה,"против, Яхве","против, Господь"
ВЗ,2_chronicles,2 Паралипоменон,28,24,15,יְהוָ֑ה,Яхве,Господь
ВЗ,2_chronicles,2 Паралипоменон,28,25,11,יְהוָ֖ה,Яхве,Господь
ВЗ,2_chronicles,2 Паралипоменон,29,2,3,יְהוָ֑ה,Яхве,Господь
ВЗ,2_chronicles,2 Паралипоменон,29,2,8,אָבִֽיו\׃,"предок, его",предок нему
ВЗ,2_chronicles,2 Паралипоменон,29,3,10,יְהוָ֖ה,Яхве,Господь
ВЗ,2_chronicles,2 Паралипоменон,29,5,9,יְהוָה֙,Яхве,Господь
ВЗ,2_chronicles,2 Паралипоменон,29,6,6,יְהוָֽה\־,Яхве,Господь
ВЗ,2_chronicles,2 Паралипоменон,29,6,8,וַיַּֽעַזְבֻ֑הוּ,"и, они форсук, его","и, они форсук нему"
ВЗ,2_chronicles,2 Паралипоменон,29,6,12,יְהוָ֖ה,Яхве,Господь
ВЗ,2_chronicles,2 Паралипоменон,29,8,0,וַיְהִי֙,"и, оно был",и было
ВЗ,2_chronicles,2 Паралипоменон,29,8,2,יְהוָ֔ה,Яхве,Господь
ВЗ,2_chronicles,2 Паралипоменон,29,10,5,לַיהוָ֖ה,"к, Яхве","к, Господь"
ВЗ,2_chronicles,2 Паралипоменон,29,11,7,יְהוָ֗ה,Яхве,Господь
ВЗ,2_chronicles,2 Паралипоменон,29,15,8,יְהוָ֑ה,Яхве,Господь
ВЗ,2_chronicles,2 Паралипоменон,29,15,11,יְהוָֽה\׃,Яхве,Господь
ВЗ,2_chronicles,2 Паралипоменон,29,16,4,יְהוָה֮,Яхве,Господь
ВЗ,2_chronicles,2 Паралипоменон,29,16,13,יְהוָ֔ה,Яхве,Господь
ВЗ,2_chronicles,2 Паралипоменон,29,16,16,יְהוָ֑ה,Яхве,Господь
ВЗ,2_chronicles,2 Паралипоменон,29,17,10,יְהוָ֔ה,Яхве,Господь
ВЗ,2_chronicles,2 Паралипоменон,29,17,14,יְהוָ֖ה,Яхве,Господь
ВЗ,2_chronicles,2 Паралипоменон,29,18,10,יְהוָ֑ה,Яхве,Господь
ВЗ,2_chronicles,2 Паралипоменон,29,19,14,יְהוָֽה\׃\ \ס,Яхве,Господь
ВЗ,2_chronicles,2 Паралипоменон,29,20,9,יְהוָֽה\׃,Яхве,Господь
ВЗ,2_chronicles,2 Паралипоменон,29,21,24,יְהוָֽה\׃,Яхве,Господь
ВЗ,2_chronicles,2 Паралипоменон,29,25,4,יְהוָ֗ה,Яхве,Господь
ВЗ,2_chronicles,2 Паралипоменон,29,25,17,יְהוָ֛ה,Яхве,Господь
ВЗ,2_chronicles,2 Паралипоменон,29,27,10,יְהוָה֙,Яхве,Господь
ВЗ,2_chronicles,2 Паралипоменон,29,30,6,לַֽיהוָ֔ה,"к, Яхве","к, Господь"
ВЗ,2_chronicles,2 Паралипоменон,29,31,6,לַיהוָ֔ה,"к, Яхве","к, Господь"
ВЗ,2_chronicles,2 Паралипоменон,29,31,12,יְהוָ֑ה,Яхве,Господь
ВЗ,2_chronicles,2 Паралипоменон,29,32,0,וַיְהִ֞י,"и, оно был",и было
ВЗ,2_chronicles,2 Паралипоменон,29,32,13,לַיהוָ֖ה,"к, Яхве","к, Господь"
ВЗ,2_chronicles,2 Паралипоменон,29,35,7,וַתִּכּ֖וֹן,"и, оно был аррангед",и было аррангед
ВЗ,2_chronicles,2 Паралипоменон,29,35,10,יְהוָֽה\׃,Яхве,Господь
ВЗ,2_chronicles,2 Паралипоменон,30,1,14,יְהוָ֖ה,Яхве,Господь
ВЗ,2_chronicles,2 Паралипоменон,30,1,18,לַיהוָ֖ה,"к, Яхве","к, Господь"
ВЗ,2_chronicles,2 Паралипоменон,30,4,0,וַיִּישַׁ֥ר,"и, оно был угодный",и было угодный
ВЗ,2_chronicles,2 Паралипоменон,30,5,13,לַיהוָ֥ה,"к, Яхве","к, Господь"
ВЗ,2_chronicles,2 Паралипоменон,30,6,11,לֵאמֹ֑ר,"к, говоря",говоря
ВЗ,2_chronicles,2 Паралипоменон,30,6,16,יְהוָ֗ה,Яхве,Господь
ВЗ,2_chronicles,2 Паралипоменон,30,7,6,בַּיהוָ֖ה,"против, Яхве","против, Господь"
ВЗ,2_chronicles,2 Паралипоменон,30,8,7,לַיהוָ֗ה,"к, Яхве","к, Господь"
ВЗ,2_chronicles,2 Паралипоменон,30,8,15,יְהוָ֣ה,Яхве,Господь
ВЗ,2_chronicles,2 Паралипоменон,30,9,3,יְהוָ֗ה,Яхве,Господь
ВЗ,2_chronicles,2 Паралипоменон,30,9,15,יְהוָ֣ה,Яхве,Господь
ВЗ,2_chronicles,2 Паралипоменон,30,9,23,אֵלָֽיו\׃\ \פ,"к, его",к нему
ВЗ,2_chronicles,2 Паралипоменон,30,12,14,יְהוָֽה\׃,Яхве,Господь
ВЗ,2_chronicles,2 Паралипоменон,30,15,13,יְהוָֽה\׃,Яхве,Господь
ВЗ,2_chronicles,2 Паралипоменон,30,17,14,לַיהוָֽה\׃,"к, Яхве","к, Господь"
ВЗ,2_chronicles,2 Паралипоменон,30,18,20,לֵאמֹ֔ר,"к, говоря",говоря
ВЗ,2_chronicles,2 Паралипоменон,30,18,21,יְהוָ֥ה,Яхве,Господь
ВЗ,2_chronicles,2 Паралипоменон,30,19,5,יְהוָ֖ה,Яхве,Господь
ВЗ,2_chronicles,2 Паралипоменон,30,20,1,יְהוָה֙,Яхве,Господь
ВЗ,2_chronicles,2 Паралипоменон,30,21,13,לַ֠יהוָה,"к, Яхве","к, Господь"
ВЗ,2_chronicles,2 Паралипоменон,30,21,20,לַיהוָֽה\׃\ \ס,"к, Яхве","к, Господь"
ВЗ,2_chronicles,2 Паралипоменон,30,22,9,לַיהוָ֑ה,"к, Яхве","к, Господь"
ВЗ,2_chronicles,2 Паралипоменон,30,22,19,לַיהוָ֖ה,"к, Яхве","к, Господь"
ВЗ,2_chronicles,2 Паралипоменон,30,26,0,וַתְּהִ֥י,"и, оно был",и было
ВЗ,2_chronicles,2 Паралипоменон,30,27,6,וַיִּשָּׁמַ֖ע,"и, оно был слушал",и было слушал
ВЗ,2_chronicles,2 Паралипоменон,30,27,8,וַתָּב֧וֹא,"и, оно пришёл","и, было"
ВЗ,2_chronicles,2 Паралипоменон,31,2,20,יְהוָֽה\׃\ \ס,Яхве,Господь
ВЗ,2_chronicles,2 Паралипоменон,31,3,14,יְהוָֽה\׃,Яхве,Господь
ВЗ,2_chronicles,2 Паралипоменон,31,4,11,יְהוָֽה\׃,Яхве,Господь
ВЗ,2_chronicles,2 Паралипоменон,31,6,14,לַיהוָ֣ה,"к, Яхве","к, Господь"
ВЗ,2_chronicles,2 Паралипоменон,31,8,8,יְהוָ֔ה,Яхве,Господь
ВЗ,2_chronicles,2 Паралипоменон,31,10,1,אֵלָ֗יו,"к, его",к нему
ВЗ,2_chronicles,2 Паралипоменон,31,10,12,יְהוָ֗ה,Яхве,Господь
ВЗ,2_chronicles,2 Паралипоменон,31,10,19,יְהוָה֙,Яхве,Господь
ВЗ,2_chronicles,2 Паралипоменон,31,11,5,יְהוָ֖ה,Яхве,Господь
ВЗ,2_chronicles,2 Паралипоменон,31,14,11,יְהוָ֔ה,Яхве,Господь
ВЗ,2_chronicles,2 Паралипоменон,31,16,1,הִתְיַחְשָׂ֣ם,"рекординг генеалогй, они","рекординг генеалогия, они"
ВЗ,2_chronicles,2 Паралипоменон,31,16,10,יְהוָ֖ה,Яхве,Господь
ВЗ,2_chronicles,2 Паралипоменон,31,20,10,יְהוָ֥ה,Яхве,Господь
ВЗ,2_chronicles,2 Паралипоменон,32,4,12,לֵאמֹ֑ר,"к, говоря",говоря
ВЗ,2_chronicles,2 Паралипоменон,32,6,14,לֵאמֹֽר\׃,"к, говоря",говоря
ВЗ,2_chronicles,2 Паралипоменон,32,8,4,יְהוָ֤ה,Яхве,Господь
ВЗ,2_chronicles,2 Паралипоменон,32,9,23,לֵאמֹֽר\׃,"к, говоря",говоря
ВЗ,2_chronicles,2 Паралипоменон,32,11,9,לֵאמֹ֑ר,"к, говоря",говоря
ВЗ,2_chronicles,2 Паралипоменон,32,11,10,יְהוָ֣ה,Яхве,Господь
ВЗ,2_chronicles,2 Паралипоменон,32,12,11,לֵאמֹ֔ר,"к, говоря",говоря
ВЗ,2_chronicles,2 Паралипоменон,32,15,11,לוֹ֒,"к, его",к нему
ВЗ,2_chronicles,2 Паралипоменон,32,16,4,יְהוָ֖ה,Яхве,Господь
ВЗ,2_chronicles,2 Паралипоменон,32,17,3,לַיהוָ֖ה,"к, Яхве","к, Господь"
ВЗ,2_chronicles,2 Паралипоменон,32,17,8,לֵאמֹ֗ר,"к, говоря",говоря
ВЗ,2_chronicles,2 Паралипоменон,32,21,1,יְהוָה֙,Яхве,Господь
ВЗ,2_chronicles,2 Паралипоменон,32,22,1,יְהוָ֨ה,Яхве,Господь
ВЗ,2_chronicles,2 Паралипоменон,32,23,3,לַיהוָה֙,"к, Яхве","к, Господь"
ВЗ,2_chronicles,2 Паралипоменон,32,24,8,יְהוָ֔ה,Яхве,Господь
ВЗ,2_chronicles,2 Паралипоменон,32,24,10,ל֔וֹ,"к, его",к нему
ВЗ,2_chronicles,2 Паралипоменон,32,24,13,לֽוֹ\׃,"к, его",к нему
ВЗ,2_chronicles,2 Паралипоменон,32,25,8,וַיְהִ֤י,"и, оно был",и было
ВЗ,2_chronicles,2 Паралипоменон,32,25,9,עָלָיו֙,"к, его",к нему
ВЗ,2_chronicles,2 Паралипоменон,32,26,8,בָ֤א,оно пришёл,было
ВЗ,2_chronicles,2 Паралипоменон,32,26,11,יְהוָ֔ה,Яхве,Господь
ВЗ,2_chronicles,2 Паралипоменон,32,29,9,לוֹ֙,"к, его",к нему
ВЗ,2_chronicles,2 Паралипоменон,32,31,5,עָלָיו֙,"к, его",к нему
ВЗ,2_chronicles,2 Паралипоменон,32,33,11,ל֣וֹ,"к, его",к нему
ВЗ,2_chronicles,2 Паралипоменон,33,2,3,יְהוָ֑ה,Яхве,Господь
ВЗ,2_chronicles,2 Паралипоменон,33,2,8,יְהוָ֔ה,Яхве,Господь
ВЗ,2_chronicles,2 Паралипоменон,33,4,3,יְהוָ֑ה,Яхве,Господь
ВЗ,2_chronicles,2 Паралипоменон,33,4,6,יְהוָ֔ה,Яхве,Господь
ВЗ,2_chronicles,2 Паралипоменон,33,5,8,יְהוָֽה\׃,Яхве,Господь
ВЗ,2_chronicles,2 Паралипоменон,33,6,18,יְהוָ֖ה,Яхве,Господь
ВЗ,2_chronicles,2 Паралипоменон,33,9,12,יְהוָ֔ה,Яхве,Господь
ВЗ,2_chronicles,2 Паралипоменон,33,10,1,יְהוָ֛ה,Яхве,Господь
ВЗ,2_chronicles,2 Паралипоменон,33,11,1,יְהוָ֜ה,Яхве,Господь
ВЗ,2_chronicles,2 Паралипоменон,33,12,1,ל֔וֹ,"к, его",к нему
ВЗ,2_chronicles,2 Паралипоменон,33,12,5,יְהוָ֣ה,Яхве,Господь
ВЗ,2_chronicles,2 Паралипоменон,33,13,1,אֵלָ֗יו,"к, его",к нему
ВЗ,2_chronicles,2 Паралипоменон,33,13,12,יְהוָ֖ה,Яхве,Господь
ВЗ,2_chronicles,2 Паралипоменон,33,15,7,יְהוָ֔ה,Яхве,Господь
ВЗ,2_chronicles,2 Паралипоменон,33,15,14,יְהוָ֖ה,Яхве,Господь
ВЗ,2_chronicles,2 Паралипоменон,33,16,3,יְהוָ֔ה,Яхве,Господь
ВЗ,2_chronicles,2 Паралипоменон,33,16,13,יְהוָ֖ה,Яхве,Господь
ВЗ,2_chronicles,2 Паралипоменон,33,17,6,לַיהוָ֥ה,"к, Яхве","к, Господь"
ВЗ,2_chronicles,2 Паралипоменон,33,18,9,אֵלָ֔יו,"к, его",к нему
ВЗ,2_chronicles,2 Паралипоменон,33,18,11,יְהוָ֖ה,Яхве,Господь
ВЗ,2_chronicles,2 Паралипоменон,33,22,3,יְהוָ֔ה,Яхве,Господь
ВЗ,2_chronicles,2 Паралипоменон,33,23,3,יְהוָ֔ה,Яхве,Господь
ВЗ,2_chronicles,2 Паралипоменон,34,2,3,יְהוָ֑ה,Яхве,Господь
ВЗ,2_chronicles,2 Паралипоменон,34,2,7,אָבִ֔יו,"предок, его",предок нему
ВЗ,2_chronicles,2 Паралипоменон,34,3,10,אָבִ֑יו,"предок, его",предок нему
ВЗ,2_chronicles,2 Паралипоменон,34,8,24,יְהוָ֥ה,Яхве,Господь
ВЗ,2_chronicles,2 Паралипоменон,34,10,7,יְהוָ֑ה,Яхве,Господь
ВЗ,2_chronicles,2 Паралипоменон,34,10,15,יְהוָ֔ה,Яхве,Господь
ВЗ,2_chronicles,2 Паралипоменон,34,14,5,יְהוָ֑ה,Яхве,Господь
ВЗ,2_chronicles,2 Паралипоменон,34,14,12,יְהוָ֖ה,Яхве,Господь
ВЗ,2_chronicles,2 Паралипоменон,34,15,10,יְהוָ֑ה,Яхве,Господь
ВЗ,2_chronicles,2 Паралипоменон,34,16,11,לֵאמֹ֑ר,"к, говоря",говоря
ВЗ,2_chronicles,2 Паралипоменон,34,17,5,יְהוָ֑ה,Яхве,Господь
ВЗ,2_chronicles,2 Паралипоменон,34,18,4,לֵאמֹ֔ר,"к, говоря",говоря
ВЗ,2_chronicles,2 Паралипоменон,34,19,0,וַיְהִי֙,"и, оно был",и было
ВЗ,2_chronicles,2 Паралипоменон,34,20,19,לֵאמֹֽר\׃,"к, говоря",говоря
ВЗ,2_chronicles,2 Паралипоменон,34,21,3,יְהוָ֜ה,Яхве,Господь
ВЗ,2_chronicles,2 Паралипоменон,34,21,17,יְהוָה֙,Яхве,Господь
ВЗ,2_chronicles,2 Паралипоменон,34,21,28,יְהוָ֔ה,Яхве,Господь
ВЗ,2_chronicles,2 Паралипоменон,34,23,4,יְהוָ֖ה,Яхве,Господь
ВЗ,2_chronicles,2 Паралипоменон,34,24,2,יְהוָ֔ה,Яхве,Господь
ВЗ,2_chronicles,2 Паралипоменон,34,26,6,בַּֽיהוָ֔ה,"в, Яхве","в, Господь"
ВЗ,2_chronicles,2 Паралипоменон,34,26,9,אֵלָ֑יו\ \ס,"к, его",к нему
ВЗ,2_chronicles,2 Паралипоменон,34,26,12,יְהוָה֙,Яхве,Господь
ВЗ,2_chronicles,2 Паралипоменон,34,27,25,יְהוָֽה\׃,Яхве,Господь
ВЗ,2_chronicles,2 Паралипоменон,34,30,3,יְ֠הוָה,Яхве,Господь
ВЗ,2_chronicles,2 Паралипоменон,34,30,25,יְהוָֽה\׃,Яхве,Господь
ВЗ,2_chronicles,2 Паралипоменон,34,31,8,יְהוָה֒,Яхве,Господь
ВЗ,2_chronicles,2 Паралипоменон,34,31,11,יְהוָ֗ה,Яхве,Господь
ВЗ,2_chronicles,2 Паралипоменон,34,33,17,יְהוָ֣ה,Яхве,Господь
ВЗ,2_chronicles,2 Паралипоменон,34,33,24,יְהוָ֖ה,Яхве,Господь
ВЗ,2_chronicles,2 Паралипоменон,35,1,4,לַיהוָ֑ה,"к, Яхве","к, Господь"
ВЗ,2_chronicles,2 Паралипоменон,35,2,7,יְהוָֽה\׃,Яхве,Господь
ВЗ,2_chronicles,2 Паралипоменон,35,3,6,לַיהוָ֗ה,"к, Яхве","к, Господь"
ВЗ,2_chronicles,2 Паралипоменон,35,3,26,יְהוָ֣ה,Яхве,Господь
ВЗ,2_chronicles,2 Паралипоменон,35,6,7,יְהוָ֖ה,Яхве,Господь
ВЗ,2_chronicles,2 Паралипоменон,35,10,0,וַתִּכּ֖וֹן,"и, оно был аррангед",и было аррангед
ВЗ,2_chronicles,2 Паралипоменон,35,12,9,לַיהוָ֔ה,"к, Яхве","к, Господь"
ВЗ,2_chronicles,2 Паралипоменон,35,16,0,וַ֠תִּכּוֹן,"и, оно был аррангед",и было аррангед
ВЗ,2_chronicles,2 Паралипоменон,35,16,3,יְהוָ֜ה,Яхве,Господь
ВЗ,2_chronicles,2 Паралипоменон,35,16,12,יְהוָ֑ה,Яхве,Господь
ВЗ,2_chronicles,2 Паралипоменон,35,21,1,אֵלָ֣יו,"к, его",к нему
ВЗ,2_chronicles,2 Паралипоменон,35,21,3,לֵאמֹר֩\׀,"к, говоря",говоря
ВЗ,2_chronicles,2 Паралипоменон,35,24,9,לוֹ֒,"принадлежал к, его",принадлежал к нему
ВЗ,2_chronicles,2 Паралипоменон,35,26,6,יְהוָֽה\׃,Яхве,Господь
ВЗ,2_chronicles,2 Паралипоменон,36,5,14,יְהוָ֥ה,Яхве,Господь
ВЗ,2_chronicles,2 Паралипоменон,36,7,2,יְהוָ֔ה,Яхве,Господь
ВЗ,2_chronicles,2 Паралипоменон,36,9,14,יְהוָֽה\׃,Яхве,Господь
ВЗ,2_chronicles,2 Паралипоменон,36,10,11,יְהוָ֑ה,Яхве,Господь
ВЗ,2_chronicles,2 Паралипоменон,36,12,3,יְהוָ֣ה,Яхве,Господь
ВЗ,2_chronicles,2 Паралипоменон,36,12,11,יְהוָֽה\׃,Яхве,Господь
ВЗ,2_chronicles,2 Паралипоменон,36,13,15,יְהוָ֖ה,Яхве,Господь
ВЗ,2_chronicles,2 Паралипоменон,36,14,14,יְהוָ֔ה,Яхве,Господь
ВЗ,2_chronicles,2 Паралипоменон,36,15,1,יְהוָה֩,Яхве,Господь
ВЗ,2_chronicles,2 Паралипоменон,36,16,11,יְהוָ֛ה,Яхве,Господь
ВЗ,2_chronicles,2 Паралипоменон,36,18,8,יְהוָ֔ה,Яхве,Господь
ВЗ,2_chronicles,2 Паралипоменон,36,21,2,יְהוָה֙,Яхве,Господь
ВЗ,2_chronicles,2 Паралипоменон,36,22,7,יְהוָ֖ה,Яхве,Господь
ВЗ,2_chronicles,2 Паралипоменон,36,22,11,יְהוָ֗ה,Яхве,Господь
ВЗ,2_chronicles,2 Паралипоменон,36,22,23,לֵאמֹֽר\׃\ \ס,"к, говоря",говоря
ВЗ,2_chronicles,2 Паралипоменон,36,23,10,יְהוָה֙,Яхве,Господь
ВЗ,2_chronicles,2 Паралипоменон,36,23,26,יְהוָ֧ה,Яхве,Господь
ВЗ,ezra,Ездра,1,1,7,יְהוָ֖ה,Яхве,Господь
ВЗ,ezra,Ездра,1,1,11,יְהוָ֗ה,Яхве,Господь
ВЗ,ezra,Ездра,1,1,23,לֵאמֹֽר\׃,"к, говоря",говоря
ВЗ,ezra,Ездра,1,2,10,יְהוָ֖ה,Яхве,Господь
ВЗ,ezra,Ездра,1,3,14,יְהוָה֙,Яхве,Господь
ВЗ,ezra,Ездра,1,5,16,יְהוָ֖ה,Яхве,Господь
ВЗ,ezra,Ездра,1,7,6,יְהוָ֑ה,Яхве,Господь
ВЗ,ezra,Ездра,2,68,4,יְהוָ֖ה,Яхве,Господь
ВЗ,ezra,Ездра,3,3,12,לַֽיהוָ֔ה,"к, Яхве","к, Господь"
ВЗ,ezra,Ездра,3,5,6,יְהוָ֖ה,Яхве,Господь
ВЗ,ezra,Ездра,3,5,11,לַיהוָֽה\׃,"к, Яхве","к, Господь"
ВЗ,ezra,Ездра,3,6,7,לַיהוָ֑ה,"к, Яхве","к, Господь"
ВЗ,ezra,Ездра,3,6,9,יְהוָ֖ה,Яхве,Господь
ВЗ,ezra,Ездра,3,8,35,יְהוָֽה\׃\ \פ,Яхве,Господь
ВЗ,ezra,Ездра,3,10,4,יְהוָ֑ה,Яхве,Господь
ВЗ,ezra,Ездра,3,10,15,יְהוָ֔ה,Яхве,Господь
ВЗ,ezra,Ездра,3,11,3,לַֽיהוָה֙,"к, Яхве","к, Господь"
ВЗ,ezra,Ездра,3,11,17,לַֽיהוָ֔ה,"к, Яхве","к, Господь"
ВЗ,ezra,Ездра,3,11,21,יְהוָֽה\׃\ \ס,Яхве,Господь
ВЗ,ezra,Ездра,4,1,9,לַיהוָ֖ה,"для, Яхве","для, Господь"
ВЗ,ezra,Ездра,4,2,14,וְל֣וֹ,"и, к, его","и, к нему"
ВЗ,ezra,Ездра,4,3,18,לַֽיהוָה֙,"для, Яхве","для, Господь"
ВЗ,ezra,Ездра,4,4,0,וַיְהִי֙,"и, оно был",и было
ВЗ,ezra,Ездра,4,11,5,עֲל֔וֹהִי,"к, его",к нему
ВЗ,ezra,Ездра,4,24,7,וַהֲוָת֙,"и, оно был",и было
ВЗ,ezra,Ездра,5,7,2,עֲל֑וֹהִי,"к, его",к нему
ВЗ,ezra,Ездра,5,15,1,לֵ֓הּ\׀,"к, его",к нему
ВЗ,ezra,Ездра,6,2,0,וְהִשְׁתְּכַ֣ח,"и, оно был нашёл",и было нашёл
ВЗ,ezra,Ездра,6,15,0,וְשֵׁיצִיא֙,"и, оно был принёс вперёд",и было принёс вперёд
ВЗ,ezra,Ездра,6,21,12,לַֽיהוָ֖ה,"к, Яхве","к, Господь"
ВЗ,ezra,Ездра,6,22,8,יְהוָ֗ה,Яхве,Господь
ВЗ,ezra,Ездра,7,6,11,יְהוָ֖ה,Яхве,Господь
ВЗ,ezra,Ездра,7,6,15,ל֣וֹ,"к, его",к нему
ВЗ,ezra,Ездра,7,6,18,יְהוָ֤ה,Яхве,Господь
ВЗ,ezra,Ездра,7,10,7,יְהוָ֖ה,Яхве,Господь
ВЗ,ezra,Ездра,7,10,9,וּלְלַמֵּ֥ד,"и, к, учить","и, понять"
ВЗ,ezra,Ездра,7,11,13,יְהוָ֛ה,Яхве,Господь
ВЗ,ezra,Ездра,7,27,1,יְהוָ֖ה,Яхве,Господь
ВЗ,ezra,Ездра,7,27,12,יְהוָ֖ה,Яхве,Господь
ВЗ,ezra,Ездра,7,28,13,יְהוָ֤ה,Яхве,Господь
ВЗ,ezra,Ездра,8,1,3,וְהִתְיַחְשָׂ֑ם,"и, рекординг генеалогй, они","и, рекординг генеалогия, они"
ВЗ,ezra,Ездра,8,22,13,לֵאמֹ֗ר,"к, говоря",говоря
ВЗ,ezra,Ездра,8,28,4,לַיהוָ֔ה,"к, Яхве","к, Господь"
ВЗ,ezra,Ездра,8,28,10,לַיהוָ֖ה,"к, Яхве","к, Господь"
ВЗ,ezra,Ездра,8,29,14,יְהוָֽה\׃,Яхве,Господь
ВЗ,ezra,Ездра,8,34,3,וַיִּכָּתֵ֥ב,"и, оно был написанное вниз",и было написанное вниз
ВЗ,ezra,Ездра,8,35,26,לַיהוָֽה\׃\ \פ,"к, Яхве","к, Господь"
ВЗ,ezra,Ездра,9,1,5,לֵאמֹ֔ר,"к, говоря",говоря
ВЗ,ezra,Ездра,9,5,13,יְהוָ֥ה,Яхве,Господь
ВЗ,ezra,Ездра,9,8,6,יְהוָ֣ה,Яхве,Господь
ВЗ,ezra,Ездра,9,11,5,לֵאמֹר֒,"к, говоря",говоря
ВЗ,ezra,Ездра,9,15,0,יְהוָ֞ה,О Яхве,О Господь
ВЗ,ezra,Ездра,10,1,9,אֵלָ֨יו,"к, его",к нему
ВЗ,ezra,Ездра,10,11,3,לַיהוָ֥ה,"к, Яхве","к, Господь"
ВЗ,ezra,Ездра,10,13,9,וְהַמְּלָאכָ֗ה,"и, бусинесс","и, дело"
ВЗ,ezra,Ездра,10,18,0,וַיִּמָּצֵא֙,"и, оно был нашёл",и было нашёл
ВЗ,nehemiah,Неемия,1,1,4,וַיְהִ֤י,"и, оно был",и было
ВЗ,nehemiah,Неемия,1,4,0,וַיְהִ֞י,"и, оно был",и было
ВЗ,nehemiah,Неемия,1,5,2,יְהוָה֙,О Яхве,О Господь
ВЗ,nehemiah,Неемия,1,8,9,לֵאמֹ֑ר,"к, говоря",говоря
ВЗ,nehemiah,Неемия,2,1,0,וַיְהִ֣י\׀,"и, оно был",и было
ВЗ,nehemiah,Неемия,2,6,12,וַיִּיטַ֤ב,"и, оно был хороший",и было хороший
ВЗ,nehemiah,Неемия,2,6,17,ל֖וֹ,"к, его",к нему
ВЗ,nehemiah,Неемия,2,10,6,וַיֵּ֥רַע,"и, оно был дисплеасинг",и было дисплеасинг
ВЗ,nehemiah,Неемия,5,1,0,וַתְּהִ֨י,"и, оно был",и было
ВЗ,nehemiah,Неемия,5,13,28,יְהוָ֔ה,Яхве,Господь
ВЗ,nehemiah,Неемия,6,1,0,וַיְהִ֣י,"и, оно был",и было
ВЗ,nehemiah,Неемия,6,2,4,לֵאמֹ֔ר,"к, говоря",говоря
ВЗ,nehemiah,Неемия,6,3,3,לֵאמֹ֔ר,"к, говоря",говоря
ВЗ,nehemiah,Неемия,6,7,6,לֵאמֹ֗ר,"к, говоря",говоря
ВЗ,nehemiah,Неемия,6,8,1,אֵלָיו֙,"к, его",к нему
ВЗ,nehemiah,Неемия,6,8,2,לֵאמֹ֔ר,"к, говоря",говоря
ВЗ,nehemiah,Неемия,6,9,4,לֵאמֹ֔ר,"к, говоря",говоря
ВЗ,nehemiah,Неемия,6,15,0,וַתִּשְׁלַם֙,"и, оно был завершённый",и было завершённый
ВЗ,nehemiah,Неемия,6,16,0,וַיְהִ֗י,"и, оно был",и было
ВЗ,nehemiah,Неемия,6,18,5,ל֔וֹ,"к, его",к нему
ВЗ,nehemiah,Неемия,6,19,8,ל֑וֹ,"к, его",к нему
ВЗ,nehemiah,Неемия,7,1,0,וַיְהִ֗י,"и, оно был",и было
ВЗ,nehemiah,Неемия,7,5,14,הַיַּ֙חַשׂ֙,генеалогй,генеалогия
ВЗ,nehemiah,Неемия,8,1,21,יְהוָ֖ה,Яхве,Господь
ВЗ,nehemiah,Неемия,8,6,3,יְהוָ֥ה,Яхве,Господь
ВЗ,nehemiah,Неемия,8,6,15,לַיהוָ֖ה,"к, Яхве","к, Господь"
ВЗ,nehemiah,Неемия,8,9,16,לַיהוָ֣ה,"к, Яхве","к, Господь"
ВЗ,nehemiah,Неемия,8,10,20,יְהוָ֖ה,Яхве,Господь
ВЗ,nehemiah,Неемия,8,11,4,לֵאמֹ֣ר,"к, говоря",говоря
ВЗ,nehemiah,Неемия,8,14,5,יְהוָה֙,Яхве,Господь
ВЗ,nehemiah,Неемия,8,15,7,לֵאמֹר֒,"к, говоря",говоря
ВЗ,nehemiah,Неемия,8,17,22,וַתְּהִ֥י,"и, оно был",и было
ВЗ,nehemiah,Неемия,9,3,6,יְהוָ֛ה,Яхве,Господь
ВЗ,nehemiah,Неемия,9,3,13,לַיהוָ֖ה,"к, Яхве","к, Господь"
ВЗ,nehemiah,Неемия,9,4,16,יְהוָ֖ה,Яхве,Господь
ВЗ,nehemiah,Неемия,9,5,13,יְהוָ֣ה,Яхве,Господь
ВЗ,nehemiah,Неемия,9,6,2,יְהוָה֮,есть Яхве,есть Господь
ВЗ,nehemiah,Неемия,9,7,2,יְהוָ֣ה,есть Яхве,есть Господь
ВЗ,nehemiah,Неемия,12,43,15,וַתִּשָּׁמַ֛ע,"и, оно был услышал",и было услышал
ВЗ,nehemiah,Неемия,13,1,7,וְנִמְצָא֙,"и, оно был нашёл",и было нашёл
ВЗ,nehemiah,Неемия,13,3,0,וַיְהִ֖י,"и, оно был",и было
ВЗ,nehemiah,Неемия,13,8,0,וַיֵּ֥רַֽע,"и, оно был дисплеасинг",и было дисплеасинг
ВЗ,nehemiah,Неемия,13,19,0,וַיְהִ֡י,"и, оно был",и было
ВЗ,nehemiah,Неемия,13,26,12,כָּמֹ֗הוּ,"как, его",как нему
ВЗ,esther,Есфирь,1,1,0,וַיְהִ֖י,"и, оно был",и было
ВЗ,esther,Есфирь,1,14,1,אֵלָ֗יו,"к, его",к нему
ВЗ,esther,Есфирь,1,21,0,וַיִּיטַב֙,"и, оно был хороший",и было хороший
ВЗ,esther,Есфирь,2,4,8,וַיִּיטַ֧ב,"и, оно был хороший",и было хороший
ВЗ,esther,Есфирь,2,8,0,וַיְהִ֗י,"и, оно был",и было
ВЗ,esther,Есфирь,2,22,0,וַיִּוָּדַ֤ע,"и, оно был сделал известный",и было сделал известный
ВЗ,esther,Есфирь,2,23,0,וַיְבֻקַּ֤שׁ,"и, оно был искал",и было искал
ВЗ,esther,Есфирь,2,23,2,וַיִּמָּצֵ֔א,"и, оно был нашёл",и было нашёл
ВЗ,esther,Есфирь,2,23,7,וַיִּכָּתֵ֗ב,"и, оно был написанное",и было написанное
ВЗ,esther,Есфирь,3,2,12,ל֣וֹ,"к, его",к нему
ВЗ,esther,Есфирь,3,4,0,וַיְהִ֗י,"и, оно был",и было
ВЗ,esther,Есфирь,3,4,2,אֵלָיו֙,"к, его",к нему
ВЗ,esther,Есфирь,3,5,7,ל֑וֹ,"к, его",к нему
ВЗ,esther,Есфирь,3,6,8,ל֖וֹ,"к, его",к нему
ВЗ,esther,Есфирь,3,12,9,וַיִּכָּתֵ֣ב,"и, оно был написанное",и было написанное
ВЗ,esther,Есфирь,3,12,37,וְנֶחְתָּ֖ם,"и, оно был запечатан",и было запечатан
ВЗ,esther,Есфирь,4,7,1,ל֣וֹ,"к, его",к нему
ВЗ,esther,Есфирь,4,7,6,קָרָ֑הוּ,"оно имел случилось к, его",оно имел случилось к нему
ВЗ,esther,Есфирь,4,8,9,ל֔וֹ,"к, его",к нему
ВЗ,esther,Есфирь,4,8,21,ל֛וֹ,"к, его",к нему
ВЗ,esther,Есфирь,4,11,27,ל֥וֹ,"к, его",к нему
ВЗ,esther,Есфирь,4,17,6,עָלָ֖יו,"к, его",к нему
ВЗ,esther,Есфирь,5,1,0,וַיְהִ֣י\׀,"и, оно был",и было
ВЗ,esther,Есфирь,5,2,0,וַיְהִי֩,"и, оно был",и было
ВЗ,esther,Есфирь,5,14,1,לוֹ֩,"к, его",к нему
ВЗ,esther,Есфирь,5,14,24,וַיִּיטַ֧ב,"и, оно был хороший",и было хороший
ВЗ,esther,Есфирь,6,2,0,וַיִּמָּצֵ֣א,"и, оно был нашёл",и было нашёл
ВЗ,esther,Есфирь,6,5,3,אֵלָ֔יו,"к, его",к нему
ВЗ,esther,Есфирь,6,6,3,לוֹ֙,"к, его",к нему
ВЗ,esther,Есфирь,6,13,9,קָרָ֑הוּ,"оно имел случилось к, его",оно имел случилось к нему
ВЗ,esther,Есфирь,6,13,11,ל֨וֹ,"к, его",к нему
ВЗ,esther,Есфирь,6,13,25,ל֔וֹ,"к, его",к нему
ВЗ,esther,Есфирь,7,8,24,יָצָא֙,оно пришёл вне,было вне
ВЗ,esther,Есфирь,8,3,10,ל֗וֹ,"к, его",к нему
ВЗ,esther,Есфирь,8,9,13,וַיִּכָּתֵ֣ב,"и, оно был написанное",и было написанное
ВЗ,esther,Есфирь,9,1,23,וְנַהֲפ֣וֹךְ,"и, оно был реверсед",и было реверсед
ВЗ,esther,Есфирь,9,11,2,בָּ֣א,оно пришёл,было
ВЗ,esther,Есфирь,9,14,4,וַתִּנָּתֵ֥ן,"и, оно был данный",и было данный
ВЗ,esther,Есфирь,9,32,6,וְנִכְתָּ֖ב,"и, оно был написанное",и было написанное
ВЗ,job,Иов,1,1,4,אִיּ֣וֹב,был Иов,Иов
ВЗ,job,Иов,1,2,1,ל֛וֹ,"к, его",к нему
ВЗ,job,Иов,1,3,0,וַיְהִ֣י,"и, оно был",и было
ВЗ,job,Иов,1,5,0,וַיְהִ֡י,"и, оно был",и было
ВЗ,job,Иов,1,6,0,וַיְהִ֣י,"и, оно был",и было
ВЗ,job,Иов,1,6,7,יְהוָ֑ה,Яхве,Господь
ВЗ,job,Иов,1,7,1,יְהוָ֛ה,Яхве,Господь
ВЗ,job,Иов,1,7,9,יְהוָה֙,Яхве,Господь
ВЗ,job,Иов,1,8,1,יְהוָה֙,Яхве,Господь
ВЗ,job,Иов,1,8,11,כָּמֹ֙הוּ֙,"есть как, его",есть как нему
ВЗ,job,Иов,1,9,3,יְהוָ֖ה,Яхве,Господь
ВЗ,job,Иов,1,10,9,ל֖וֹ,"принадлежит к, его",принадлежит к нему
ВЗ,job,Иов,1,11,7,ל֑וֹ,"принадлежит к, его",принадлежит к нему
ВЗ,job,Иов,1,12,1,יְהוָ֜ה,Яхве,Господь
ВЗ,job,Иов,1,12,7,לוֹ֙,"принадлежит к, его",принадлежит к нему
ВЗ,job,Иов,1,12,18,יְהוָֽה\׃,Яхве,Господь
ВЗ,job,Иов,1,13,0,וַיְהִ֖י,"и, оно был",и было
ВЗ,job,Иов,1,19,3,בָּ֣אָה\׀,оно пришёл,было
ВЗ,job,Иов,1,21,8,יְהוָ֣ה,Яхве,Господь
ВЗ,job,Иов,1,21,10,וַיהוָ֖ה,"и, Яхве","и, Господь"
ВЗ,job,Иов,1,21,14,יְהוָ֖ה,Яхве,Господь
ВЗ,job,Иов,2,1,0,וַיְהִ֣י,"и, оно был",и было
ВЗ,job,Иов,2,1,7,יְהוָ֑ה,Яхве,Господь
ВЗ,job,Иов,2,1,14,יְהוָֽה\׃,Яхве,Господь
ВЗ,job,Иов,2,2,1,יְהוָה֙,Яхве,Господь
ВЗ,job,Иов,2,2,10,יְהוָה֙,Яхве,Господь
ВЗ,job,Иов,2,3,1,יְהוָ֜ה,Яхве,Господь
ВЗ,job,Иов,2,3,11,כָּמֹ֜הוּ,"есть как, его",есть как нему
ВЗ,job,Иов,2,4,3,יְהוָ֖ה,Яхве,Господь
ВЗ,job,Иов,2,6,1,יְהוָ֛ה,Яхве,Господь
ВЗ,job,Иов,2,7,4,יְהוָ֑ה,Яхве,Господь
ВЗ,job,Иов,2,9,1,לוֹ֙,"к, его",к нему
ВЗ,job,Иов,2,11,23,ל֖וֹ,"к, его",к нему
ВЗ,job,Иов,2,13,9,אֵלָיו֙,"к, его",к нему
ВЗ,job,Иов,3,25,3,וַיֶּאֱתָיֵ֑נִי,"и, оно пришёл к, меня","и, было к, меня"
ВЗ,job,Иов,3,25,6,יָ֣בֹא,оно пришёл,было
ВЗ,job,Иов,7,17,6,אֵלָ֣יו,"к, его",к нему
ВЗ,job,Иов,8,4,3,ל֑וֹ,"к, его",к нему
ВЗ,job,Иов,9,4,6,אֵ֝לָ֗יו,"к, его",к нему
ВЗ,job,Иов,9,11,8,לֽוֹ\׃,"к, его",к нему
ВЗ,job,Иов,9,12,6,אֵ֝לָ֗יו,"к, его",к нему
ВЗ,job,Иов,11,13,5,אֵלָ֣יו,"к, его",к нему
ВЗ,job,Иов,12,9,7,יְ֝הוָה,Яхве,Господь
ВЗ,job,Иов,12,13,3,ל֝֗וֹ,"принадлежать к, его",принадлежать к нему
ВЗ,job,Иов,12,16,3,ל֝֗וֹ,"принадлежать к, его",принадлежать к нему
ВЗ,job,Иов,13,12,1,מִשְׁלֵי\־,есть провербс,есть притчи
ВЗ,job,Иов,13,15,2,ל֣וֹ,"к, его",к нему
ВЗ,job,Иов,15,21,5,יְבוֹאֶֽנּוּ\׃,"он будет прийти к, его",он будет прийти к нему
ВЗ,job,Иов,15,27,3,בְּחֶלְבּ֑וֹ,"с, тук, его","с, тук нему"
ВЗ,job,Иов,18,6,3,וְ֝נֵר֗וֹ,"и, светильник, его","и, светильник нему"
ВЗ,job,Иов,18,14,1,מֵ֭אָהֳלוֹ,"от, шатёр, его","из шатра, его"
ВЗ,job,Иов,18,15,3,ל֑וֹ,"белонгинг к, его",белонгинг к нему
ВЗ,job,Иов,18,17,6,ל֝֗וֹ,"принадлежит к, его",принадлежит к нему
ВЗ,job,Иов,18,19,2,ל֣וֹ,"принадлежит к, его",принадлежит к нему
ВЗ,job,Иов,19,16,7,לֽוֹ\׃,"к, его",к нему
ВЗ,job,Иов,19,28,4,ל֑וֹ,"к, его",к нему
ВЗ,job,Иов,20,12,6,לְשׁוֹנֽוֹ\׃,"язык, его",язык нему
ВЗ,job,Иов,20,22,3,ל֑וֹ,"к, его",к нему
ВЗ,job,Иов,20,22,7,תְּבוֹאֶֽנּוּ\׃,"оно будет прийти к, его",оно будет прийти к нему
ВЗ,job,Иов,20,25,1,וַיֵּצֵ֪א,"и, оно пришёл вне","и, было вне"
ВЗ,job,Иов,20,27,5,לֽוֹ\׃,"к, его",к нему
ВЗ,job,Иов,21,19,5,אֵלָ֣יו,"к, его",к нему
ВЗ,job,Иов,21,31,9,לֽוֹ\׃,"к, его",к нему
ВЗ,job,Иов,21,33,1,ל֗וֹ,"к, его",к нему
ВЗ,job,Иов,22,8,2,ל֣וֹ,"принадлежит к, его",принадлежит к нему
ВЗ,job,Иов,22,23,7,מֵאָהֳלֶֽךָ\׃,"от, шатёр, твой","из шатра, твой"
ВЗ,job,Иов,22,27,1,אֵ֭לָיו,"к, его",к нему
ВЗ,job,Иов,23,8,7,לֽוֹ\׃,"к, его",к нему
ВЗ,job,Иов,24,15,4,לֵ֭אמֹר,"к, говоря",говоря
ВЗ,job,Иов,24,20,7,וַתִּשָּׁבֵ֖ר,"и, оно был сломанный",и было сломанный
ВЗ,job,Иов,24,23,1,ל֣וֹ,"к, его",к нему
ВЗ,job,Иов,29,2,3,קֶ֑דֶם,долгий назад,давно
ВЗ,job,Иов,29,3,1,נֵ֭רוֹ,"светильник, его",светильник нему
ВЗ,job,Иов,29,12,7,לֽוֹ\׃,"принадлежал к, его",принадлежал к нему
ВЗ,job,Иов,29,13,3,תָּבֹ֑א,оно пришёл,было
ВЗ,job,Иов,30,26,3,וַיָּ֣בֹא,"и, оно пришёл","и, было"
ВЗ,job,Иов,30,26,7,וַיָּ֥בֹא,"и, оно пришёл","и, было"
ВЗ,job,Иов,31,14,8,אֲשִׁיבֶֽנּוּ\׃,"будет я респонд к, его",будет я респонд к нему
ВЗ,job,Иов,31,27,0,וַיִּ֣פְתְּ,"и, оно был гуллибле",и было гуллибле
ВЗ,job,Иов,31,37,2,אַגִּידֶ֑נּוּ,"я будет сказать к, его",я будет сказать к нему
ВЗ,job,Иов,32,14,6,אֲשִׁיבֶֽנּוּ\׃,"я будет респонд к, его",я будет респонд к нему
ВЗ,job,Иов,33,24,0,וַיְחֻנֶּ֗נּוּ,"и, он показал благоволение к, его","и, он показал благоволение к нему"
ВЗ,job,Иов,34,11,4,ל֑וֹ,"к, его",к нему
ВЗ,job,Иов,34,28,1,עָ֭לָיו,"к, его",к нему
ВЗ,job,Иов,35,6,9,לּֽוֹ\׃,"к, его",к нему
ВЗ,job,Иов,35,7,4,ל֑וֹ,"к, его",к нему
ВЗ,job,Иов,36,22,5,כָמֹ֣הוּ,"как, его",как нему
ВЗ,job,Иов,37,19,3,ל֑וֹ,"к, его",к нему
ВЗ,job,Иов,37,20,1,ל֭וֹ,"к, его",к нему
ВЗ,job,Иов,38,1,1,יְהוָ֣ה,Яхве,Господь
ВЗ,job,Иов,38,8,5,יֵצֵֽא\׃,оно пришёл вперёд,было вперёд
ВЗ,job,Иов,40,1,1,יְהוָ֥ה,Яхве,Господь
ВЗ,job,Иов,40,3,3,יְהוָ֗ה,Яхве,Господь
ВЗ,job,Иов,40,6,1,יְהוָ֣ה,Яхве,Господь
ВЗ,job,Иов,40,9,5,כָּמֹ֥הוּ,"как, его",как нему
ВЗ,job,Иов,42,1,3,יְהוָ֗ה,Яхве,Господь
ВЗ,job,Иов,42,7,0,וַיְהִ֗י,"и, оно был",и было
ВЗ,job,Иов,42,7,3,יְהוָ֛ה,Яхве,Господь
ВЗ,job,Иов,42,7,10,יְהוָ֜ה,Яхве,Господь
ВЗ,job,Иов,42,9,11,יְהוָ֑ה,Яхве,Господь
ВЗ,job,Иов,42,9,13,יְהוָ֖ה,Яхве,Господь
ВЗ,job,Иов,42,10,0,וַֽיהוָ֗ה,"и, Яхве","и, Господь"
ВЗ,job,Иов,42,10,9,יְהוָ֛ה,Яхве,Господь
ВЗ,job,Иов,42,11,1,אֵ֠לָיו,"к, его",к нему
ВЗ,job,Иов,42,11,14,לוֹ֙,"к, его",к нему
ВЗ,job,Иов,42,11,22,יְהוָ֖ה,Яхве,Господь
ВЗ,job,Иов,42,11,25,ל֗וֹ,"к, его",к нему
ВЗ,job,Иов,42,12,0,וַֽיהוָ֗ה,"и, Яхве","и, Господь"
ВЗ,job,Иов,42,12,7,ל֡וֹ,"к, его",к нему
ВЗ,job,Иов,42,13,1,ל֛וֹ,"к, его",к нему
ВЗ,psalms,Псалтирь,1,2,3,יְהוָ֗ה,Яхве,Господь
ВЗ,psalms,Псалтирь,1,6,2,יְ֭הוָה,Яхве,Господь
ВЗ,psalms,Псалтирь,2,2,7,יְ֝הוָה,Яхве,Господь
ВЗ,psalms,Псалтирь,2,7,3,יְֽהוָ֗ה,Яхве,Господь
ВЗ,psalms,Псалтирь,2,11,2,יְהוָ֣ה,Яхве,Господь
ВЗ,psalms,Псалтирь,10,1,1,יְ֭הוָה,О Яхве,О Господь
ВЗ,psalms,Псалтирь,10,3,9,יְהוָֽה\׃,Яхве,Господь
ВЗ,psalms,Псалтирь,10,7,6,לְ֝שׁוֹנ֗וֹ,"язык, его",язык нему
ВЗ,psalms,Псалтирь,10,12,1,יְהוָ֗ה,О Яхве,О Господь
ВЗ,psalms,Псалтирь,10,16,0,יְהוָ֣ה,Яхве,Господь
ВЗ,psalms,Псалтирь,10,17,3,יְהוָ֑ה,О Яхве,О Господь
ВЗ,psalms,Псалтирь,11,1,0,בַּֽיהוָ֨ה\׀,"в, Яхве","в, Господь"
ВЗ,psalms,Псалтирь,11,4,0,יְהוָ֤ה\׀,Яхве,Господь
ВЗ,psalms,Псалтирь,11,4,3,יְהוָה֮,Яхве,Господь
ВЗ,psalms,Псалтирь,11,5,0,יְהוָה֮,Яхве,Господь
ВЗ,psalms,Псалтирь,11,7,2,יְ֭הוָה,Яхве,Господь
ВЗ,psalms,Псалтирь,13,6,1,לַיהוָ֑ה,"к, Яхве","к, Господь"
ВЗ,psalms,Псалтирь,14,2,0,יְֽהוָ֗ה,Яхве,Господь
ВЗ,psalms,Псалтирь,14,4,9,יְ֝הוָ֗ה,Яхве,Господь
ВЗ,psalms,Псалтирь,14,6,4,יְהוָ֣ה,Яхве,Господь
ВЗ,psalms,Псалтирь,14,7,6,יְ֭הוָה,Яхве,Господь
ВЗ,psalms,Псалтирь,15,1,0,יְ֭הֹוָה,О Яхве,О Господь
ВЗ,psalms,Псалтирь,15,3,3,לְשֹׁנ֗וֹ,"язык, его",язык нему
ВЗ,psalms,Псалтирь,15,4,5,יְהוָ֣ה,Яхве,Господь
ВЗ,psalms,Псалтирь,16,2,1,לַֽ֭יהוָה,"к, Яхве","к, Господь"
ВЗ,psalms,Псалтирь,16,5,0,יְֽהוָ֗ה,Яхве,Господь
ВЗ,psalms,Псалтирь,16,7,2,יְ֭הוָה,Яхве,Господь
ВЗ,psalms,Псалтирь,16,8,1,יְהוָ֣ה,Яхве,Господь
ВЗ,psalms,Псалтирь,17,1,1,יְהוָ֨ה\׀,О Яхве,О Господь
ВЗ,psalms,Псалтирь,17,13,1,יְהוָ֗ה,О Яхве,О Господь
ВЗ,psalms,Псалтирь,17,14,2,יְהוָ֡ה,О Яхве,О Господь
ВЗ,psalms,Псалтирь,23,1,0,יְהוָ֥ה,Яхве,Господь
ВЗ,psalms,Псалтирь,23,6,9,יְ֝הוָ֗ה,Яхве,Господь
ВЗ,psalms,Псалтирь,24,1,0,לַֽ֭יהוָה,"принадлежит к, Яхве","принадлежит к, Господь"
ВЗ,psalms,Псалтирь,24,3,3,יְהוָ֑ה,Яхве,Господь
ВЗ,psalms,Псалтирь,24,5,3,יְהוָ֑ה,Яхве,Господь
ВЗ,psalms,Псалтирь,24,8,4,יְ֭הוָה,Яхве,Господь
ВЗ,psalms,Псалтирь,24,8,7,יְ֝הוָ֗ה,Яхве,Господь
ВЗ,psalms,Псалтирь,24,10,5,יְהוָ֥ה,Яхве,Господь
ВЗ,psalms,Псалтирь,25,1,1,יְ֝הוָ֗ה,О Яхве,О Господь
ВЗ,psalms,Псалтирь,25,4,1,יְ֭הוָה,О Яхве,О Господь
ВЗ,psalms,Псалтирь,25,6,2,יְ֭הוָה,О Яхве,О Господь
ВЗ,psalms,Псалтирь,25,6,5,מֵעוֹלָ֣ם,"есть от, долгий назад","есть от, давно"
ВЗ,psalms,Псалтирь,25,7,11,יְהוָֽה\׃,О Яхве,О Господь
ВЗ,psalms,Псалтирь,25,8,2,יְהוָ֑ה,Яхве,Господь
ВЗ,psalms,Псалтирь,25,10,2,יְ֭הוָה,Яхве,Господь
ВЗ,psalms,Псалтирь,25,11,2,יְהוָ֑ה,О Яхве,О Господь
ВЗ,psalms,Псалтирь,25,12,4,יְהוָ֑ה,Яхве,Господь
ВЗ,psalms,Псалтирь,25,14,1,יְ֭הוָה,Яхве,Господь
ВЗ,psalms,Псалтирь,25,15,3,יְהוָ֑ה,Яхве,Господь
ВЗ,psalms,Псалтирь,25,21,5,יְהוָה,Яхве,Господь
ВЗ,psalms,Псалтирь,26,1,1,יְהוָ֗ה,О Яхве,О Господь
ВЗ,psalms,Псалтирь,26,1,6,וּבַיהוָ֥ה,"и, в, Яхве","и, в, Господь"
ВЗ,psalms,Псалтирь,26,2,1,יְהוָ֣ה,О Яхве,О Господь
ВЗ,psalms,Псалтирь,26,6,6,יְהוָֽה\׃,О Яхве,О Господь
ВЗ,psalms,Псалтирь,26,8,0,יְֽהוָ֗ה,О Яхве,О Господь
ВЗ,psalms,Псалтирь,26,12,5,יְהוָֽה\׃,Яхве,Господь
ВЗ,psalms,Псалтирь,27,1,0,יְהוָ֤ה\׀,Яхве,Господь
ВЗ,psalms,Псалтирь,27,1,5,יְהוָ֥ה,Яхве,Господь
ВЗ,psalms,Псалтирь,27,4,3,יְהוָה֮,Яхве,Господь
ВЗ,psalms,Псалтирь,27,4,8,יְ֭הוָה,Яхве,Господь
ВЗ,psalms,Псалтирь,27,4,14,יְ֝הוָ֗ה,Яхве,Господь
ВЗ,psalms,Псалтирь,27,6,12,לַיהוָֽה\׃,"к, Яхве","к, Господь"
ВЗ,psalms,Псалтирь,27,7,1,יְהוָ֖ה,О Яхве,О Господь
ВЗ,psalms,Псалтирь,27,8,7,יְהוָ֣ה,О Яхве,О Господь
ВЗ,psalms,Псалтирь,27,10,4,וַֽיהוָ֣ה,"и, Яхве","и, Господь"
ВЗ,psalms,Псалтирь,27,11,1,יְהוָ֗ה,О Яхве,О Господь
ВЗ,psalms,Псалтирь,27,13,4,יְהוָ֗ה,Яхве,Господь
ВЗ,psalms,Псалтирь,27,14,2,יְה֫וָ֥ה,Яхве,Господь
ВЗ,psalms,Псалтирь,27,14,8,יְהוָֽה\׃,Яхве,Господь
ВЗ,psalms,Псалтирь,28,1,1,יְהוָ֨ה\׀,О Яхве,О Господь
ВЗ,psalms,Псалтирь,28,5,5,יְ֭הוָה,Яхве,Господь
ВЗ,psalms,Псалтирь,28,6,1,יְהוָ֑ה,Яхве,Господь
ВЗ,psalms,Псалтирь,28,7,0,יְהוָ֤ה\׀,Яхве,Господь
ВЗ,psalms,Псалтирь,28,7,10,אֲהוֹדֶֽנּוּ\׃,"я будет давать благодарение к, его",я будет давать благодарение к нему
ВЗ,psalms,Псалтирь,28,8,0,יְהוָ֥ה,Яхве,Господь
ВЗ,psalms,Псалтирь,29,1,1,לַֽ֭יהוָה,"к, Яхве","к, Господь"
ВЗ,psalms,Псалтирь,29,1,5,לַ֝יהוָ֗ה,"к, Яхве","к, Господь"
ВЗ,psalms,Псалтирь,29,2,1,לַֽ֭יהוָה,"к, Яхве","к, Господь"
ВЗ,psalms,Псалтирь,29,2,5,לַ֝יהוָ֗ה,"к, Яхве","к, Господь"
ВЗ,psalms,Псалтирь,29,3,1,יְהוָ֗ה,Яхве,Господь
ВЗ,psalms,Псалтирь,29,3,7,יְ֝הוָ֗ה,Яхве,Господь
ВЗ,psalms,Псалтирь,29,4,1,יְהוָ֥ה,Яхве,Господь
ВЗ,psalms,Псалтирь,29,4,4,יְ֝הוָ֗ה,Яхве,Господь
ВЗ,psalms,Псалтирь,29,5,1,יְ֭הוָה,Яхве,Господь
ВЗ,psalms,Псалтирь,29,5,5,יְ֝הוָ֗ה,Яхве,Господь
ВЗ,psalms,Псалтирь,29,7,1,יְהוָ֥ה,Яхве,Господь
ВЗ,psalms,Псалтирь,29,8,1,יְ֭הוָה,Яхве,Господь
ВЗ,psalms,Псалтирь,29,8,5,יְ֝הוָ֗ה,Яхве,Господь
ВЗ,psalms,Псалтирь,29,9,1,יְהוָ֨ה\׀,Яхве,Господь
ВЗ,psalms,Псалтирь,29,10,0,יְ֭הוָה,Яхве,Господь
ВЗ,psalms,Псалтирь,29,10,4,יְ֝הוָ֗ה,Яхве,Господь
ВЗ,psalms,Псалтирь,29,11,0,יְֽהוָ֗ה,Яхве,Господь
ВЗ,psalms,Псалтирь,29,11,4,יְהוָ֓ה\׀,Яхве,Господь
ВЗ,psalms,Псалтирь,32,2,4,יְהוָ֣ה,Яхве,Господь
ВЗ,psalms,Псалтирь,32,2,5,ל֣וֹ,"к, его",к нему
ВЗ,psalms,Псалтирь,32,5,9,לַיהוָ֑ה,"к, Яхве","к, Господь"
ВЗ,psalms,Псалтирь,32,6,12,אֵ֝לָ֗יו,"к, его",к нему
ВЗ,psalms,Псалтирь,32,10,4,בַּיהוָ֑ה,"в, Яхве","в, Господь"
ВЗ,psalms,Псалтирь,32,11,1,בַֽיהוָ֣ה,"в, Яхве","в, Господь"
ВЗ,psalms,Псалтирь,33,1,2,בַּֽיהוָ֑ה,"в, Яхве","в, Господь"
ВЗ,psalms,Псалтирь,33,2,1,לַיהוָ֣ה,"к, Яхве","к, Господь"
ВЗ,psalms,Псалтирь,33,2,6,לֽוֹ\׃,"к, его",к нему
ВЗ,psalms,Псалтирь,33,3,1,ל֭וֹ,"к, его",к нему
ВЗ,psalms,Псалтирь,33,4,3,יְהוָ֑ה,Яхве,Господь
ВЗ,psalms,Псалтирь,33,5,4,יְ֝הוָ֗ה,Яхве,Господь
ВЗ,psalms,Псалтирь,33,6,1,יְ֭הוָה,Яхве,Господь
ВЗ,psalms,Псалтирь,33,8,1,מֵ֭יְהוָה,"от, Яхве","от, Господь"
ВЗ,psalms,Псалтирь,33,9,3,וַיֶּ֑הִי,"и, оно был",и было
ВЗ,psalms,Псалтирь,33,10,0,יְֽהוָ֗ה,Яхве,Господь
ВЗ,psalms,Псалтирь,33,11,1,יְ֭הוָה,Яхве,Господь
ВЗ,psalms,Псалтирь,33,12,3,יְהוָ֣ה,Яхве,Господь
ВЗ,psalms,Псалтирь,33,13,2,יְהוָ֑ה,Яхве,Господь
ВЗ,psalms,Псалтирь,33,18,2,יְ֭הוָה,Яхве,Господь
ВЗ,psalms,Псалтирь,33,20,2,לַֽיהוָ֑ה,"для, Яхве","для, Господь"
ВЗ,psalms,Псалтирь,33,22,2,יְהוָ֣ה,О Яхве,О Господь
ВЗ,psalms,Псалтирь,35,1,1,יְ֭הוָה,О Яхве,О Господь
ВЗ,psalms,Псалтирь,35,5,5,יְהוָ֣ה,Яхве,Господь
ВЗ,psalms,Псалтирь,35,6,5,יְ֝הוָ֗ה,Яхве,Господь
ВЗ,psalms,Псалтирь,35,8,0,תְּבוֹאֵ֣הוּ,"да оно прийти к, его",да оно прийти к нему
ВЗ,psalms,Псалтирь,35,9,2,בַּיהוָ֑ה,"в, Яхве","в, Господь"
ВЗ,psalms,Псалтирь,35,10,3,יְהוָ֗ה,О Яхве,О Господь
ВЗ,psalms,Псалтирь,35,22,1,יְ֭הוָה,О Яхве,О Господь
ВЗ,psalms,Псалтирь,35,24,2,יְהוָ֥ה,О Яхве,О Господь
ВЗ,psalms,Псалтирь,35,27,7,יְהוָ֑ה,Яхве,Господь
ВЗ,psalms,Псалтирь,37,3,1,בַּֽ֭יהוָה,"в, Яхве","в, Господь"
ВЗ,psalms,Псалтирь,37,4,2,יְהוָ֑ה,Яхве,Господь
ВЗ,psalms,Псалтирь,37,5,2,יְהוָ֣ה,Яхве,Господь
ВЗ,psalms,Псалтирь,37,7,1,לַיהוָה֮,"к, Яхве","к, Господь"
ВЗ,psalms,Псалтирь,37,9,4,יְ֝הוָ֗ה,Яхве,Господь
ВЗ,psalms,Псалтирь,37,12,4,עָלָ֣יו,"к, его",к нему
ВЗ,psalms,Псалтирь,37,13,2,ל֑וֹ,"к, его",к нему
ВЗ,psalms,Псалтирь,37,17,6,יְהוָֽה\׃,Яхве,Господь
ВЗ,psalms,Псалтирь,37,18,1,יְ֭הוָה,Яхве,Господь
ВЗ,psalms,Псалтирь,37,20,4,יְ֭הוָה,Яхве,Господь
ВЗ,psalms,Псалтирь,37,23,0,מֵ֭יְהוָה,"от, Яхве","от, Господь"
ВЗ,psalms,Псалтирь,37,24,5,יְ֝הוָ֗ה,Яхве,Господь
ВЗ,psalms,Псалтирь,37,28,1,יְהוָ֨ה\׀,Яхве,Господь
ВЗ,psalms,Псалтирь,37,30,4,וּ֝לְשׁוֹנ֗וֹ,"и, язык, его","и, язык нему"
ВЗ,psalms,Псалтирь,37,33,0,יְ֭הוָה,Яхве,Господь
ВЗ,psalms,Псалтирь,37,34,2,יְהוָ֨ה\׀,Яхве,Господь
ВЗ,psalms,Псалтирь,37,39,2,מֵיְהוָ֑ה,"есть от, Яхве","есть от, Господь"
ВЗ,psalms,Псалтирь,37,40,1,יְהוָ֗ה,Яхве,Господь
ВЗ,psalms,Псалтирь,43,5,10,אוֹדֶ֑נּוּ,"я будет давать благодарение к, его",я будет давать благодарение к нему
ВЗ,psalms,Псалтирь,50,1,2,יְֽהוָ֗ה,Яхве,Господь
ВЗ,psalms,Псалтирь,66,17,0,אֵלָ֥יו,"к, его",к нему
ВЗ,psalms,Псалтирь,71,1,1,יְהוָ֥ה,О Яхве,О Господь
ВЗ,psalms,Псалтирь,71,5,4,יְ֝הוִ֗ה,Яхве,Господь
ВЗ,psalms,Псалтирь,71,11,0,לֵ֭אמֹר,"к, говоря",говоря
ВЗ,psalms,Псалтирь,71,16,3,יְהוִ֑ה,Яхве,Господь
ВЗ,psalms,Псалтирь,72,11,1,ל֥וֹ,"к, его",к нему
ВЗ,psalms,Псалтирь,72,12,7,לֽוֹ\׃,"принадлежит к, его",принадлежит к нему
ВЗ,psalms,Псалтирь,72,15,2,לוֹ֮,"к, его",к нему
ВЗ,psalms,Псалтирь,72,18,1,יְהוָ֣ה,Яхве,Господь
ВЗ,psalms,Псалтирь,73,28,7,יְהֹוִ֣ה,Яхве,Господь
ВЗ,psalms,Псалтирь,74,18,4,יְהוָ֑ה,О Яхве,О Господь
ВЗ,psalms,Псалтирь,78,4,7,יְהוָ֑ה,Яхве,Господь
ВЗ,psalms,Псалтирь,78,17,3,ל֑וֹ,"к, его",к нему
ВЗ,psalms,Псалтирь,78,21,2,יְהוָ֗ה,Яхве,Господь
ВЗ,psalms,Псалтирь,78,36,4,לֽוֹ\׃,"к, его",к нему
ВЗ,psalms,Псалтирь,79,5,2,יְ֭הוָה,О Яхве,О Господь
ВЗ,psalms,Псалтирь,86,1,1,יְהוָ֣ה,О Яхве,О Господь
ВЗ,psalms,Псалтирь,86,6,1,יְ֭הוָה,О Яхве,О Господь
ВЗ,psalms,Псалтирь,86,11,1,יְהוָ֨ה\׀,О Яхве,О Господь
ВЗ,psalms,Псалтирь,86,17,9,יְ֝הוָ֗ה,О Яхве,О Господь
ВЗ,psalms,Псалтирь,87,2,1,יְ֭הוָה,Яхве,Господь
ВЗ,psalms,Псалтирь,87,6,0,יְֽהוָ֗ה,Яхве,Господь
ВЗ,psalms,Псалтирь,90,13,1,יְ֭הוָה,О Яхве,О Господь
ВЗ,psalms,Псалтирь,91,2,1,לַֽ֭יהוָה,Яхве,Господь
ВЗ,psalms,Псалтирь,91,9,2,יְהוָ֣ה,Яхве,Господь
ВЗ,psalms,Псалтирь,93,1,0,יְהוָ֣ה,Яхве,Господь
ВЗ,psalms,Псалтирь,93,1,5,יְ֭הוָה,Яхве,Господь
ВЗ,psalms,Псалтирь,93,2,3,מֵֽעוֹלָ֣ם,"есть от, долгий назад","есть от, давно"
ВЗ,psalms,Псалтирь,93,3,2,יְֽהוָ֗ה,О Яхве,О Господь
ВЗ,psalms,Псалтирь,93,4,8,יְהוָֽה\׃,Яхве,Господь
ВЗ,psalms,Псалтирь,93,5,6,יְ֝הוָ֗ה,О Яхве,О Господь
ВЗ,psalms,Псалтирь,94,1,2,יְהוָ֑ה,О Яхве,О Господь
ВЗ,psalms,Псалтирь,94,3,3,יְהוָ֑ה,О Яхве,О Господь
ВЗ,psalms,Псалтирь,94,5,1,יְהוָ֣ה,О Яхве,О Господь
ВЗ,psalms,Псалтирь,94,7,3,יָּ֑הּ,Яхве,Господь
ВЗ,psalms,Псалтирь,94,11,0,יְֽהוָ֗ה,Яхве,Господь
ВЗ,psalms,Псалтирь,94,12,4,יָּ֑הּ,О Яхве,О Господь
ВЗ,psalms,Псалтирь,94,13,1,ל֭וֹ,"к, его",к нему
ВЗ,psalms,Псалтирь,94,14,3,יְהוָ֣ה,Яхве,Господь
ВЗ,psalms,Псалтирь,94,17,1,יְ֭הוָה,Яхве,Господь
ВЗ,psalms,Псалтирь,94,18,5,יְ֝הוָ֗ה,О Яхве,О Господь
ВЗ,psalms,Псалтирь,94,22,1,יְהוָ֣ה,Яхве,Господь
ВЗ,psalms,Псалтирь,94,23,7,יְהוָ֥ה,Яхве,Господь
ВЗ,psalms,Псалтирь,95,1,2,לַיהוָ֑ה,"к, Яхве","к, Господь"
ВЗ,psalms,Псалтирь,95,2,5,לֽוֹ\׃,"к, его",к нему
ВЗ,psalms,Псалтирь,95,3,3,יְהוָ֑ה,Яхве,Господь
ВЗ,psalms,Псалтирь,95,4,6,לֽוֹ\׃,"принадлежать к, его",принадлежать к нему
ВЗ,psalms,Псалтирь,95,5,1,ל֣וֹ,"принадлежит к, его",принадлежит к нему
ВЗ,psalms,Псалтирь,95,6,5,יְהוָ֥ה,Яхве,Господь
ВЗ,psalms,Псалтирь,96,1,1,לַ֭יהוָה,"к, Яхве","к, Господь"
ВЗ,psalms,Псалтирь,96,1,5,לַ֝יהוָ֗ה,"к, Яхве","к, Господь"
ВЗ,psalms,Псалтирь,96,2,1,לַ֭יהוָה,"к, Яхве","к, Господь"
ВЗ,psalms,Псалтирь,96,4,2,יְהוָ֣ה,Яхве,Господь
ВЗ,psalms,Псалтирь,96,5,5,וַֽ֝יהוָ֗ה,"и, Яхве","и, Господь"
ВЗ,psalms,Псалтирь,96,7,1,לַ֭יהוָה,"к, Яхве","к, Господь"
ВЗ,psalms,Псалтирь,96,7,5,לַ֝יהוָ֗ה,"к, Яхве","к, Господь"
ВЗ,psalms,Псалтирь,96,8,1,לַ֭יהוָה,"к, Яхве","к, Господь"
ВЗ,psalms,Псалтирь,96,9,1,לַ֭יהוָה,"к, Яхве","к, Господь"
ВЗ,psalms,Псалтирь,96,10,2,יְה֘וָ֤ה,Яхве,Господь
ВЗ,psalms,Псалтирь,96,13,1,יְהוָ֨ה\׀,Яхве,Господь
ВЗ,psalms,Псалтирь,97,1,0,יְהוָ֣ה,Яхве,Господь
ВЗ,psalms,Псалтирь,97,5,4,יְהוָ֑ה,Яхве,Господь
ВЗ,psalms,Псалтирь,97,7,7,ל֝וֹ,"к, его",к нему
ВЗ,psalms,Псалтирь,97,8,8,יְהוָֽה\׃,О Яхве,О Господь
ВЗ,psalms,Псалтирь,97,9,2,יְהוָ֗ה,О Яхве,О Господь
ВЗ,psalms,Псалтирь,97,10,1,יְהוָ֗ה,Яхве,Господь
ВЗ,psalms,Псалтирь,97,12,2,בַּֽיהוָ֑ה,"в, Яхве","в, Господь"
ВЗ,psalms,Псалтирь,98,1,1,לַֽיהוָ֨ה\׀,"к, Яхве","к, Господь"
ВЗ,psalms,Псалтирь,98,1,8,לּ֥וֹ,"к, его",к нему
ВЗ,psalms,Псалтирь,98,2,1,יְ֭הוָה,Яхве,Господь
ВЗ,psalms,Псалтирь,98,4,1,לַֽ֭יהוָה,"к, Яхве","к, Господь"
ВЗ,psalms,Псалтирь,98,5,1,לַיהוָ֣ה,"к, Яхве","к, Господь"
ВЗ,psalms,Псалтирь,98,6,6,יְהוָֽה\׃,Яхве,Господь
ВЗ,psalms,Псалтирь,98,9,1,יְהוָ֗ה,Яхве,Господь
ВЗ,psalms,Псалтирь,99,1,0,יְהוָ֣ה,Яхве,Господь
ВЗ,psalms,Псалтирь,99,2,0,יְ֭הוָה,Яхве,Господь
ВЗ,psalms,Псалтирь,99,5,1,יְה֘וָ֤ה,Яхве,Господь
ВЗ,psalms,Псалтирь,99,6,8,יְ֝הוָ֗ה,Яхве,Господь
ВЗ,psalms,Псалтирь,99,8,0,יְהוָ֣ה,О Яхве,О Господь
ВЗ,psalms,Псалтирь,99,9,1,יְה֘וָ֤ה,Яхве,Господь
ВЗ,psalms,Псалтирь,99,9,8,יְהוָ֥ה,Яхве,Господь
ВЗ,psalms,Псалтирь,100,1,1,לַ֝יהוָ֗ה,"к, Яхве","к, Господь"
ВЗ,psalms,Псалтирь,100,2,2,יְהוָ֣ה,Яхве,Господь
ВЗ,psalms,Псалтирь,100,3,2,יְהוָה֮,Яхве,Господь
ВЗ,psalms,Псалтирь,100,3,7,וְל֣וֹ,"и, принадлежать к, его","и, принадлежать к нему"
ВЗ,psalms,Псалтирь,100,4,6,ל֝֗וֹ,"к, его",к нему
ВЗ,psalms,Псалтирь,100,5,2,יְ֭הֹוָה,Яхве,Господь
ВЗ,psalms,Псалтирь,101,1,4,יְהוָ֣ה,О Яхве,О Господь
ВЗ,psalms,Псалтирь,101,8,7,יְ֝הוָ֗ה,Яхве,Господь
ВЗ,psalms,Псалтирь,103,1,3,יְהוָ֑ה,Яхве,Господь
ВЗ,psalms,Псалтирь,103,2,3,יְהוָ֑ה,Яхве,Господь
ВЗ,psalms,Псалтирь,103,6,2,יְהוָ֑ה,Яхве,Господь
ВЗ,psalms,Псалтирь,103,8,2,יְהוָ֑ה,Яхве,Господь
ВЗ,psalms,Псалтирь,103,13,5,יְ֝הוָ֗ה,Яхве,Господь
ВЗ,psalms,Псалтирь,103,17,1,יְהוָ֨ה\׀,Яхве,Господь
ВЗ,psalms,Псалтирь,103,19,0,יְֽהוָ֗ה,Яхве,Господь
ВЗ,psalms,Псалтирь,103,20,1,יְהוָ֗ה,Яхве,Господь
ВЗ,psalms,Псалтирь,103,21,1,יְ֭הוָה,Яхве,Господь
ВЗ,psalms,Псалтирь,103,22,1,יְהוָ֨ה\׀,Яхве,Господь
ВЗ,psalms,Псалтирь,103,22,10,יְהוָֽה\׃,Яхве,Господь
ВЗ,psalms,Псалтирь,104,1,3,יְה֫וָ֥ה,Яхве,Господь
ВЗ,psalms,Псалтирь,104,1,4,יְהוָ֣ה,О Яхве,О Господь
ВЗ,psalms,Псалтирь,104,16,2,יְהוָ֑ה,Яхве,Господь
ВЗ,psalms,Псалтирь,104,24,3,יְֽהוָ֗ה,О Яхве,О Господь
ВЗ,psalms,Псалтирь,104,31,2,יְהוָ֣ה,Яхве,Господь
ВЗ,psalms,Псалтирь,104,31,5,יְהוָ֣ה,Яхве,Господь
ВЗ,psalms,Псалтирь,104,33,1,לַיהוָ֣ה,"к, Яхве","к, Господь"
ВЗ,psalms,Псалтирь,104,34,1,עָלָ֣יו,"к, его",к нему
ВЗ,psalms,Псалтирь,104,34,5,בַּיהוָֽה\׃,"в, Яхве","в, Господь"
ВЗ,psalms,Псалтирь,104,35,10,יְהוָ֗ה,Яхве,Господь
ВЗ,psalms,Псалтирь,104,35,12,יָֽהּ\׃,Яхве,Господь
ВЗ,psalms,Псалтирь,105,1,1,לַ֭יהוָה,"к, Яхве","к, Господь"
ВЗ,psalms,Псалтирь,105,2,1,ל֭וֹ,"к, его",к нему
ВЗ,psalms,Псалтирь,105,2,3,ל֑וֹ,"к, его",к нему
ВЗ,psalms,Псалтирь,105,3,6,יְהוָֽה\׃,Яхве,Господь
ВЗ,psalms,Псалтирь,105,4,1,יְהוָ֣ה,Яхве,Господь
ВЗ,psalms,Псалтирь,105,7,1,יְהוָ֣ה,есть Яхве,есть Господь
ВЗ,psalms,Псалтирь,105,11,0,לֵאמֹ֗ר,"к, говоря",говоря
ВЗ,psalms,Псалтирь,105,18,4,בָּ֣אָה,оно пришёл,было
ВЗ,psalms,Псалтирь,105,19,5,יְהוָ֣ה,Яхве,Господь
ВЗ,psalms,Псалтирь,105,31,1,וַיָּבֹ֣א,"и, оно пришёл","и, было"
ВЗ,psalms,Псалтирь,105,34,1,וַיָּבֹ֣א,"и, оно пришёл","и, было"
ВЗ,psalms,Псалтирь,105,45,6,יָֽהּ\׃,Яхве,Господь
ВЗ,psalms,Псалтирь,106,1,0,הַֽלְלוּיָ֨הּ\׀,"хвала, Яхве","хвала, Господь"
ВЗ,psalms,Псалтирь,106,1,2,לַיהוָ֣ה,"к, Яхве","к, Господь"
ВЗ,psalms,Псалтирь,106,2,3,יְהוָ֑ה,Яхве,Господь
ВЗ,psalms,Псалтирь,106,4,1,יְ֭הוָה,О Яхве,О Господь
ВЗ,psalms,Псалтирь,106,16,5,יְהוָֽה\׃,Яхве,Господь
ВЗ,psalms,Псалтирь,106,25,5,יְהוָֽה\׃,Яхве,Господь
ВЗ,psalms,Псалтирь,106,30,3,וַ֝תֵּעָצַ֗ר,"и, оно был рестраинед",и было рестраинед
ВЗ,psalms,Псалтирь,106,31,0,וַתֵּחָ֣שֶׁב,"и, оно был рекконед",и было рекконед
ВЗ,psalms,Псалтирь,106,31,1,ל֭וֹ,"к, его",к нему
ВЗ,psalms,Псалтирь,106,32,4,וַיֵּ֥רַע,"и, оно был плохой",и было плохой
ВЗ,psalms,Псалтирь,106,34,6,יְהוָ֣ה,Яхве,Господь
ВЗ,psalms,Псалтирь,106,38,10,וַתֶּחֱנַ֥ף,"и, оно был поллутед",и было поллутед
ВЗ,psalms,Псалтирь,106,40,2,יְהוָ֣ה,Яхве,Господь
ВЗ,psalms,Псалтирь,106,47,1,יְה֘וָ֤ה,О Яхве,О Господь
ВЗ,psalms,Псалтирь,106,48,1,יְהוָ֨ה,Яхве,Господь
ВЗ,psalms,Псалтирь,106,48,13,יָֽהּ\׃,Яхве,Господь
ВЗ,psalms,Псалтирь,107,1,1,לַיהוָ֣ה,"к, Яхве","к, Господь"
ВЗ,psalms,Псалтирь,107,2,2,יְהוָ֑ה,Яхве,Господь
ВЗ,psalms,Псалтирь,107,6,2,יְ֭הוָה,Яхве,Господь
ВЗ,psalms,Псалтирь,107,8,1,לַיהוָ֣ה,"к, Яхве","к, Господь"
ВЗ,psalms,Псалтирь,107,13,2,יְ֭הוָה,Яхве,Господь
ВЗ,psalms,Псалтирь,107,15,1,לַיהוָ֣ה,"к, Яхве","к, Господь"
ВЗ,psalms,Псалтирь,107,19,2,יְ֭הוָה,Яхве,Господь
ВЗ,psalms,Псалтирь,107,21,1,לַיהוָ֣ה,"к, Яхве","к, Господь"
ВЗ,psalms,Псалтирь,107,23,4,מְ֝לָאכָ֗ה,бусинесс,дело
ВЗ,psalms,Псалтирь,107,24,3,יְהוָ֑ה,Яхве,Господь
ВЗ,psalms,Псалтирь,107,28,2,יְ֭הוָה,Яхве,Господь
ВЗ,psalms,Псалтирь,107,31,1,לַיהוָ֣ה,"к, Яхве","к, Господь"
ВЗ,psalms,Псалтирь,107,43,6,יְהוָֽה\׃,Яхве,Господь
ВЗ,psalms,Псалтирь,109,11,4,ל֑וֹ,"принадлежит к, его",принадлежит к нему
ВЗ,psalms,Псалтирь,109,12,2,ל֭וֹ,"к, его",к нему
ВЗ,psalms,Псалтирь,109,14,4,יְהוָ֑ה,Яхве,Господь
ВЗ,psalms,Псалтирь,109,15,2,יְהוָ֣ה,Яхве,Господь
ВЗ,psalms,Псалтирь,109,17,2,וַתְּבוֹאֵ֑הוּ,"и, оно пришёл к, его","и, было к нему"
ВЗ,psalms,Псалтирь,109,17,6,וַתִּרְחַ֥ק,"и, оно был далеко",и было далеко
ВЗ,psalms,Псалтирь,109,20,4,יְהוָ֑ה,Яхве,Господь
ВЗ,psalms,Псалтирь,109,21,1,יְה֘וִ֤ה,О Яхве,О Господь
ВЗ,psalms,Псалтирь,109,26,1,יְהוָ֣ה,О Яхве,О Господь
ВЗ,psalms,Псалтирь,109,27,5,יְהוָ֣ה,О Яхве,О Господь
ВЗ,psalms,Псалтирь,109,30,1,יְהוָ֣ה,Яхве,Господь
ВЗ,psalms,Псалтирь,110,1,1,יְהוָ֨ה\׀,Яхве,Господь
ВЗ,psalms,Псалтирь,110,2,3,יְ֭הוָה,Яхве,Господь
ВЗ,psalms,Псалтирь,110,4,1,יְהוָ֨ה\׀,Яхве,Господь
ВЗ,psalms,Псалтирь,111,1,1,יָ֨הּ\׀,Яхве,Господь
ВЗ,psalms,Псалтирь,111,1,3,יְ֭הוָה,Яхве,Господь
ВЗ,psalms,Псалтирь,111,2,2,יְהוָ֑ה,Яхве,Господь
ВЗ,psalms,Псалтирь,111,4,5,יְהוָֽה\׃,Яхве,Господь
ВЗ,psalms,Псалтирь,111,10,3,יְהוָ֗ה,Яхве,Господь
ВЗ,psalms,Псалтирь,112,1,1,יָ֨הּ\׀,Яхве,Господь
ВЗ,psalms,Псалтирь,112,1,6,יְהוָ֑ה,Яхве,Господь
ВЗ,psalms,Псалтирь,112,7,7,בַּיהוָֽה\׃,"в, Яхве","в, Господь"
ВЗ,psalms,Псалтирь,113,1,1,יָ֨הּ\׀,Яхве,Господь
ВЗ,psalms,Псалтирь,113,1,4,יְהוָ֑ה,Яхве,Господь
ВЗ,psalms,Псалтирь,113,1,8,יְהוָֽה\׃,Яхве,Господь
ВЗ,psalms,Псалтирь,113,2,2,יְהוָ֣ה,Яхве,Господь
ВЗ,psalms,Псалтирь,113,3,6,יְהוָֽה\׃,Яхве,Господь
ВЗ,psalms,Псалтирь,113,4,4,יְהוָ֑ה,Яхве,Господь
ВЗ,psalms,Псалтирь,113,5,1,כַּיהוָ֣ה,"есть как, Яхве","есть как, Господь"
ВЗ,psalms,Псалтирь,113,9,7,יָֽהּ\׃,Яхве,Господь
ВЗ,psalms,Псалтирь,114,8,5,לְמַעְיְנוֹ\־,"в, источник, его","в, источник нему"
ВЗ,psalms,Псалтирь,115,1,2,יְהוָ֗ה,О Яхве,О Господь
ВЗ,psalms,Псалтирь,115,9,2,בַּיהוָ֑ה,"в, Яхве","в, Господь"
ВЗ,psalms,Псалтирь,115,10,3,בַיהוָ֑ה,"в, Яхве","в, Господь"
ВЗ,psalms,Псалтирь,115,11,1,יְ֭הוָה,Яхве,Господь
ВЗ,psalms,Псалтирь,115,11,3,בַיהוָ֑ה,"в, Яхве","в, Господь"
ВЗ,psalms,Псалтирь,115,12,0,יְהוָה֮,Яхве,Господь
ВЗ,psalms,Псалтирь,115,13,2,יְהוָ֑ה,Яхве,Господь
ВЗ,psalms,Псалтирь,115,14,1,יְהוָ֣ה,Яхве,Господь
ВЗ,psalms,Псалтирь,115,15,2,לַיהוָ֑ה,"через, Яхве","через, Господь"
ВЗ,psalms,Псалтирь,115,16,2,לַיהוָ֑ה,Яхве,Господь
ВЗ,psalms,Псалтирь,115,17,3,יָ֑הּ,Яхве,Господь
ВЗ,psalms,Псалтирь,115,18,2,יָ֗הּ,Яхве,Господь
ВЗ,psalms,Псалтирь,115,18,7,יָֽהּ\׃,Яхве,Господь
ВЗ,psalms,Псалтирь,116,1,3,יְהוָ֑ה,Яхве,Господь
ВЗ,psalms,Псалтирь,116,4,1,יְהוָ֥ה,Яхве,Господь
ВЗ,psalms,Псалтирь,116,4,4,יְ֝הוָ֗ה,О Яхве,О Господь
ВЗ,psalms,Псалтирь,116,5,1,יְהֹוָ֣ה,Яхве,Господь
ВЗ,psalms,Псалтирь,116,6,2,יְהֹוָ֑ה,Яхве,Господь
ВЗ,psalms,Псалтирь,116,7,4,יְ֝הוָ֗ה,Яхве,Господь
ВЗ,psalms,Псалтирь,116,9,2,יְהוָ֑ה,Яхве,Господь
ВЗ,psalms,Псалтирь,116,12,2,לַיהוָ֑ה,"к, Яхве","к, Господь"
ВЗ,psalms,Псалтирь,116,13,4,יְהוָ֣ה,Яхве,Господь
ВЗ,psalms,Псалтирь,116,14,1,לַיהוָ֣ה,"к, Яхве","к, Господь"
ВЗ,psalms,Псалтирь,116,15,2,יְהוָ֑ה,Яхве,Господь
ВЗ,psalms,Псалтирь,116,16,1,יְהוָה֮,О Яхве,О Господь
ВЗ,psalms,Псалтирь,116,17,5,יְהוָ֣ה,Яхве,Господь
ВЗ,psalms,Псалтирь,116,18,1,לַיהוָ֣ה,"к, Яхве","к, Господь"
ВЗ,psalms,Псалтирь,116,19,2,יְהוָ֗ה,Яхве,Господь
ВЗ,psalms,Псалтирь,116,19,6,יָֽהּ\׃,Яхве,Господь
ВЗ,psalms,Псалтирь,117,1,2,יְ֭הוָה,Яхве,Господь
ВЗ,psalms,Псалтирь,117,2,5,יְהוָ֥ה,Яхве,Господь
ВЗ,psalms,Псалтирь,117,2,8,יָֽהּ\׃,Яхве,Господь
ВЗ,psalms,Псалтирь,118,1,1,לַיהוָ֣ה,"к, Яхве","к, Господь"
ВЗ,psalms,Псалтирь,118,4,3,יְהוָ֑ה,Яхве,Господь
ВЗ,psalms,Псалтирь,118,5,3,יָּ֑הּ,Яхве,Господь
ВЗ,psalms,Псалтирь,118,5,6,יָֽהּ\׃,Яхве,Господь
ВЗ,psalms,Псалтирь,118,6,0,יְהוָ֣ה,Яхве,Господь
ВЗ,psalms,Псалтирь,118,7,0,יְהוָ֣ה,Яхве,Господь
ВЗ,psalms,Псалтирь,118,8,2,בַּיהוָ֑ה,"в, Яхве","в, Господь"
ВЗ,psalms,Псалтирь,118,9,2,בַּיהוָ֑ה,"в, Яхве","в, Господь"
ВЗ,psalms,Псалтирь,118,10,4,יְ֝הוָ֗ה,Яхве,Господь
ВЗ,psalms,Псалтирь,118,11,4,יְ֝הוָ֗ה,Яхве,Господь
ВЗ,psalms,Псалтирь,118,12,6,יְ֝הוָ֗ה,Яхве,Господь
ВЗ,psalms,Псалтирь,118,13,3,וַ֖יהוָ֣ה,"и, Яхве","и, Господь"
ВЗ,psalms,Псалтирь,118,14,2,יָ֑הּ,Яхве,Господь
ВЗ,psalms,Псалтирь,118,15,6,יְ֝הוָה,Яхве,Господь
ВЗ,psalms,Псалтирь,118,16,1,יְ֭הוָה,Яхве,Господь
ВЗ,psalms,Псалтирь,118,16,4,יְ֝הוָה,Яхве,Господь
ВЗ,psalms,Псалтирь,118,17,6,יָֽהּ\׃,Яхве,Господь
ВЗ,psalms,Псалтирь,118,18,2,יָּ֑הּ,Яхве,Господь
ВЗ,psalms,Псалтирь,118,19,7,יָֽהּ\׃,Яхве,Господь
ВЗ,psalms,Псалтирь,118,20,2,לַיהוָ֑ה,"принадлежит к, Яхве","принадлежит к, Господь"
ВЗ,psalms,Псалтирь,118,23,1,יְ֭הוָה,Яхве,Господь
ВЗ,psalms,Псалтирь,118,24,3,יְהוָ֑ה,Яхве,Господь
ВЗ,psalms,Псалтирь,118,25,1,יְ֭הוָה,О Яхве,О Господь
ВЗ,psalms,Псалтирь,118,25,5,יְ֝הוָ֗ה,О Яхве,О Господь
ВЗ,psalms,Псалтирь,118,26,3,יְהוָ֑ה,Яхве,Господь
ВЗ,psalms,Псалтирь,118,26,6,יְהוָֽה\׃,Яхве,Господь
ВЗ,psalms,Псалтирь,118,27,1,יְהוָה֮,Яхве,Господь
ВЗ,psalms,Псалтирь,118,29,1,לַיהוָ֣ה,"к, Яхве","к, Господь"
ВЗ,psalms,Псалтирь,119,1,5,יְהוָֽה\׃,Яхве,Господь
ВЗ,psalms,Псалтирь,119,12,2,יְהוָ֗ה,О Яхве,О Господь
ВЗ,psalms,Псалтирь,119,31,2,יְ֝הוָ֗ה,О Яхве,О Господь
ВЗ,psalms,Псалтирь,119,33,1,יְ֭הוָה,О Яхве,О Господь
ВЗ,psalms,Псалтирь,119,41,2,יְהוָ֑ה,О Яхве,О Господь
ВЗ,psalms,Псалтирь,119,52,2,מֵעוֹלָ֥ם\׀,"от, долгий назад","от, давно"
ВЗ,psalms,Псалтирь,119,52,3,יְהוָ֗ה,О Яхве,О Господь
ВЗ,psalms,Псалтирь,119,55,3,יְהוָ֑ה,О Яхве,О Господь
ВЗ,psalms,Псалтирь,119,57,1,יְהוָ֥ה,Яхве,Господь
ВЗ,psalms,Псалтирь,119,64,1,יְ֭הוָה,О Яхве,О Господь
ВЗ,psalms,Псалтирь,119,65,4,יְ֝הוָ֗ה,О Яхве,О Господь
ВЗ,psalms,Псалтирь,119,75,1,יְ֭הוָה,О Яхве,О Господь
ВЗ,psalms,Псалтирь,119,82,3,לֵ֝אמֹ֗ר,"к, говоря",говоря
ВЗ,psalms,Псалтирь,119,89,1,יְהוָ֑ה,О Яхве,О Господь
ВЗ,psalms,Псалтирь,119,107,3,יְ֝הוָ֗ה,О Яхве,О Господь
ВЗ,psalms,Псалтирь,119,108,4,יְהוָ֑ה,О Яхве,О Господь
ВЗ,psalms,Псалтирь,119,126,2,לַיהוָ֑ה,"принадлежит к, Яхве","принадлежит к, Господь"
ВЗ,psalms,Псалтирь,119,137,2,יְהוָ֑ה,О Яхве,О Господь
ВЗ,psalms,Псалтирь,119,145,4,יְהוָ֗ה,О Яхве,О Господь
ВЗ,psalms,Псалтирь,119,149,3,יְ֝הוָ֗ה,О Яхве,О Господь
ВЗ,psalms,Псалтирь,119,151,2,יְהוָ֑ה,О Яхве,О Господь
ВЗ,psalms,Псалтирь,119,156,2,יְהוָ֑ה,О Яхве,О Господь
ВЗ,psalms,Псалтирь,119,159,4,יְ֝הוָ֗ה,О Яхве,О Господь
ВЗ,psalms,Псалтирь,119,166,2,יְהוָ֑ה,О Яхве,О Господь
ВЗ,psalms,Псалтирь,119,169,3,יְהוָ֑ה,О Яхве,О Господь
ВЗ,psalms,Псалтирь,119,174,2,יְהוָ֑ה,О Яхве,О Господь
ВЗ,psalms,Псалтирь,120,1,1,יְ֭הוָה,Яхве,Господь
ВЗ,psalms,Псалтирь,120,2,0,יְֽהוָ֗ה,О Яхве,О Господь
ВЗ,psalms,Псалтирь,121,2,2,יְהוָ֑ה,Яхве,Господь
ВЗ,psalms,Псалтирь,121,5,0,יְהוָ֥ה,Яхве,Господь
ВЗ,psalms,Псалтирь,121,5,2,יְהוָ֥ה,Яхве,Господь
ВЗ,psalms,Псалтирь,121,7,0,יְֽהוָ֗ה,Яхве,Господь
ВЗ,psalms,Псалтирь,121,8,0,יְֽהוָ֗ה,Яхве,Господь
ВЗ,psalms,Псалтирь,122,1,4,יְהוָ֣ה,Яхве,Господь
ВЗ,psalms,Псалтирь,122,4,4,יָ֭הּ,Яхве,Господь
ВЗ,psalms,Псалтирь,122,4,9,יְהוָֽה\׃,Яхве,Господь
ВЗ,psalms,Псалтирь,122,9,2,יְהוָ֣ה,Яхве,Господь
ВЗ,psalms,Псалтирь,123,2,14,יְהוָ֣ה,Яхве,Господь
ВЗ,psalms,Псалтирь,123,3,1,יְהוָ֣ה,О Яхве,О Господь
ВЗ,psalms,Псалтирь,124,1,1,יְ֭הוָה,Яхве,Господь
ВЗ,psalms,Псалтирь,124,2,1,יְ֭הוָה,Яхве,Господь
ВЗ,psalms,Псалтирь,124,6,1,יְהוָ֑ה,Яхве,Господь
ВЗ,psalms,Псалтирь,124,8,2,יְהוָ֑ה,Яхве,Господь
ВЗ,psalms,Псалтирь,125,1,1,בַּיהוָ֑ה,"в, Яхве","в, Господь"
ВЗ,psalms,Псалтирь,125,2,4,וַ֭יהוָה,"и, Яхве","и, Господь"
ВЗ,psalms,Псалтирь,125,4,1,יְ֭הוָה,О Яхве,О Господь
ВЗ,psalms,Псалтирь,125,5,3,יְ֭הוָה,Яхве,Господь
ВЗ,psalms,Псалтирь,126,1,1,יְ֭הוָה,Яхве,Господь
ВЗ,psalms,Псалтирь,126,2,10,יְ֝הוָ֗ה,Яхве,Господь
ВЗ,psalms,Псалтирь,126,3,1,יְ֭הוָה,Яхве,Господь
ВЗ,psalms,Псалтирь,126,4,1,יְ֭הוָה,О Яхве,О Господь
ВЗ,psalms,Псалтирь,127,1,1,יְהוָ֤ה\׀,Яхве,Господь
ВЗ,psalms,Псалтирь,127,1,10,יְהוָ֥ה,Яхве,Господь
ВЗ,psalms,Псалтирь,127,3,2,יְהוָ֣ה,Яхве,Господь
ВЗ,psalms,Псалтирь,128,1,3,יְהוָ֑ה,Яхве,Господь
ВЗ,psalms,Псалтирь,128,4,6,יְהוָֽה\׃,Яхве,Господь
ВЗ,psalms,Псалтирь,128,5,1,יְהוָ֗ה,Яхве,Господь
ВЗ,psalms,Псалтирь,129,4,0,יְהוָ֥ה,Яхве,Господь
ВЗ,psalms,Псалтирь,129,8,4,יְהוָ֥ה,Яхве,Господь
ВЗ,psalms,Псалтирь,129,8,9,יְהוָֽה\׃,Яхве,Господь
ВЗ,psalms,Псалтирь,130,1,2,יְהוָֽה\׃,О Яхве,О Господь
ВЗ,psalms,Псалтирь,130,3,3,יָ֑הּ,О Яхве,О Господь
ВЗ,psalms,Псалтирь,130,5,1,יְ֭הוָה,Яхве,Господь
ВЗ,psalms,Псалтирь,130,7,3,יְה֫וָה,Яхве,Господь
ВЗ,psalms,Псалтирь,130,7,6,יְהוָ֥ה,Яхве,Господь
ВЗ,psalms,Псалтирь,131,1,0,יְהוָ֤ה\׀,О Яхве,О Господь
ВЗ,psalms,Псалтирь,131,3,3,יְהוָ֑ה,Яхве,Господь
ВЗ,psalms,Псалтирь,132,1,1,יְהוָ֥ה,О Яхве,О Господь
ВЗ,psalms,Псалтирь,132,2,2,לַיהוָ֑ה,"к, Яхве","к, Господь"
ВЗ,psalms,Псалтирь,132,5,3,לַיהוָ֑ה,"для, Яхве","для, Господь"
ВЗ,psalms,Псалтирь,132,8,1,יְ֭הוָה,О Яхве,О Господь
ВЗ,psalms,Псалтирь,132,11,1,יְהוָ֨ה\׀,Яхве,Господь
ВЗ,psalms,Псалтирь,132,13,2,יְהוָ֣ה,Яхве,Господь
ВЗ,psalms,Псалтирь,133,3,9,יְ֭הוָה,Яхве,Господь
ВЗ,psalms,Псалтирь,134,1,3,יְ֭הוָה,Яхве,Господь
ВЗ,psalms,Псалтирь,134,1,6,יְהוָ֑ה,Яхве,Господь
ВЗ,psalms,Псалтирь,134,1,9,יְ֝הוָ֗ה,Яхве,Господь
ВЗ,psalms,Псалтирь,134,2,5,יְהוָֽה\׃,Яхве,Господь
ВЗ,psalms,Псалтирь,134,3,1,יְ֭הוָה,Яхве,Господь
ВЗ,psalms,Псалтирь,135,1,1,יָ֨הּ\׀,Яхве,Господь
ВЗ,psalms,Псалтирь,135,1,5,יְהוָ֑ה,Яхве,Господь
ВЗ,psalms,Псалтирь,135,1,8,יְהוָֽה\׃,Яхве,Господь
ВЗ,psalms,Псалтирь,135,2,2,יְהוָ֑ה,Яхве,Господь
ВЗ,psalms,Псалтирь,135,3,1,יָהּ,Яхве,Господь
ВЗ,psalms,Псалтирь,135,3,4,יְהוָ֑ה,Яхве,Господь
ВЗ,psalms,Псалтирь,135,4,4,יָ֑הּ,Яхве,Господь
ВЗ,psalms,Псалтирь,135,5,5,יְהוָ֑ה,Яхве,Господь
ВЗ,psalms,Псалтирь,135,6,3,יְהוָ֗ה,Яхве,Господь
ВЗ,psalms,Псалтирь,135,13,0,יְ֭הוָה,О Яхве,О Господь
ВЗ,psalms,Псалтирь,135,13,3,יְ֝הוָ֗ה,О Яхве,О Господь
ВЗ,psalms,Псалтирь,135,14,2,יְהוָ֣ה,Яхве,Господь
ВЗ,psalms,Псалтирь,135,19,4,יְהוָ֑ה,Яхве,Господь
ВЗ,psalms,Псалтирь,135,19,9,יְהוָֽה\׃,Яхве,Господь
ВЗ,psalms,Псалтирь,135,20,4,יְהוָ֑ה,Яхве,Господь
ВЗ,psalms,Псалтирь,135,20,6,יְ֝הוָ֗ה,Яхве,Господь
ВЗ,psalms,Псалтирь,135,20,9,יְהוָֽה\׃,Яхве,Господь
ВЗ,psalms,Псалтирь,135,21,1,יְהוָ֨ה\׀,Яхве,Господь
ВЗ,psalms,Псалтирь,135,21,6,יָֽהּ\׃,Яхве,Господь
ВЗ,psalms,Псалтирь,136,1,1,לַיהוָ֣ה,"к, Яхве","к, Господь"
ВЗ,psalms,Псалтирь,137,4,4,יְהוָ֑ה,Яхве,Господь
ВЗ,psalms,Псалтирь,137,7,1,יְהוָ֨ה\׀,О Яхве,О Господь
ВЗ,psalms,Псалтирь,138,4,1,יְ֭הוָה,О Яхве,О Господь
ВЗ,psalms,Псалтирь,138,5,2,יְהוָ֑ה,Яхве,Господь
ВЗ,psalms,Псалтирь,138,5,6,יְהוָֽה\׃,Яхве,Господь
ВЗ,psalms,Псалтирь,138,6,2,יְ֭הוָה,Яхве,Господь
ВЗ,psalms,Псалтирь,138,8,0,יְהוָה֮,Яхве,Господь
ВЗ,psalms,Псалтирь,138,8,3,יְ֭הוָה,О Яхве,О Господь
ВЗ,psalms,Псалтирь,139,1,0,יְהוָ֥ה,О Яхве,О Господь
ВЗ,psalms,Псалтирь,139,4,5,יְ֝הוָ֗ה,О Яхве,О Господь
ВЗ,psalms,Псалтирь,139,21,2,יְהוָ֥ה\׀,О Яхве,О Господь
ВЗ,psalms,Псалтирь,141,1,0,יְהוָ֣ה,О Яхве,О Господь
ВЗ,psalms,Псалтирь,141,3,1,יְ֭הוָה,О Яхве,О Господь
ВЗ,psalms,Псалтирь,141,8,2,יְהֹוִ֣ה,О Яхве,О Господь
ВЗ,psalms,Псалтирь,143,1,0,יְהוָ֤ה\׀,О Яхве,О Господь
ВЗ,psalms,Псалтирь,143,7,2,יְהוָה֮,О Яхве,О Господь
ВЗ,psalms,Псалтирь,143,9,2,יְהוָ֗ה,О Яхве,О Господь
ВЗ,psalms,Псалтирь,143,11,2,יְהוָ֣ה,О Яхве,О Господь
ВЗ,psalms,Псалтирь,144,1,1,יְהוָ֨ה\׀,Яхве,Господь
ВЗ,psalms,Псалтирь,144,3,0,יְֽהוָ֗ה,О Яхве,О Господь
ВЗ,psalms,Псалтирь,144,5,0,יְ֭הוָה,О Яхве,О Господь
ВЗ,psalms,Псалтирь,144,15,6,שֶׁיֲהוָ֥ה,"что, Яхве","что, Господь"
ВЗ,psalms,Псалтирь,145,3,1,יְהוָ֣ה,Яхве,Господь
ВЗ,psalms,Псалтирь,145,8,2,יְהוָ֑ה,Яхве,Господь
ВЗ,psalms,Псалтирь,145,9,1,יְהוָ֥ה,Яхве,Господь
ВЗ,psalms,Псалтирь,145,10,1,יְ֭הוָה,О Яхве,О Господь
ВЗ,psalms,Псалтирь,145,13,9,יְהוָה,есть Яхве,есть Господь
ВЗ,psalms,Псалтирь,145,14,1,יְ֭הוָה,Яхве,Господь
ВЗ,psalms,Псалтирь,145,17,1,יְ֭הוָה,Яхве,Господь
ВЗ,psalms,Псалтирь,145,18,1,יְ֭הוָה,Яхве,Господь
ВЗ,psalms,Псалтирь,145,18,3,קֹרְאָ֑יו,"те кто звать из к, его",те кто звать из к нему
ВЗ,psalms,Псалтирь,145,18,6,יִקְרָאֻ֣הוּ,"они звать вне к, его",они звать вне к нему
ВЗ,psalms,Псалтирь,145,20,1,יְ֭הוָה,Яхве,Господь
ВЗ,psalms,Псалтирь,145,21,1,יְהוָ֗ה,Яхве,Господь
ВЗ,psalms,Псалтирь,146,1,1,יָ֡הּ,Яхве,Господь
ВЗ,psalms,Псалтирь,146,1,5,יְהוָֽה\׃,Яхве,Господь
ВЗ,psalms,Псалтирь,146,2,1,יְהוָ֣ה,Яхве,Господь
ВЗ,psalms,Псалтирь,146,3,6,ל֥וֹ,"принадлежит к, его",принадлежит к нему
ВЗ,psalms,Псалтирь,146,5,6,יְהוָ֥ה,Яхве,Господь
ВЗ,psalms,Псалтирь,146,7,6,יְ֝הוָ֗ה,Яхве,Господь
ВЗ,psalms,Псалтирь,146,8,0,יְהוָ֤ה\׀,Яхве,Господь
ВЗ,psalms,Псалтирь,146,8,3,יְ֭הוָה,Яхве,Господь
ВЗ,psalms,Псалтирь,146,8,6,יְ֝הוָ֗ה,Яхве,Господь
ВЗ,psalms,Псалтирь,146,9,0,יְהוָ֤ה\׀,Яхве,Господь
ВЗ,psalms,Псалтирь,146,10,1,יְהוָ֨ה\׀,Яхве,Господь
ВЗ,psalms,Псалтирь,146,10,8,יָֽהּ\׃,Яхве,Господь
ВЗ,psalms,Псалтирь,147,1,1,יָ֨הּ\׀,Яхве,Господь
ВЗ,psalms,Псалтирь,147,2,2,יְהוָ֑ה,Яхве,Господь
ВЗ,psalms,Псалтирь,147,6,2,יְהוָ֑ה,Яхве,Господь
ВЗ,psalms,Псалтирь,147,7,1,לַיהוָ֣ה,"к, Яхве","к, Господь"
ВЗ,psalms,Псалтирь,147,11,1,יְ֭הוָה,Яхве,Господь
ВЗ,psalms,Псалтирь,147,12,3,יְהוָ֑ה,Яхве,Господь
ВЗ,psalms,Псалтирь,147,20,9,יָֽהּ\׃,Яхве,Господь
ВЗ,psalms,Псалтирь,148,1,1,יָ֨הּ\׀,Яхве,Господь
ВЗ,psalms,Псалтирь,148,1,4,יְ֭הוָה,Яхве,Господь
ВЗ,psalms,Псалтирь,148,5,3,יְהוָ֑ה,Яхве,Господь
ВЗ,psalms,Псалтирь,148,7,2,יְ֭הוָה,Яхве,Господь
ВЗ,psalms,Псалтирь,148,13,3,יְהוָ֗ה,Яхве,Господь
ВЗ,psalms,Псалтирь,148,14,11,יָֽהּ\׃,Яхве,Господь
ВЗ,psalms,Псалтирь,149,1,1,יָ֨הּ\׀,Яхве,Господь
ВЗ,psalms,Псалтирь,149,1,3,לַֽ֭יהוָה,"к, Яхве","к, Господь"
ВЗ,psalms,Псалтирь,149,3,6,לֽוֹ\׃,"к, его",к нему
ВЗ,psalms,Псалтирь,149,4,2,יְהוָ֣ה,Яхве,Господь
ВЗ,psalms,Псалтирь,149,9,9,יָֽהּ\׃,Яхве,Господь
ВЗ,psalms,Псалтирь,150,1,1,יָ֨הּ\׀,Яхве,Господь
ВЗ,psalms,Псалтирь,150,6,3,יָ֗הּ,Яхве,Господь
ВЗ,psalms,Псалтирь,150,6,5,יָֽהּ\׃,Яхве,Господь
ВЗ,proverbs,Притчи,1,1,0,מִ֭שְׁלֵי,провербс,притчи
ВЗ,proverbs,Притчи,1,2,0,לָדַ֣עַת,"к, учиться",узнать
ВЗ,proverbs,Притчи,1,2,3,לְ֝הָבִ֗ין,"к, учить",понять
ВЗ,proverbs,Притчи,1,7,1,יְ֭הוָה,Яхве,Господь
ВЗ,proverbs,Притчи,1,29,5,יְ֝הֹוָ֗ה,Яхве,Господь
ВЗ,proverbs,Притчи,2,5,3,יְהוָ֑ה,Яхве,Господь
ВЗ,proverbs,Притчи,2,6,1,יְ֭הוָה,Яхве,Господь
ВЗ,proverbs,Притчи,3,5,2,יְ֭הוָה,Яхве,Господь
ВЗ,proverbs,Притчи,3,7,6,יְ֝הוָ֗ה,Яхве,Господь
ВЗ,proverbs,Притчи,3,9,2,יְ֭הוָה,Яхве,Господь
ВЗ,proverbs,Притчи,3,11,1,יְ֭הוָה,Яхве,Господь
ВЗ,proverbs,Притчи,3,12,4,יְהוָ֣ה,Яхве,Господь
ВЗ,proverbs,Притчи,3,19,0,יְֽהוָ֗ה,Яхве,Господь
ВЗ,proverbs,Притчи,3,26,1,יְ֭הוָה,Яхве,Господь
ВЗ,proverbs,Притчи,3,32,2,יְהוָ֣ה,Яхве,Господь
ВЗ,proverbs,Притчи,3,33,1,יְ֭הוָה,Яхве,Господь
ВЗ,proverbs,Притчи,5,21,3,יְ֭הוָה,Яхве,Господь
ВЗ,proverbs,Притчи,6,16,3,יְהוָ֑ה,Яхве,Господь
ВЗ,proverbs,Притчи,7,13,3,לּ֑וֹ,"к, его",к нему
ВЗ,proverbs,Притчи,7,13,7,לֽוֹ\׃,"к, его",к нему
ВЗ,proverbs,Притчи,8,13,1,יְהוָה֮,Яхве,Господь
ВЗ,proverbs,Притчи,8,22,0,יְֽהוָ֗ה,Яхве,Господь
ВЗ,proverbs,Притчи,8,23,0,מֵ֭עוֹלָם,"от, долгий назад","от, давно"
ВЗ,proverbs,Притчи,8,35,6,מֵיְהוָֽה\׃,"от, Яхве","от, Господь"
ВЗ,proverbs,Притчи,9,4,7,לּֽוֹ\׃,"к, его",к нему
ВЗ,proverbs,Притчи,9,10,3,יְהוָ֑ה,Яхве,Господь
ВЗ,proverbs,Притчи,9,16,7,לּֽוֹ\׃,"к, его",к нему
ВЗ,proverbs,Притчи,10,1,0,מִשְׁלֵ֗י,провербс,притчи
ВЗ,proverbs,Притчи,10,3,2,יְ֭הוָה,Яхве,Господь
ВЗ,proverbs,Притчи,10,22,1,יְ֭הוָה,Яхве,Господь
ВЗ,proverbs,Притчи,10,24,3,תְבוֹאֶ֑נּוּ,"оно будет прийти к, его",оно будет прийти к нему
ВЗ,proverbs,Притчи,10,27,1,יְ֭הוָה,Яхве,Господь
ВЗ,proverbs,Притчи,10,29,3,יְהוָ֑ה,Яхве,Господь
ВЗ,proverbs,Притчи,11,1,3,יְהוָ֑ה,Яхве,Господь
ВЗ,proverbs,Притчи,11,2,2,וַיָּבֹ֣א,"и, оно пришёл","и, было"
ВЗ,proverbs,Притчи,11,20,1,יְ֭הוָה,Яхве,Господь
ВЗ,proverbs,Притчи,11,27,6,תְבוֹאֶֽנּוּ\׃,"оно будет прийти к, его",оно будет прийти к нему
ВЗ,proverbs,Притчи,12,2,3,מֵיְהוָ֑ה,"от, Яхве","от, Господь"
ВЗ,proverbs,Притчи,12,9,3,ל֑וֹ,"принадлежит к, его",принадлежит к нему
ВЗ,proverbs,Притчи,12,14,9,לֽוֹ\׃,"к, его",к нему
ВЗ,proverbs,Притчи,12,22,1,יְ֭הוָה,Яхве,Господь
ВЗ,proverbs,Притчи,13,3,7,לֽוֹ\׃,"принадлежит к, его",принадлежит к нему
ВЗ,proverbs,Притчи,14,2,3,יְהוָ֑ה,Яхве,Господь
ВЗ,proverbs,Притчи,14,26,1,יְ֭הוָה,Яхве,Господь
ВЗ,proverbs,Притчи,14,27,1,יְ֭הוָה,Яхве,Господь
ВЗ,proverbs,Притчи,15,3,3,יְהוָ֑ה,Яхве,Господь
ВЗ,proverbs,Притчи,15,8,3,יְהוָ֑ה,Яхве,Господь
ВЗ,proverbs,Притчи,15,9,1,יְ֭הוָה,Яхве,Господь
ВЗ,proverbs,Притчи,15,11,3,יְהוָ֑ה,Яхве,Господь
ВЗ,proverbs,Притчи,15,12,4,ל֑וֹ,"к, его",к нему
ВЗ,proverbs,Притчи,15,16,3,יְהוָ֑ה,Яхве,Господь
ВЗ,proverbs,Притчи,15,25,3,יְהוָ֑ה,Яхве,Господь
ВЗ,proverbs,Притчи,15,26,1,יְ֭הוָה,Яхве,Господь
ВЗ,proverbs,Притчи,15,29,1,יְ֭הוָה,Яхве,Господь
ВЗ,proverbs,Притчи,15,33,1,יְ֭הוָה,Яхве,Господь
ВЗ,proverbs,Притчи,16,1,3,וּ֝מֵיְהוָ֗ה,"и, есть от, Яхве","и, есть от, Господь"
ВЗ,proverbs,Притчи,16,2,7,יְהוָֽה\׃,Яхве,Господь
ВЗ,proverbs,Притчи,16,3,2,יְהוָ֣ה,Яхве,Господь
ВЗ,proverbs,Притчи,16,4,2,יְ֭הוָה,Яхве,Господь
ВЗ,proverbs,Притчи,16,5,1,יְ֭הוָה,Яхве,Господь
ВЗ,proverbs,Притчи,16,6,5,יְ֝הוָ֗ה,Яхве,Господь
ВЗ,proverbs,Притчи,16,7,1,יְ֭הוָה,Яхве,Господь
ВЗ,proverbs,Притчи,16,9,4,וַֽ֝יהוָ֗ה,"и, Яхве","и, Господь"
ВЗ,proverbs,Притчи,16,11,3,לַֽיהוָ֑ה,"принадлежать к, Яхве","принадлежать к, Господь"
ВЗ,proverbs,Притчи,16,20,6,בַּיהוָ֣ה,"в, Яхве","в, Господь"
ВЗ,proverbs,Притчи,16,33,4,וּ֝מֵיְהוָ֗ה,"и, есть от, Яхве","и, есть от, Господь"
ВЗ,proverbs,Притчи,17,3,6,יְהוָֽה\׃,Яхве,Господь
ВЗ,proverbs,Притчи,17,15,5,יְ֝הוָ֗ה,Яхве,Господь
ВЗ,proverbs,Притчи,17,20,6,בִּ֝לְשׁוֹנ֗וֹ,"в, язык, его","в, язык нему"
ВЗ,proverbs,Притчи,18,10,3,יְהוָ֑ה,Яхве,Господь
ВЗ,proverbs,Притчи,18,22,6,מֵיְהוָֽה\׃,"от, Яхве","от, Господь"
ВЗ,proverbs,Притчи,19,3,5,יְ֝הוָ֗ה,Яхве,Господь
ВЗ,proverbs,Притчи,19,7,11,לוֹ,"к, его",к нему
ВЗ,proverbs,Притчи,19,14,4,וּ֝מֵיְהוָ֗ה,"и, есть от, Яхве","и, есть от, Господь"
ВЗ,proverbs,Притчи,19,17,1,יְ֭הוָה,Яхве,Господь
ВЗ,proverbs,Притчи,19,17,6,לֽוֹ\׃,"к, его",к нему
ВЗ,proverbs,Притчи,19,21,5,יְ֝הוָ֗ה,Яхве,Господь
ВЗ,proverbs,Притчи,19,23,1,יְהוָ֣ה,Яхве,Господь
ВЗ,proverbs,Притчи,20,10,5,יְ֝הוָ֗ה,Яхве,Господь
ВЗ,proverbs,Притчи,20,12,4,יְ֝הוָ֗ה,Яхве,Господь
ВЗ,proverbs,Притчи,20,20,4,נֵ֝ר֗וֹ,"светильник, его",светильник нему
ВЗ,proverbs,Притчи,20,22,5,לַֽ֝יהוָ֗ה,"для, Яхве","для, Господь"
ВЗ,proverbs,Притчи,20,23,1,יְ֭הוָה,Яхве,Господь
ВЗ,proverbs,Притчи,20,24,0,מֵיהוָ֥ה,"есть от, Яхве","есть от, Господь"
ВЗ,proverbs,Притчи,20,27,1,יְ֭הוָה,Яхве,Господь
ВЗ,proverbs,Притчи,21,1,5,יְהוָ֑ה,Яхве,Господь
ВЗ,proverbs,Притчи,21,2,7,יְהוָֽה\׃,Яхве,Господь
ВЗ,proverbs,Притчи,21,3,4,לַיהוָ֣ה,"через, Яхве","через, Господь"
ВЗ,proverbs,Притчи,21,23,2,וּלְשׁוֹנ֑וֹ,"и, язык, его","и, язык нему"
ВЗ,proverbs,Притчи,21,30,7,יְהוָֽה\׃\ \פ,Яхве,Господь
ВЗ,proverbs,Притчи,21,31,4,וְ֝לַֽיהוָ֗ה,"и, принадлежит к, Яхве","и, принадлежит к, Господь"
ВЗ,proverbs,Притчи,22,2,5,יְהוָֽה\׃,Яхве,Господь
ВЗ,proverbs,Притчи,22,4,3,יְהוָ֑ה,Яхве,Господь
ВЗ,proverbs,Притчи,22,12,1,יְ֭הוָה,Яхве,Господь
ВЗ,proverbs,Притчи,22,14,5,יְ֝הוָ֗ה,Яхве,Господь
ВЗ,proverbs,Притчи,22,19,1,בַּ֭יהוָה,"в, Яхве","в, Господь"
ВЗ,proverbs,Притчи,22,23,1,יְ֭הוָה,Яхве,Господь
ВЗ,proverbs,Притчи,23,17,7,יְ֝הוָ֗ה,Яхве,Господь
ВЗ,proverbs,Притчи,24,8,2,ל֝֗וֹ,"к, его",к нему
ВЗ,proverbs,Притчи,24,18,2,יְ֭הוָה,Яхве,Господь
ВЗ,proverbs,Притчи,24,18,6,מֵעָלָ֣יו,"от, к, его","от, к нему"
ВЗ,proverbs,Притчи,24,21,2,יְהוָ֣ה,Яхве,Господь
ВЗ,proverbs,Притчи,24,29,7,לּ֑וֹ,"к, его",к нему
ВЗ,proverbs,Притчи,25,1,2,מִשְׁלֵ֣י,есть провербс,есть притчи
ВЗ,proverbs,Притчи,25,4,3,וַיֵּצֵ֖א,"и, оно пришёл вне","и, было вне"
ВЗ,proverbs,Притчи,25,22,6,וַֽ֝יהוָ֗ה,"и, Яхве","и, Господь"
ВЗ,proverbs,Притчи,26,2,7,ל֣וֹ,"к, его",к нему
ВЗ,proverbs,Притчи,26,4,6,לּ֥וֹ,"к, его",к нему
ВЗ,proverbs,Притчи,26,17,8,לֽוֹ\׃,"принадлежит к, его",принадлежит к нему
ВЗ,proverbs,Притчи,26,27,6,אֵלָ֥יו,"к, его",к нему
ВЗ,proverbs,Притчи,27,14,8,לֽוֹ\׃,"к, его",к нему
ВЗ,proverbs,Притчи,28,5,6,יְ֝הוָ֗ה,Яхве,Господь
ВЗ,proverbs,Притчи,28,22,9,יְבֹאֶֽנּוּ\׃,"оно будет прийти к, его",оно будет прийти к нему
ВЗ,proverbs,Притчи,28,25,6,יְהוָ֣ה,Яхве,Господь
ВЗ,proverbs,Притчи,29,13,7,יְהוָֽה\׃,Яхве,Господь
ВЗ,proverbs,Притчи,29,25,5,בַּיהוָ֣ה,"в, Яхве","в, Господь"
ВЗ,proverbs,Притчи,29,26,4,וּ֝מֵיְהוָ֗ה,"и, есть от, Яхве","и, есть от, Господь"
ВЗ,proverbs,Притчи,30,9,5,יְה֫וָ֥ה,есть Яхве,есть Господь
ВЗ,proverbs,Притчи,31,30,6,יְ֝הוָ֗ה,Яхве,Господь
ВЗ,ecclesiastes,Екклесиаст,1,16,4,לֵאמֹ֔ר,"к, говоря",говоря
ВЗ,ecclesiastes,Екклесиаст,2,23,5,עִנְיָנ֔וֹ,"таск, его",таск нему
ВЗ,ecclesiastes,Екклесиаст,4,8,8,ל֗וֹ,"принадлежал к, его",принадлежал к нему
ВЗ,ecclesiastes,Екклесиаст,4,10,7,וְאִ֣יל֗וֹ,"и, горе! к, его","и, горе! к нему"
ВЗ,ecclesiastes,Екклесиаст,6,2,3,ל֣וֹ,"к, его",к нему
ВЗ,ecclesiastes,Екклесиаст,6,3,20,לּ֑וֹ,"к, его",к нему
ВЗ,ecclesiastes,Екклесиаст,6,4,2,בָּ֖א,оно пришёл,было
ВЗ,ecclesiastes,Екклесиаст,8,4,6,ל֖וֹ,"к, его",к нему
ВЗ,ecclesiastes,Екклесиаст,8,7,10,לֽוֹ\׃,"к, его",к нему
ВЗ,ecclesiastes,Екклесиаст,8,11,3,פִתְגָ֔ם,сентенке,высказывание
ВЗ,ecclesiastes,Екклесиаст,8,15,22,ל֥וֹ,"к, его",к нему
ВЗ,ecclesiastes,Екклесиаст,10,14,13,לֽוֹ\׃,"к, его",к нему
ВЗ,ecclesiastes,Екклесиаст,12,9,12,מְשָׁלִ֥ים,провербс,притчи
ВЗ,song_of_solomon,Песнь Песней,2,16,3,ל֔וֹ,"принадлежать к, его",принадлежать к нему
ВЗ,song_of_solomon,Песнь Песней,3,11,8,לּ֤וֹ,"к, его",к нему
ВЗ,song_of_solomon,Песнь Песней,5,8,10,ל֔וֹ,"к, его",к нему
ВЗ,isaiah,Исаия,1,1,11,יוֹתָ֛ם,Джофам,Иоафам
ВЗ,isaiah,Исаия,1,2,5,יְהוָ֖ה,Яхве,Господь
ВЗ,isaiah,Исаия,1,4,12,יְהוָ֗ה,Яхве,Господь
ВЗ,isaiah,Исаия,1,9,1,יְהוָ֣ה,Яхве,Господь
ВЗ,isaiah,Исаия,1,10,2,יְהוָ֖ה,Яхве,Господь
ВЗ,isaiah,Исаия,1,11,5,יְהוָ֔ה,Яхве,Господь
ВЗ,isaiah,Исаия,1,18,4,יְהוָ֑ה,Яхве,Господь
ВЗ,isaiah,Исаия,1,20,7,יְהוָ֖ה,Яхве,Господь
ВЗ,isaiah,Исаия,1,24,3,יְהוָ֣ה,Яхве,Господь
ВЗ,isaiah,Исаия,1,28,5,יְהוָ֖ה,Яхве,Господь
ВЗ,isaiah,Исаия,2,2,7,יְהוָה֙,Яхве,Господь
ВЗ,isaiah,Исаия,2,3,8,יְהוָ֗ה,Яхве,Господь
ВЗ,isaiah,Исаия,2,3,22,יְהוָ֖ה,Яхве,Господь
ВЗ,isaiah,Исаия,2,5,5,יְהוָֽה\׃,Яхве,Господь
ВЗ,isaiah,Исаия,2,10,6,יְהוָ֔ה,Яхве,Господь
ВЗ,isaiah,Исаия,2,11,8,יְהוָ֛ה,Яхве,Господь
ВЗ,isaiah,Исаия,2,12,2,לַיהוָ֧ה,"принадлежит к, Яхве","принадлежит к, Господь"
ВЗ,isaiah,Исаия,2,17,7,יְהוָ֛ה,Яхве,Господь
ВЗ,isaiah,Исаия,2,19,7,יְהוָה֙,Яхве,Господь
ВЗ,isaiah,Исаия,2,21,7,יְהוָה֙,Яхве,Господь
ВЗ,isaiah,Исаия,3,1,3,יְהוָ֣ה,Яхве,Господь
ВЗ,isaiah,Исаия,3,7,3,לֵאמֹר֙,"к, говоря",говоря
ВЗ,isaiah,Исаия,3,8,9,יְהוָ֔ה,Яхве,Господь
ВЗ,isaiah,Исаия,3,11,7,לּֽוֹ\׃,"к, его",к нему
ВЗ,isaiah,Исаия,3,13,2,יְהוָ֑ה,Яхве,Господь
ВЗ,isaiah,Исаия,3,14,0,יְהוָה֙,Яхве,Господь
ВЗ,isaiah,Исаия,3,15,8,יְהוִ֖ה,Яхве,Господь
ВЗ,isaiah,Исаия,3,16,1,יְהוָ֗ה,Яхве,Господь
ВЗ,isaiah,Исаия,3,17,5,וַיהוָ֖ה,"и, Яхве","и, Господь"
ВЗ,isaiah,Исаия,4,1,7,לֵאמֹ֔ר,"к, говоря",говоря
ВЗ,isaiah,Исаия,4,2,4,יְהוָ֔ה,Яхве,Господь
ВЗ,isaiah,Исаия,4,5,1,יְהוָ֡ה,Яхве,Господь
ВЗ,isaiah,Исаия,5,1,5,לְכַרְמ֑וֹ,"виноградник, его",виноградник нему
ВЗ,isaiah,Исаия,5,7,2,יְהוָ֤ה,Яхве,Господь
ВЗ,isaiah,Исаия,5,9,1,יְהוָ֣ה,Яхве,Господь
ВЗ,isaiah,Исаия,5,12,9,יְהוָה֙,Яхве,Господь
ВЗ,isaiah,Исаия,5,16,1,יְהוָ֥ה,Яхве,Господь
ВЗ,isaiah,Исаия,5,24,18,יְהוָ֣ה,Яхве,Господь
ВЗ,isaiah,Исаия,5,25,4,יְהוָ֨ה,Яхве,Господь
ВЗ,isaiah,Исаия,5,25,12,וַתְּהִ֧י,"и, оно был",и было
ВЗ,isaiah,Исаия,5,28,4,קַשְּׁתֹתָ֖יו,"лук, его",лук нему
ВЗ,isaiah,Исаия,6,2,3,ל֔וֹ,"к, его",к нему
ВЗ,isaiah,Исаия,6,3,8,יְהוָ֣ה,Яхве,Господь
ВЗ,isaiah,Исаия,6,5,19,יְהוָ֥ה,Яхве,Господь
ВЗ,isaiah,Исаия,6,12,1,יְהוָ֖ה,Яхве,Господь
ВЗ,isaiah,Исаия,7,1,0,וַיְהִ֡י,"и, оно был",и было
ВЗ,isaiah,Исаия,7,1,4,יוֹתָ֨ם,Джофам,Иоафам
ВЗ,isaiah,Исаия,7,2,0,וַיֻּגַּ֗ד,"и, оно был сказал",и было сказал
ВЗ,isaiah,Исаия,7,2,3,לֵאמֹ֔ר,"к, говоря",говоря
ВЗ,isaiah,Исаия,7,3,1,יְהוָה֮,Яхве,Господь
ВЗ,isaiah,Исаия,7,4,1,אֵ֠לָיו,"к, его",к нему
ВЗ,isaiah,Исаия,7,5,9,לֵאמֹֽר\׃,"к, говоря",говоря
ВЗ,isaiah,Исаия,7,7,3,יְהוִ֑ה,Яхве,Господь
ВЗ,isaiah,Исаия,7,10,1,יְהוָ֔ה,Яхве,Господь
ВЗ,isaiah,Исаия,7,10,5,לֵאמֹֽר\׃,"к, говоря",говоря
ВЗ,isaiah,Исаия,7,11,4,יְהוָ֣ה,Яхве,Господь
ВЗ,isaiah,Исаия,7,12,7,יְהוָֽה\׃,Яхве,Господь
ВЗ,isaiah,Исаия,7,17,1,יְהוָ֜ה,Яхве,Господь
ВЗ,isaiah,Исаия,7,18,4,יְהוָה֙,Яхве,Господь
ВЗ,isaiah,Исаия,8,1,1,יְהוָה֙,Яхве,Господь
ВЗ,isaiah,Исаия,8,3,7,יְהוָה֙,Яхве,Господь
ВЗ,isaiah,Исаия,8,5,1,יְהוָ֔ה,Яхве,Господь
ВЗ,isaiah,Исаия,8,5,5,לֵאמֹֽר\׃,"к, говоря",говоря
ВЗ,isaiah,Исаия,8,11,3,יְהוָ֛ה,Яхве,Господь
ВЗ,isaiah,Исаия,8,11,12,לֵאמֹֽר\׃,"к, говоря",говоря
ВЗ,isaiah,Исаия,8,13,1,יְהוָ֥ה,Яхве,Господь
ВЗ,isaiah,Исаия,8,17,1,לַיהוָ֔ה,"для, Яхве","для, Господь"
ВЗ,isaiah,Исаия,8,18,6,יְהוָ֔ה,Яхве,Господь
ВЗ,isaiah,Исаия,8,18,11,יְהוָ֣ה,Яхве,Господь
ВЗ,isaiah,Исаия,10,16,3,יְהוָ֧ה,Яхве,Господь
ВЗ,isaiah,Исаия,10,20,16,יְהוָ֛ה,Яхве,Господь
ВЗ,isaiah,Исаия,10,23,4,יְהוִה֙,Яхве,Господь
ВЗ,isaiah,Исаия,10,24,4,יְהוִה֙,Яхве,Господь
ВЗ,isaiah,Исаия,10,26,2,יְהוָ֤ה,Яхве,Господь
ВЗ,isaiah,Исаия,10,33,2,יְהוָ֣ה,Яхве,Господь
ВЗ,isaiah,Исаия,11,2,3,יְהוָ֑ה,Яхве,Господь
ВЗ,isaiah,Исаия,11,2,13,יְהוָֽה\׃,Яхве,Господь
ВЗ,isaiah,Исаия,11,3,2,יְהוָ֑ה,Яхве,Господь
ВЗ,isaiah,Исаия,11,9,12,יְהוָ֔ה,Яхве,Господь
ВЗ,isaiah,Исаия,11,10,9,אֵלָ֖יו,"к, его",к нему
ВЗ,isaiah,Исаия,11,15,1,יְהוָ֗ה,Яхве,Господь
ВЗ,isaiah,Исаия,12,1,4,יְהוָ֔ה,О Яхве,О Господь
ВЗ,isaiah,Исаия,12,2,9,יָ֣הּ,Яхве,Господь
ВЗ,isaiah,Исаия,12,2,10,יְהוָ֔ה,Яхве,Господь
ВЗ,isaiah,Исаия,12,4,4,לַֽיהוָה֙,"к, Яхве","к, Господь"
ВЗ,isaiah,Исаия,12,5,1,יְהוָ֔ה,Яхве,Господь
ВЗ,isaiah,Исаия,13,4,11,יְהוָ֣ה,Яхве,Господь
ВЗ,isaiah,Исаия,13,5,5,יְהוָה֙,Яхве,Господь
ВЗ,isaiah,Исаия,13,6,4,יְהוָ֑ה,Яхве,Господь
ВЗ,isaiah,Исаия,13,9,2,יְהוָה֙,Яхве,Господь
ВЗ,isaiah,Исаия,13,13,8,יְהוָ֣ה,Яхве,Господь
ВЗ,isaiah,Исаия,14,1,2,יְהוָ֜ה,Яхве,Господь
ВЗ,isaiah,Исаия,14,2,10,יְהוָ֔ה,Яхве,Господь
ВЗ,isaiah,Исаия,14,3,3,יְהוָה֙,Яхве,Господь
ВЗ,isaiah,Исаия,14,5,1,יְהוָ֖ה,Яхве,Господь
ВЗ,isaiah,Исаия,14,22,3,יְהוָ֣ה,Яхве,Господь
ВЗ,isaiah,Исаия,14,22,12,יְהוָֽה\׃,Яхве,Господь
ВЗ,isaiah,Исаия,14,23,9,יְהוָ֥ה,Яхве,Господь
ВЗ,isaiah,Исаия,14,24,1,יְהוָ֥ה,Яхве,Господь
ВЗ,isaiah,Исаия,14,24,3,לֵאמֹ֑ר,"к, говоря",говоря
ВЗ,isaiah,Исаия,14,27,1,יְהוָ֧ה,Яхве,Господь
ВЗ,isaiah,Исаия,14,28,4,הָיָ֖ה,оно пришёл,было
ВЗ,isaiah,Исаия,14,32,5,יְהוָה֙,Яхве,Господь
ВЗ,isaiah,Исаия,16,13,4,יְהוָ֛ה,Яхве,Господь
ВЗ,isaiah,Исаия,16,14,2,יְהוָה֮,Яхве,Господь
ВЗ,isaiah,Исаия,16,14,3,לֵאמֹר֒,"к, говоря",говоря
ВЗ,isaiah,Исаия,17,3,12,יְהוָ֥ה,Яхве,Господь
ВЗ,isaiah,Исаия,17,6,15,יְהוָ֖ה,Яхве,Господь
ВЗ,isaiah,Исаия,18,4,3,יְהוָה֙,Яхве,Господь
ВЗ,isaiah,Исаия,18,7,4,לַיהוָ֣ה,"к, Яхве","к, Господь"
ВЗ,isaiah,Исаия,18,7,25,יְהוָ֥ה,Яхве,Господь
ВЗ,isaiah,Исаия,19,1,3,יְהוָ֜ה,Яхве,Господь
ВЗ,isaiah,Исаия,19,4,12,יְהוָ֥ה,Яхве,Господь
ВЗ,isaiah,Исаия,19,12,9,יְהוָ֥ה,Яхве,Господь
ВЗ,isaiah,Исаия,19,14,0,יְהוָ֛ה,Яхве,Господь
ВЗ,isaiah,Исаия,19,16,10,יְהוָ֣ה,Яхве,Господь
ВЗ,isaiah,Исаия,19,17,9,אֵלָ֖יו,"к, его",к нему
ВЗ,isaiah,Исаия,19,17,13,יְהוָ֣ה,Яхве,Господь
ВЗ,isaiah,Исаия,19,18,11,לַיהוָ֣ה,"к, Яхве","к, Господь"
ВЗ,isaiah,Исаия,19,19,4,לַֽיהוָ֔ה,"к, Яхве","к, Господь"
ВЗ,isaiah,Исаия,19,19,11,לַֽיהוָֽה\׃,"к, Яхве","к, Господь"
ВЗ,isaiah,Исаия,19,20,3,לַֽיהוָ֥ה,"к, Яхве","к, Господь"
ВЗ,isaiah,Исаия,19,20,10,יְהוָה֙,Яхве,Господь
ВЗ,isaiah,Исаия,19,21,1,יְהוָה֙,Яхве,Господь
ВЗ,isaiah,Исаия,19,21,6,יְהוָ֖ה,Яхве,Господь
ВЗ,isaiah,Исаия,19,21,14,לַֽיהוָ֖ה,"к, Яхве","к, Господь"
ВЗ,isaiah,Исаия,19,22,1,יְהוָ֛ה,Яхве,Господь
ВЗ,isaiah,Исаия,19,22,8,יְהוָ֔ה,Яхве,Господь
ВЗ,isaiah,Исаия,19,25,2,יְהוָ֥ה,Яхве,Господь
ВЗ,isaiah,Исаия,19,25,4,לֵאמֹ֑ר,"к, говоря",говоря
ВЗ,isaiah,Исаия,20,2,3,יְהוָה֮,Яхве,Господь
ВЗ,isaiah,Исаия,20,2,8,לֵאמֹר֒,"к, говоря",говоря
ВЗ,isaiah,Исаия,20,3,1,יְהוָ֔ה,Яхве,Господь
ВЗ,isaiah,Исаия,21,10,6,יְהוָ֧ה,Яхве,Господь
ВЗ,isaiah,Исаия,21,17,8,יְהוָ֥ה,Яхве,Господь
ВЗ,isaiah,Исаия,22,5,6,יְהוִ֛ה,Яхве,Господь
ВЗ,isaiah,Исаия,22,7,0,וַיְהִ֥י,"и, оно был",и было
ВЗ,isaiah,Исаия,22,12,2,יְהוִ֛ה,Яхве,Господь
ВЗ,isaiah,Исаия,22,14,2,יְהוָ֣ה,Яхве,Господь
ВЗ,isaiah,Исаия,22,14,13,יְהוִ֖ה,Яхве,Господь
ВЗ,isaiah,Исаия,22,15,3,יְהוִ֖ה,Яхве,Господь
ВЗ,isaiah,Исаия,22,17,1,יְהוָה֙,Яхве,Господь
ВЗ,isaiah,Исаия,22,25,3,יְהוָ֣ה,Яхве,Господь
ВЗ,isaiah,Исаия,22,25,17,יְהוָ֖ה,Яхве,Господь
ВЗ,isaiah,Исаия,23,4,7,לֵאמֹ֑ר,"к, говоря",говоря
ВЗ,isaiah,Исаия,23,9,0,יְהוָ֥ה,Яхве,Господь
ВЗ,isaiah,Исаия,23,11,6,יְהוָה֙,Яхве,Господь
ВЗ,isaiah,Исаия,23,17,5,יְהוָה֙,Яхве,Господь
ВЗ,isaiah,Исаия,23,18,4,לַֽיהוָ֔ה,"к, Яхве","к, Господь"
ВЗ,isaiah,Исаия,23,18,12,יְהוָה֙,Яхве,Господь
ВЗ,isaiah,Исаия,24,1,1,יְהוָ֛ה,Яхве,Господь
ВЗ,isaiah,Исаия,24,3,6,יְהוָ֔ה,Яхве,Господь
ВЗ,isaiah,Исаия,24,10,2,תֹּ֑הוּ,безвидность,пустота
ВЗ,isaiah,Исаия,24,14,5,יְהוָ֔ה,Яхве,Господь
ВЗ,isaiah,Исаия,24,15,4,יְהוָ֑ה,Яхве,Господь
ВЗ,isaiah,Исаия,24,15,8,יְהוָ֖ה,Яхве,Господь
ВЗ,isaiah,Исаия,24,21,4,יְהוָ֛ה,Яхве,Господь
ВЗ,isaiah,Исаия,24,23,6,יְהוָ֣ה,Яхве,Господь
ВЗ,isaiah,Исаия,25,1,0,יְהוָ֤ה,О Яхве,О Господь
ВЗ,isaiah,Исаия,25,4,7,ל֑וֹ,"к, его",к нему
ВЗ,isaiah,Исаия,25,6,1,יְהוָ֨ה,Яхве,Господь
ВЗ,isaiah,Исаия,25,8,5,יְהוִ֛ה,Яхве,Господь
ВЗ,isaiah,Исаия,25,8,17,יְהוָ֖ה,Яхве,Господь
ВЗ,isaiah,Исаия,25,9,10,יְהוָה֙,есть Яхве,есть Господь
ВЗ,isaiah,Исаия,25,10,3,יְהוָ֖ה,Яхве,Господь
ВЗ,isaiah,Исаия,26,4,1,בַֽיהוָ֖ה,"в, Яхве","в, Господь"
ВЗ,isaiah,Исаия,26,4,5,בְּיָ֣הּ,"есть в, Яхве","есть в, Господь"
ВЗ,isaiah,Исаия,26,4,6,יְהוָ֔ה,Яхве,Господь
ВЗ,isaiah,Исаия,26,8,3,יְהוָ֖ה,О Яхве,О Господь
ВЗ,isaiah,Исаия,26,10,11,יְהוָֽה\׃\ \ס,Яхве,Господь
ВЗ,isaiah,Исаия,26,11,0,יְהוָ֛ה,О Яхве,О Господь
ВЗ,isaiah,Исаия,26,12,0,יְהוָ֕ה,О Яхве,О Господь
ВЗ,isaiah,Исаия,26,13,0,יְהוָ֣ה,О Яхве,О Господь
ВЗ,isaiah,Исаия,26,15,2,יְהוָ֔ה,О Яхве,О Господь
ВЗ,isaiah,Исаия,26,16,0,יְהוָ֖ה,О Яхве,О Господь
ВЗ,isaiah,Исаия,26,17,10,יְהוָֽה\׃,О Яхве,О Господь
ВЗ,isaiah,Исаия,26,21,2,יְהוָה֙,Яхве,Господь
ВЗ,isaiah,Исаия,27,1,3,יְהוָה֩,Яхве,Господь
ВЗ,isaiah,Исаия,27,3,1,יְהוָה֙,Яхве,Господь
ВЗ,isaiah,Исаия,27,12,4,יְהוָ֛ה,Яхве,Господь
ВЗ,isaiah,Исаия,27,13,14,לַיהוָ֛ה,"к, Яхве","к, Господь"
ВЗ,isaiah,Исаия,28,5,3,יְהוָ֣ה,Яхве,Господь
ВЗ,isaiah,Исаия,28,9,7,שְׁמוּעָ֑ה,мессаге,возвещение
ВЗ,isaiah,Исаия,28,13,3,יְהוָ֗ה,Яхве,Господь
ВЗ,isaiah,Исаия,28,14,3,יְהוָ֖ה,Яхве,Господь
ВЗ,isaiah,Исаия,28,16,4,יְהוִ֔ה,Яхве,Господь
ВЗ,isaiah,Исаия,28,19,14,שְׁמוּעָֽה\׃,мессаге,возвещение
ВЗ,isaiah,Исаия,28,21,4,יְהוָ֔ה,Яхве,Господь
ВЗ,isaiah,Исаия,28,22,12,יְהוִ֛ה,Яхве,Господь
ВЗ,isaiah,Исаия,28,29,3,יְהוָ֥ה,Яхве,Господь
ВЗ,isaiah,Исаия,29,6,1,יְהוָ֤ה,Яхве,Господь
ВЗ,isaiah,Исаия,29,10,3,יְהוָה֙,Яхве,Господь
ВЗ,isaiah,Исаия,29,11,13,לֵאמֹ֖ר,"к, говоря",говоря
ВЗ,isaiah,Исаия,29,12,7,לֵאמֹ֖ר,"к, говоря",говоря
ВЗ,isaiah,Исаия,29,15,2,מֵֽיהוָ֖ה,"от, Яхве","от, Господь"
ВЗ,isaiah,Исаия,29,19,2,בַּֽיהוָ֖ה,"в, Яхве","в, Господь"
ВЗ,isaiah,Исаия,29,22,3,יְהוָה֙,Яхве,Господь
ВЗ,isaiah,Исаия,30,1,4,יְהוָ֔ה,Яхве,Господь
ВЗ,isaiah,Исаия,30,9,11,יְהוָֽה\׃,Яхве,Господь
ВЗ,isaiah,Исаия,30,15,4,יְהוִ֜ה,Яхве,Господь
ВЗ,isaiah,Исаия,30,18,2,יְהוָה֙,Яхве,Господь
ВЗ,isaiah,Исаия,30,18,10,יְהוָ֔ה,Яхве,Господь
ВЗ,isaiah,Исаия,30,21,4,לֵאמֹ֑ר,"к, говоря",говоря
ВЗ,isaiah,Исаия,30,26,14,יְהוָה֙,Яхве,Господь
ВЗ,isaiah,Исаия,30,27,2,יְהוָה֙,Яхве,Господь
ВЗ,isaiah,Исаия,30,27,12,וּלְשׁוֹנ֖וֹ,"и, язык, его","и, язык нему"
ВЗ,isaiah,Исаия,30,29,12,יְהוָ֖ה,Яхве,Господь
ВЗ,isaiah,Исаия,30,30,1,יְהוָ֜ה,Яхве,Господь
ВЗ,isaiah,Исаия,30,31,2,יְהוָ֖ה,Яхве,Господь
ВЗ,isaiah,Исаия,30,32,7,יְהוָה֙,Яхве,Господь
ВЗ,isaiah,Исаия,30,33,15,יְהוָה֙,Яхве,Господь
ВЗ,isaiah,Исаия,31,1,23,יְהוָ֖ה,Яхве,Господь
ВЗ,isaiah,Исаия,31,3,8,וַֽיהוָ֞ה,"и, Яхве","и, Господь"
ВЗ,isaiah,Исаия,31,4,3,יְהוָ֣ה\׀,Яхве,Господь
ВЗ,isaiah,Исаия,31,4,24,יְהוָ֣ה,Яхве,Господь
ВЗ,isaiah,Исаия,31,5,4,יְהוָ֥ה,Яхве,Господь
ВЗ,isaiah,Исаия,31,9,7,יְהוָ֗ה,Яхве,Господь
ВЗ,isaiah,Исаия,31,9,10,לוֹ֙,"принадлежит к, его",принадлежит к нему
ВЗ,isaiah,Исаия,31,9,13,ל֖וֹ,"принадлежит к, его",принадлежит к нему
ВЗ,isaiah,Исаия,32,6,11,יְהוָה֙,Яхве,Господь
ВЗ,isaiah,Исаия,33,2,0,יְהוָ֥ה,О Яхве,О Господь
ВЗ,isaiah,Исаия,33,5,1,יְהוָ֔ה,Яхве,Господь
ВЗ,isaiah,Исаия,33,6,8,יְהוָ֖ה,Яхве,Господь
ВЗ,isaiah,Исаия,33,10,3,יְהוָ֑ה,Яхве,Господь
ВЗ,isaiah,Исаия,33,21,4,יְהוָה֙,Яхве,Господь
ВЗ,isaiah,Исаия,33,22,1,יְהוָה֙,Яхве,Господь
ВЗ,isaiah,Исаия,33,22,3,יְהוָ֖ה,Яхве,Господь
ВЗ,isaiah,Исаия,33,22,5,יְהוָ֥ה,Яхве,Господь
ВЗ,isaiah,Исаия,34,2,2,לַֽיהוָה֙,"принадлежит к, Яхве","принадлежит к, Господь"
ВЗ,isaiah,Исаия,34,6,1,לַיהוָ֞ה,"принадлежит к, Яхве","принадлежит к, Господь"
ВЗ,isaiah,Исаия,34,6,14,לַֽיהוָה֙,"принадлежит к, Яхве","принадлежит к, Господь"
ВЗ,isaiah,Исаия,34,8,3,לַֽיהוָ֑ה,"принадлежит к, Яхве","принадлежит к, Господь"
ВЗ,isaiah,Исаия,34,11,10,תֹ֖הוּ,безвидность,пустота
ВЗ,isaiah,Исаия,34,16,3,יְהוָה֙,Яхве,Господь
ВЗ,isaiah,Исаия,35,2,16,יְהוָ֖ה,Яхве,Господь
ВЗ,isaiah,Исаия,35,10,1,יְהוָ֜ה,Яхве,Господь
ВЗ,isaiah,Исаия,36,1,0,וַיְהִ֡י,"и, оно был",и было
ВЗ,isaiah,Исаия,36,3,1,אֵלָ֛יו,"к, его",к нему
ВЗ,isaiah,Исаия,36,7,4,יְהוָ֥ה,Яхве,Господь
ВЗ,isaiah,Исаия,36,10,2,יְהוָ֔ה,Яхве,Господь
ВЗ,isaiah,Исаия,36,10,8,יְהוָה֙,Яхве,Господь
ВЗ,isaiah,Исаия,36,15,5,יְהוָ֣ה,Яхве,Господь
ВЗ,isaiah,Исаия,36,15,6,לֵאמֹ֔ר,"к, говоря",говоря
ВЗ,isaiah,Исаия,36,15,9,יְהוָ֑ה,Яхве,Господь
ВЗ,isaiah,Исаия,36,18,4,לֵאמֹ֔ר,"к, говоря",говоря
ВЗ,isaiah,Исаия,36,18,5,יְהוָ֖ה,Яхве,Господь
ВЗ,isaiah,Исаия,36,20,12,יְהוָ֛ה,Яхве,Господь
ВЗ,isaiah,Исаия,36,21,9,לֵאמֹ֖ר,"к, говоря",говоря
ВЗ,isaiah,Исаия,36,22,18,ל֔וֹ,"к, его",к нему
ВЗ,isaiah,Исаия,37,1,0,וַיְהִ֗י,"и, оно был",и было
ВЗ,isaiah,Исаия,37,1,11,יְהוָֽה\׃,Яхве,Господь
ВЗ,isaiah,Исаия,37,3,1,אֵלָ֗יו,"к, его",к нему
ВЗ,isaiah,Исаия,37,4,2,יְהוָ֨ה,Яхве,Господь
ВЗ,isaiah,Исаия,37,4,20,יְהוָ֣ה,Яхве,Господь
ВЗ,isaiah,Исаия,37,6,9,יְהוָ֗ה,Яхве,Господь
ВЗ,isaiah,Исаия,37,9,5,לֵאמֹ֔ר,"к, говоря",говоря
ВЗ,isaiah,Исаия,37,9,14,לֵאמֹֽר\׃,"к, говоря",говоря
ВЗ,isaiah,Исаия,37,10,6,לֵאמֹ֔ר,"к, говоря",говоря
ВЗ,isaiah,Исаия,37,10,14,לֵאמֹ֑ר,"к, говоря",говоря
ВЗ,isaiah,Исаия,37,14,9,יְהוָ֔ה,Яхве,Господь
ВЗ,isaiah,Исаия,37,14,13,יְהוָֽה\׃,Яхве,Господь
ВЗ,isaiah,Исаия,37,15,3,יְהוָ֖ה,Яхве,Господь
ВЗ,isaiah,Исаия,37,15,4,לֵאמֹֽר\׃,"к, говоря",говоря
ВЗ,isaiah,Исаия,37,16,0,יְהוָ֨ה,О Яхве,О Господь
ВЗ,isaiah,Исаия,37,17,1,יְהוָ֤ה\׀,О Яхве,О Господь
ВЗ,isaiah,Исаия,37,17,5,יְהוָ֛ה,О Яхве,О Господь
ВЗ,isaiah,Исаия,37,18,1,יְהוָ֑ה,О Яхве,О Господь
ВЗ,isaiah,Исаия,37,20,1,יְהוָ֣ה,О Яхве,О Господь
ВЗ,isaiah,Исаия,37,20,11,יְהוָ֖ה,есть Яхве,есть Господь
ВЗ,isaiah,Исаия,37,21,6,לֵאמֹ֑ר,"к, говоря",говоря
ВЗ,isaiah,Исаия,37,21,9,יְהוָה֙,Яхве,Господь
ВЗ,isaiah,Исаия,37,22,4,יְהוָ֖ה,Яхве,Господь
ВЗ,isaiah,Исаия,37,32,8,יְהוָ֥ה,Яхве,Господь
ВЗ,isaiah,Исаия,37,33,3,יְהוָה֙,Яхве,Господь
ВЗ,isaiah,Исаия,37,34,11,יְהוָֽה\׃,Яхве,Господь
ВЗ,isaiah,Исаия,37,36,2,יְהוָ֗ה,Яхве,Господь
ВЗ,isaiah,Исаия,37,38,0,וַיְהִי֩,"и, оно был",и было
ВЗ,isaiah,Исаия,38,1,6,אֵ֠לָיו,"к, его",к нему
ВЗ,isaiah,Исаия,38,1,12,אֵלָ֜יו,"к, его",к нему
ВЗ,isaiah,Исаия,38,1,15,יְהוָה֙,Яхве,Господь
ВЗ,isaiah,Исаия,38,2,7,יְהוָֽה\׃,Яхве,Господь
ВЗ,isaiah,Исаия,38,3,2,יְהוָה֙,О Яхве,О Господь
ВЗ,isaiah,Исаия,38,4,0,וַֽיְהִי֙,"и, оно пришёл","и, было"
ВЗ,isaiah,Исаия,38,4,2,יְהוָ֔ה,Яхве,Господь
ВЗ,isaiah,Исаия,38,4,5,לֵאמֹֽר\׃,"к, говоря",говоря
ВЗ,isaiah,Исаия,38,5,6,יְהוָה֙,Яхве,Господь
ВЗ,isaiah,Исаия,38,7,4,יְהוָ֑ה,Яхве,Господь
ВЗ,isaiah,Исаия,38,7,7,יְהוָ֔ה,Яхве,Господь
ВЗ,isaiah,Исаия,38,11,3,יָ֔הּ,Яхве,Господь
ВЗ,isaiah,Исаия,38,11,4,יָ֖הּ,Яхве,Господь
ВЗ,isaiah,Исаия,38,20,0,יְהוָ֖ה,Яхве,Господь
ВЗ,isaiah,Исаия,38,20,9,יְהוָֽה\׃,Яхве,Господь
ВЗ,isaiah,Исаия,38,22,7,יְהוָֽה\׃\ \ס,Яхве,Господь
ВЗ,isaiah,Исаия,39,3,7,אֵלָ֜יו,"к, его",к нему
ВЗ,isaiah,Исаия,39,5,6,יְהוָ֥ה,Яхве,Господь
ВЗ,isaiah,Исаия,39,6,18,יְהוָֽה\׃,Яхве,Господь
ВЗ,isaiah,Исаия,39,8,6,יְהוָ֖ה,Яхве,Господь
ВЗ,isaiah,Исаия,40,2,15,יְהוָ֔ה,Яхве,Господь
ВЗ,isaiah,Исаия,40,3,5,יְהוָ֑ה,Яхве,Господь
ВЗ,isaiah,Исаия,40,5,2,יְהוָ֑ה,Яхве,Господь
ВЗ,isaiah,Исаия,40,5,9,יְהוָ֖ה,Яхве,Господь
ВЗ,isaiah,Исаия,40,7,6,יְהוָ֖ה,Яхве,Господь
ВЗ,isaiah,Исаия,40,10,2,יְהוִה֙,Яхве,Господь
ВЗ,isaiah,Исаия,40,13,4,יְהוָ֑ה,Яхве,Господь
ВЗ,isaiah,Исаия,40,18,7,לֽוֹ\׃,"к, его",к нему
ВЗ,isaiah,Исаия,40,27,7,מֵֽיְהוָ֔ה,"от, Яхве","от, Господь"
ВЗ,isaiah,Исаия,40,28,7,יְהוָה֙,Яхве,Господь
ВЗ,isaiah,Исаия,40,31,1,יְהוָה֙,Яхве,Господь
ВЗ,isaiah,Исаия,41,2,16,קַשְׁתּֽוֹ\׃,"лук, его",лук нему
ВЗ,isaiah,Исаия,41,4,2,וְעָשָׂ֔ה,"и, имеет он аккомплишед оно?","и, имеет он уверенно познавших оно?"
ВЗ,isaiah,Исаия,41,4,7,יְהוָה֙,Яхве,Господь
ВЗ,isaiah,Исаия,41,13,2,יְהוָ֥ה,есмь Яхве,есмь Господь
ВЗ,isaiah,Исаия,41,14,9,יְהוָ֔ה,Яхве,Господь
ВЗ,isaiah,Исаия,41,16,8,בַּֽיהוָ֔ה,"в, Яхве","в, Господь"
ВЗ,isaiah,Исаия,41,17,9,יְהוָה֙,Яхве,Господь
ВЗ,isaiah,Исаия,41,20,8,יְהוָ֖ה,Яхве,Господь
ВЗ,isaiah,Исаия,41,21,3,יְהוָ֑ה,Яхве,Господь
ВЗ,isaiah,Исаия,42,5,3,יְהוָ֗ה,Яхве,Господь
ВЗ,isaiah,Исаия,42,6,1,יְהוָ֛ה,Яхве,Господь
ВЗ,isaiah,Исаия,42,8,1,יְהוָ֖ה,есмь Яхве,есмь Господь
ВЗ,isaiah,Исаия,42,10,1,לַֽיהוָה֙,"к, Яхве","к, Господь"
ВЗ,isaiah,Исаия,42,12,1,לַֽיהוָ֖ה,"к, Яхве","к, Господь"
ВЗ,isaiah,Исаия,42,13,0,יְהוָה֙,Яхве,Господь
ВЗ,isaiah,Исаия,42,19,13,יְהוָֽה\׃,Яхве,Господь
ВЗ,isaiah,Исаия,42,21,0,יְהוָ֥ה,Яхве,Господь
ВЗ,isaiah,Исаия,42,24,7,יְהוָ֑ה,был оно Яхве,был оно Господь
ВЗ,isaiah,Исаия,42,24,10,ל֔וֹ,"к, его",к нему
ВЗ,isaiah,Исаия,43,1,3,יְהוָה֙,Яхве,Господь
ВЗ,isaiah,Исаия,43,3,2,יְהוָ֣ה,есмь Яхве,есмь Господь
ВЗ,isaiah,Исаия,43,10,3,יְהוָ֔ה,Яхве,Господь
ВЗ,isaiah,Исаия,43,11,2,יְהוָ֑ה,есмь Яхве,есмь Господь
ВЗ,isaiah,Исаия,43,12,10,יְהוָ֖ה,Яхве,Господь
ВЗ,isaiah,Исаия,43,14,2,יְהוָ֛ה,Яхве,Господь
ВЗ,isaiah,Исаия,43,15,1,יְהוָ֖ה,есмь Яхве,есмь Господь
ВЗ,isaiah,Исаия,43,16,2,יְהוָ֔ה,Яхве,Господь
ВЗ,isaiah,Исаия,44,2,2,יְהוָ֥ה,Яхве,Господь
ВЗ,isaiah,Исаия,44,5,2,לַֽיהוָ֣ה,"принадлежать к, Яхве","принадлежать к, Господь"
ВЗ,isaiah,Исаия,44,5,11,לַֽיהוָ֔ה,"принадлежит к, Яхве","принадлежит к, Господь"
ВЗ,isaiah,Исаия,44,6,2,יְהוָ֧ה,Яхве,Господь
ВЗ,isaiah,Исаия,44,6,6,יְהוָ֣ה,Яхве,Господь
ВЗ,isaiah,Исаия,44,23,4,יְהוָ֗ה,Яхве,Господь
ВЗ,isaiah,Исаия,44,23,17,יְהוָה֙,Яхве,Господь
ВЗ,isaiah,Исаия,44,24,2,יְהוָה֙,Яхве,Господь
ВЗ,isaiah,Исаия,44,24,7,יְהוָה֙,есмь Яхве,есмь Господь
ВЗ,isaiah,Исаия,45,1,2,יְהוָה֮,Яхве,Господь
ВЗ,isaiah,Исаия,45,3,10,יְהוָ֛ה,есмь Яхве,есмь Господь
ВЗ,isaiah,Исаия,45,5,1,יְהוָה֙,есмь Яхве,есмь Господь
ВЗ,isaiah,Исаия,45,6,9,יְהוָ֖ה,есмь Яхве,есмь Господь
ВЗ,isaiah,Исаия,45,7,9,יְהוָ֖ה,есмь Яхве,есмь Господь
ВЗ,isaiah,Исаия,45,8,14,יְהוָ֖ה,Яхве,Господь
ВЗ,isaiah,Исаия,45,9,16,לֽוֹ\׃\ \ס,"принадлежать к, его",принадлежать к нему
ВЗ,isaiah,Исаия,45,11,2,יְהוָ֛ה,Яхве,Господь
ВЗ,isaiah,Исаия,45,13,16,יְהוָ֥ה,Яхве,Господь
ВЗ,isaiah,Исаия,45,14,2,יְהוָ֗ה,Яхве,Господь
ВЗ,isaiah,Исаия,45,17,2,בַּיהוָ֔ה,"через, Яхве","через, Господь"
ВЗ,isaiah,Исаия,45,18,3,יְ֠הוָה,Яхве,Господь
ВЗ,isaiah,Исаия,45,18,19,יְהוָ֖ה,есмь Яхве,есмь Господь
ВЗ,isaiah,Исаия,45,19,13,יְהוָה֙,Яхве,Господь
ВЗ,isaiah,Исаия,45,21,13,יְהוָה֙,Яхве,Господь
ВЗ,isaiah,Исаия,45,24,1,בַּיהוָ֛ה,"есть в, Яхве","есть в, Господь"
ВЗ,isaiah,Исаия,45,24,6,עָדָיו֙,"к, его",к нему
ВЗ,isaiah,Исаия,45,25,0,בַּיהוָ֛ה,"через, Яхве","через, Господь"
ВЗ,isaiah,Исаия,46,9,2,מֵעוֹלָ֑ם,"от, долгий назад","от, давно"
ВЗ,isaiah,Исаия,47,4,1,יְהוָ֥ה,есть Яхве,есть Господь
ВЗ,isaiah,Исаия,48,1,12,יְהוָ֗ה,Яхве,Господь
ВЗ,isaiah,Исаия,48,2,8,יְהוָ֥ה,есть Яхве,есть Господь
ВЗ,isaiah,Исаия,48,5,4,תָּב֖וֹא,оно пришёл,было
ВЗ,isaiah,Исаия,48,14,8,יְהוָ֣ה,Яхве,Господь
ВЗ,isaiah,Исаия,48,16,14,יְהוִ֛ה,Яхве,Господь
ВЗ,isaiah,Исаия,48,17,2,יְהוָ֛ה,Яхве,Господь
ВЗ,isaiah,Исаия,48,17,7,יְהוָ֤ה,есмь Яхве,есмь Господь
ВЗ,isaiah,Исаия,48,18,3,וַיְהִ֤י,"и, оно был",и было
ВЗ,isaiah,Исаия,48,19,0,וַיְהִ֤י,"и, оно был",и было
ВЗ,isaiah,Исаия,48,20,15,יְהוָ֖ה,Яхве,Господь
ВЗ,isaiah,Исаия,48,22,3,יְהוָ֖ה,Яхве,Господь
ВЗ,isaiah,Исаия,49,1,6,יְהוָה֙,Яхве,Господь
ВЗ,isaiah,Исаия,49,4,11,יְהוָ֔ה,Яхве,Господь
ВЗ,isaiah,Исаия,49,5,2,יְהוָ֗ה,Яхве,Господь
ВЗ,isaiah,Исаия,49,5,9,אֵלָ֔יו,"к, его",к нему
ВЗ,isaiah,Исаия,49,5,11,ל֣וֹ,"к, его",к нему
ВЗ,isaiah,Исаия,49,5,15,יְהוָ֔ה,Яхве,Господь
ВЗ,isaiah,Исаия,49,7,2,יְהוָה֩,Яхве,Господь
ВЗ,isaiah,Исаия,49,7,18,יְהוָה֙,Яхве,Господь
ВЗ,isaiah,Исаия,49,8,2,יְהוָ֗ה,Яхве,Господь
ВЗ,isaiah,Исаия,49,13,9,יְהוָה֙,Яхве,Господь
ВЗ,isaiah,Исаия,49,14,3,יְהוָ֑ה,Яхве,Господь
ВЗ,isaiah,Исаия,49,18,11,יְהוָ֗ה,Яхве,Господь
ВЗ,isaiah,Исаия,49,22,3,יְהוִ֗ה,Яхве,Господь
ВЗ,isaiah,Исаия,49,23,15,יְהוָ֔ה,есмь Яхве,есмь Господь
ВЗ,isaiah,Исаия,49,25,3,יְהוָ֗ה,Яхве,Господь
ВЗ,isaiah,Исаия,49,26,13,יְהוָה֙,есмь Яхве,есмь Господь
ВЗ,isaiah,Исаия,50,1,2,יְהוָ֗ה,Яхве,Господь
ВЗ,isaiah,Исаия,50,1,16,ל֑וֹ,"к, его",к нему
ВЗ,isaiah,Исаия,50,4,1,יְהֹוִ֗ה,Яхве,Господь
ВЗ,isaiah,Исаия,50,5,1,יְהוִה֙,Яхве,Господь
ВЗ,isaiah,Исаия,50,7,1,יְהוִה֙,Яхве,Господь
ВЗ,isaiah,Исаия,50,9,2,יְהוִה֙,Яхве,Господь
ВЗ,isaiah,Исаия,50,10,3,יְהוָ֔ה,Яхве,Господь
ВЗ,isaiah,Исаия,50,10,12,ל֔וֹ,"принадлежит к, его",принадлежит к нему
ВЗ,isaiah,Исаия,50,10,15,יְהוָ֔ה,Яхве,Господь
ВЗ,isaiah,Исаия,51,1,5,יְהוָ֑ה,Яхве,Господь
ВЗ,isaiah,Исаия,51,3,2,יְהוָ֜ה,Яхве,Господь
ВЗ,isaiah,Исаия,51,3,12,יְהוָ֑ה,Яхве,Господь
ВЗ,isaiah,Исаия,51,9,5,יְהוָ֔ה,Яхве,Господь
ВЗ,isaiah,Исаия,51,11,1,יְהוָ֜ה,Яхве,Господь
ВЗ,isaiah,Исаия,51,13,1,יְהוָ֣ה,Яхве,Господь
ВЗ,isaiah,Исаия,51,15,1,יְהוָ֣ה,есмь Яхве,есмь Господь
ВЗ,isaiah,Исаия,51,15,7,יְהוָ֥ה,есть Яхве,есть Господь
ВЗ,isaiah,Исаия,51,17,7,יְהוָ֖ה,Яхве,Господь
ВЗ,isaiah,Исаия,51,20,10,יְהוָ֖ה,Яхве,Господь
ВЗ,isaiah,Исаия,51,22,3,יְהוָ֗ה,Яхве,Господь
ВЗ,isaiah,Исаия,52,3,3,יְהוָ֔ה,Яхве,Господь
ВЗ,isaiah,Исаия,52,4,4,יְהוִ֔ה,Яхве,Господь
ВЗ,isaiah,Исаия,52,5,5,יְהוָ֔ה,Яхве,Господь
ВЗ,isaiah,Исаия,52,5,13,יְהוָ֔ה,Яхве,Господь
ВЗ,isaiah,Исаия,52,8,11,יְהוָ֖ה,Яхве,Господь
ВЗ,isaiah,Исаия,52,9,7,יְהוָה֙,Яхве,Господь
ВЗ,isaiah,Исаия,52,10,1,יְהוָה֙,Яхве,Господь
ВЗ,isaiah,Исаия,52,11,12,יְהוָֽה\׃,Яхве,Господь
ВЗ,isaiah,Исаия,52,12,10,יְהוָ֔ה,Яхве,Господь
ВЗ,isaiah,Исаия,53,1,4,יְהוָ֖ה,Яхве,Господь
ВЗ,isaiah,Исаия,53,2,8,ל֖וֹ,"принадлежал к, его",принадлежал к нему
ВЗ,isaiah,Исаия,53,6,6,וַֽיהוָה֙,"и, Яхве","и, Господь"
ВЗ,isaiah,Исаия,53,8,14,לָֽמוֹ\׃,"принадлежал к, его",принадлежал к нему
ВЗ,isaiah,Исаия,53,10,0,וַיהוָ֞ה,"и, Яхве","и, Господь"
ВЗ,isaiah,Исаия,53,10,13,יְהוָ֖ה,Яхве,Господь
ВЗ,isaiah,Исаия,53,12,2,ל֣וֹ,"к, его",к нему
ВЗ,isaiah,Исаия,54,1,16,יְהוָֽה\׃,Яхве,Господь
ВЗ,isaiah,Исаия,54,5,3,יְהוָ֥ה,есть Яхве,есть Господь
ВЗ,isaiah,Исаия,54,6,6,יְהוָ֑ה,Яхве,Господь
ВЗ,isaiah,Исаия,54,8,11,יְהוָֽה\׃\ \ס,Яхве,Господь
ВЗ,isaiah,Исаия,54,10,15,יְהוָֽה\׃\ \ס,Яхве,Господь
ВЗ,isaiah,Исаия,54,13,3,יְהוָ֑ה,Яхве,Господь
ВЗ,isaiah,Исаия,54,17,15,יְהוָ֧ה,Яхве,Господь
ВЗ,isaiah,Исаия,54,17,19,יְהוָֽה\׃\ \ס,Яхве,Господь
ВЗ,isaiah,Исаия,55,1,7,ל֖וֹ,"принадлежит к, его",принадлежит к нему
ВЗ,isaiah,Исаия,55,5,11,יְהוָ֣ה,Яхве,Господь
ВЗ,isaiah,Исаия,55,6,1,יְהוָ֖ה,Яхве,Господь
ВЗ,isaiah,Исаия,55,7,8,יְהוָה֙,Яхве,Господь
ВЗ,isaiah,Исаия,55,8,8,יְהוָֽה\׃,Яхве,Господь
ВЗ,isaiah,Исаия,55,13,9,לַֽיהוָה֙,"для, Яхве","для, Господь"
ВЗ,isaiah,Исаия,56,1,2,יְהוָ֔ה,Яхве,Господь
ВЗ,isaiah,Исаия,56,3,6,יְהוָה֙,Яхве,Господь
ВЗ,isaiah,Исаия,56,3,7,לֵאמֹ֔ר,"к, говоря",говоря
ВЗ,isaiah,Исаия,56,3,10,יְהוָ֖ה,Яхве,Господь
ВЗ,isaiah,Исаия,56,4,3,יְהוָ֗ה,Яхве,Господь
ВЗ,isaiah,Исаия,56,5,12,ל֔וֹ,"к, его",к нему
ВЗ,isaiah,Исаия,56,6,4,יְהוָה֙,Яхве,Господь
ВЗ,isaiah,Исаия,56,6,9,יְהוָ֔ה,Яхве,Господь
ВЗ,isaiah,Исаия,56,8,2,יְהוִ֔ה,Яхве,Господь
ВЗ,isaiah,Исаия,57,11,16,וּמֵ֣עֹלָ֔ם,"и, от, долгий назад","и, от, давно"
ВЗ,isaiah,Исаия,57,18,6,ל֖וֹ,"к, его",к нему
ВЗ,isaiah,Исаия,57,19,8,יְהוָ֖ה,Яхве,Господь
ВЗ,isaiah,Исаия,58,5,19,לַיהוָֽה\׃,"к, Яхве","к, Господь"
ВЗ,isaiah,Исаия,58,8,11,יְהוָ֖ה,Яхве,Господь
ВЗ,isaiah,Исаия,58,9,2,וַיהוָ֣ה,"и, Яхве","и, Господь"
ВЗ,isaiah,Исаия,58,11,1,יְהוָה֮,Яхве,Господь
ВЗ,isaiah,Исаия,58,13,12,יְהוָה֙,Яхве,Господь
ВЗ,isaiah,Исаия,58,14,3,יְהוָ֔ה,Яхве,Господь
ВЗ,isaiah,Исаия,58,14,14,יְהוָ֖ה,Яхве,Господь
ВЗ,isaiah,Исаия,59,1,4,יְהוָ֖ה,Яхве,Господь
ВЗ,isaiah,Исаия,59,13,2,בַּֽיהוָ֔ה,"в, Яхве","в, Господь"
ВЗ,isaiah,Исаия,59,15,0,וַתְּהִ֤י,"и, оно был",и было
ВЗ,isaiah,Исаия,59,15,7,יְהוָ֛ה,Яхве,Господь
ВЗ,isaiah,Исаия,59,15,8,וַיֵּ֥רַע,"и, оно был дисплеасинг",и было дисплеасинг
ВЗ,isaiah,Исаия,59,16,9,לוֹ֙,"к, его",к нему
ВЗ,isaiah,Исаия,59,19,4,יְהוָ֔ה,Яхве,Господь
ВЗ,isaiah,Исаия,59,19,14,יְהוָ֖ה,Яхве,Господь
ВЗ,isaiah,Исаия,59,20,7,יְהוָֽה\׃,Яхве,Господь
ВЗ,isaiah,Исаия,59,21,5,יְהוָ֔ה,Яхве,Господь
ВЗ,isaiah,Исаия,59,21,22,יְהוָ֔ה,Яхве,Господь
ВЗ,isaiah,Исаия,60,1,6,יְהוָ֖ה,Яхве,Господь
ВЗ,isaiah,Исаия,60,2,9,יְהוָ֔ה,Яхве,Господь
ВЗ,isaiah,Исаия,60,6,13,יְהוָ֖ה,Яхве,Господь
ВЗ,isaiah,Исаия,60,9,14,יְהוָ֣ה,Яхве,Господь
ВЗ,isaiah,Исаия,60,14,14,יְהוָ֔ה,Яхве,Господь
ВЗ,isaiah,Исаия,60,16,9,יְהוָה֙,Яхве,Господь
ВЗ,isaiah,Исаия,60,19,14,יְהוָה֙,Яхве,Господь
ВЗ,isaiah,Исаия,60,20,8,יְהוָ֗ה,Яхве,Господь
ВЗ,isaiah,Исаия,60,22,7,יְהוָ֖ה,есмь Яхве,есмь Господь
ВЗ,isaiah,Исаия,61,1,2,יְהוִ֖ה,Яхве,Господь
ВЗ,isaiah,Исаия,61,1,6,יְהוָ֨ה,Яхве,Господь
ВЗ,isaiah,Исаия,61,2,3,לַֽיהוָ֔ה,Яхве,Господь
ВЗ,isaiah,Исаия,61,3,22,יְהוָ֖ה,Яхве,Господь
ВЗ,isaiah,Исаия,61,6,2,יְהוָה֙,Яхве,Господь
ВЗ,isaiah,Исаия,61,8,2,יְהוָה֙,Яхве,Господь
ВЗ,isaiah,Исаия,61,9,13,יְהוָֽה\׃\ \ס,Яхве,Господь
ВЗ,isaiah,Исаия,61,10,2,בַּֽיהוָ֗ה,"в, Яхве","в, Господь"
ВЗ,isaiah,Исаия,61,11,9,יְהוִ֗ה,Яхве,Господь
ВЗ,isaiah,Исаия,62,2,12,יְהוָ֖ה,Яхве,Господь
ВЗ,isaiah,Исаия,62,3,4,יְהוָ֑ה,Яхве,Господь
ВЗ,isaiah,Исаия,62,4,19,יְהוָה֙,Яхве,Господь
ВЗ,isaiah,Исаия,62,6,14,יְהוָ֔ה,Яхве,Господь
ВЗ,isaiah,Исаия,62,7,3,ל֑וֹ,"к, его",к нему
ВЗ,isaiah,Исаия,62,8,1,יְהוָ֛ה,Яхве,Господь
ВЗ,isaiah,Исаия,62,9,5,יְהוָ֑ה,Яхве,Господь
ВЗ,isaiah,Исаия,62,11,1,יְהוָ֗ה,Яхве,Господь
ВЗ,isaiah,Исаия,62,12,5,יְהוָ֑ה,Яхве,Господь
ВЗ,isaiah,Исаия,63,7,1,יְהוָ֤ה\׀,Яхве,Господь
ВЗ,isaiah,Исаия,63,7,4,יְהוָ֔ה,Яхве,Господь
ВЗ,isaiah,Исаия,63,7,9,יְהוָ֑ה,Яхве,Господь
ВЗ,isaiah,Исаия,63,9,2,ל֣וֹ,"принадлежал к, его",принадлежал к нему
ВЗ,isaiah,Исаия,63,14,4,יְהוָ֖ה,Яхве,Господь
ВЗ,isaiah,Исаия,63,16,11,יְהוָה֙,О Яхве,О Господь
ВЗ,isaiah,Исаия,63,16,14,מֵֽעוֹלָ֖ם,"от, долгий назад","от, давно"
ВЗ,isaiah,Исаия,63,17,2,יְהוָה֙,О Яхве,О Господь
ВЗ,isaiah,Исаия,63,19,1,מֵֽעוֹלָם֙,"от, долгий назад","от, давно"
ВЗ,isaiah,Исаия,65,7,5,יְהוָ֔ה,Яхве,Господь
ВЗ,isaiah,Исаия,65,8,2,יְהוָ֗ה,Яхве,Господь
ВЗ,isaiah,Исаия,65,11,2,יְהוָ֔ה,Яхве,Господь
ВЗ,isaiah,Исаия,65,13,4,יְהוִ֗ה,Яхве,Господь
ВЗ,isaiah,Исаия,65,15,6,יְהוִ֑ה,Яхве,Господь
ВЗ,isaiah,Исаия,65,23,9,יְהוָה֙,Яхве,Господь
ВЗ,isaiah,Исаия,65,25,19,יְהוָֽה\׃\ \ס,Яхве,Господь
ВЗ,isaiah,Исаия,66,1,2,יְהוָ֔ה,Яхве,Господь
ВЗ,isaiah,Исаия,66,2,9,יְהוָ֑ה,Яхве,Господь
ВЗ,isaiah,Исаия,66,5,2,יְהוָ֔ה,Яхве,Господь
ВЗ,isaiah,Исаия,66,5,13,יְהוָ֔ה,Яхве,Господь
ВЗ,isaiah,Исаия,66,6,6,יְהוָ֔ה,Яхве,Господь
ВЗ,isaiah,Исаия,66,7,4,יָב֥וֹא,оно пришёл,было
ВЗ,isaiah,Исаия,66,9,5,יְהוָ֑ה,Яхве,Господь
ВЗ,isaiah,Исаия,66,12,3,יְהוָ֗ה,Яхве,Господь
ВЗ,isaiah,Исаия,66,14,8,יְהוָה֙,Яхве,Господь
ВЗ,isaiah,Исаия,66,15,2,יְהוָה֙,Яхве,Господь
ВЗ,isaiah,Исаия,66,16,2,יְהוָ֣ה,Яхве,Господь
ВЗ,isaiah,Исаия,66,16,10,יְהוָֽה\׃,Яхве,Господь
ВЗ,isaiah,Исаия,66,17,15,יְהוָֽה\׃,Яхве,Господь
ВЗ,isaiah,Исаия,66,20,7,לַֽיהוָ֡ה,"к, Яхве","к, Господь"
ВЗ,isaiah,Исаия,66,20,18,יְהוָ֑ה,Яхве,Господь
ВЗ,isaiah,Исаия,66,20,28,יְהוָֽה\׃,Яхве,Господь
ВЗ,isaiah,Исаия,66,21,6,יְהוָֽה\׃,Яхве,Господь
ВЗ,isaiah,Исаия,66,22,12,יְהוָ֑ה,Яхве,Господь
ВЗ,isaiah,Исаия,66,23,13,יְהוָֽה\׃,Яхве,Господь
ВЗ,jeremiah,Иеремия,1,2,1,הָיָ֤ה,оно пришёл,было
ВЗ,jeremiah,Иеремия,1,2,3,יְהוָה֙,Яхве,Господь
ВЗ,jeremiah,Иеремия,1,2,4,אֵלָ֔יו,"к, его",к нему
ВЗ,jeremiah,Иеремия,1,3,0,וַיְהִ֗י,"и, оно пришёл","и, было"
ВЗ,jeremiah,Иеремия,1,4,0,וַיְהִ֥י,"и, оно пришёл","и, было"
ВЗ,jeremiah,Иеремия,1,4,2,יְהוָ֖ה,Яхве,Господь
ВЗ,jeremiah,Иеремия,1,4,4,לֵאמֹֽר\׃,"к, говоря",говоря
ВЗ,jeremiah,Иеремия,1,6,3,יְהֹוִ֔ה,Яхве,Господь
ВЗ,jeremiah,Иеремия,1,7,1,יְהוָה֙,Яхве,Господь
ВЗ,jeremiah,Иеремия,1,8,8,יְהוָֽה\׃,Яхве,Господь
ВЗ,jeremiah,Иеремия,1,9,1,יְהוָה֙,Яхве,Господь
ВЗ,jeremiah,Иеремия,1,9,8,יְהוָה֙,Яхве,Господь
ВЗ,jeremiah,Иеремия,1,11,0,וַיְהִ֤י,"и, оно пришёл","и, было"
ВЗ,jeremiah,Иеремия,1,11,2,יְהוָה֙,Яхве,Господь
ВЗ,jeremiah,Иеремия,1,11,4,לֵאמֹ֔ר,"к, говоря",говоря
ВЗ,jeremiah,Иеремия,1,12,1,יְהוָ֛ה,Яхве,Господь
ВЗ,jeremiah,Иеремия,1,13,0,וַיְהִ֨י,"и, оно пришёл","и, было"
ВЗ,jeremiah,Иеремия,1,13,2,יְהוָ֤ה\׀,Яхве,Господь
ВЗ,jeremiah,Иеремия,1,13,5,לֵאמֹ֔ר,"к, говоря",говоря
ВЗ,jeremiah,Иеремия,1,14,1,יְהוָ֖ה,Яхве,Господь
ВЗ,jeremiah,Иеремия,1,15,8,יְהוָ֑ה,Яхве,Господь
ВЗ,jeremiah,Иеремия,1,19,9,יְהוָ֖ה,Яхве,Господь
ВЗ,jeremiah,Иеремия,2,1,0,וַיְהִ֥י,"и, оно пришёл","и, было"
ВЗ,jeremiah,Иеремия,2,1,2,יְהוָ֖ה,Яхве,Господь
ВЗ,jeremiah,Иеремия,2,1,4,לֵאמֹֽר\׃,"к, говоря",говоря
ВЗ,jeremiah,Иеремия,2,2,4,לֵאמֹ֗ר,"к, говоря",говоря
ВЗ,jeremiah,Иеремия,2,2,7,יְהוָ֔ה,Яхве,Господь
ВЗ,jeremiah,Иеремия,2,3,2,לַיהוָ֔ה,"к, Яхве","к, Господь"
ВЗ,jeremiah,Иеремия,2,3,12,יְהוָֽה\׃\ \פ,Яхве,Господь
ВЗ,jeremiah,Иеремия,2,4,2,יְהוָ֖ה,Яхве,Господь
ВЗ,jeremiah,Иеремия,2,5,2,יְהוָ֗ה,Яхве,Господь
ВЗ,jeremiah,Иеремия,2,6,3,יְהוָ֔ה,есть Яхве,есть Господь
ВЗ,jeremiah,Иеремия,2,8,4,יְהוָ֔ה,есть Яхве,есть Господь
ВЗ,jeremiah,Иеремия,2,9,5,יְהוָ֑ה,Яхве,Господь
ВЗ,jeremiah,Иеремия,2,12,8,יְהוָֽה\׃,Яхве,Господь
ВЗ,jeremiah,Иеремия,2,17,6,יְהוָ֣ה,Яхве,Господь
ВЗ,jeremiah,Иеремия,2,19,11,יְהוָ֣ה,Яхве,Господь
ВЗ,jeremiah,Иеремия,2,19,18,יְהוִ֖ה,Яхве,Господь
ВЗ,jeremiah,Иеремия,2,20,1,מֵעוֹלָ֞ם,"от, долгий назад","от, давно"
ВЗ,jeremiah,Иеремия,2,22,12,יְהוִֽה\׃,Яхве,Господь
ВЗ,jeremiah,Иеремия,2,29,7,יְהוָֽה\׃,Яхве,Господь
ВЗ,jeremiah,Иеремия,2,31,4,יְהוָ֔ה,Яхве,Господь
ВЗ,jeremiah,Иеремия,2,37,9,יְהֹוָה֙,Яхве,Господь
ВЗ,jeremiah,Иеремия,3,1,0,לֵאמֹ֡ר,"к, говоря",говоря
ВЗ,jeremiah,Иеремия,3,1,26,יְהֹוָֽה\׃,Яхве,Господь
ВЗ,jeremiah,Иеремия,3,6,1,יְהוָ֜ה,Яхве,Господь
ВЗ,jeremiah,Иеремия,3,9,0,וְהָיָה֙,"и, оно был",и было
ВЗ,jeremiah,Иеремия,3,9,3,וַתֶּחֱנַ֖ף,"и, оно был поллутед",и было поллутед
ВЗ,jeremiah,Иеремия,3,10,15,יְהוָֽה\׃\ \פ,Яхве,Господь
ВЗ,jeremiah,Иеремия,3,11,1,יְהוָה֙,Яхве,Господь
ВЗ,jeremiah,Иеремия,3,12,11,יְהוָ֔ה,Яхве,Господь
ВЗ,jeremiah,Иеремия,3,12,20,יְהוָ֔ה,Яхве,Господь
ВЗ,jeremiah,Иеремия,3,13,4,בַּיהוָ֥ה,"против, Яхве","против, Господь"
ВЗ,jeremiah,Иеремия,3,13,19,יְהֹוָֽה\׃,Яхве,Господь
ВЗ,jeremiah,Иеремия,3,14,4,יְהוָ֔ה,Яхве,Господь
ВЗ,jeremiah,Иеремия,3,16,8,יְהוָ֔ה,Яхве,Господь
ВЗ,jeremiah,Иеремия,3,16,14,יְהוָ֔ה,Яхве,Господь
ВЗ,jeremiah,Иеремия,3,17,5,יְהוָ֔ה,Яхве,Господь
ВЗ,jeremiah,Иеремия,3,17,11,יְהוָ֖ה,Яхве,Господь
ВЗ,jeremiah,Иеремия,3,20,10,יְהוָֽה\׃,Яхве,Господь
ВЗ,jeremiah,Иеремия,3,21,14,יְהֹוָ֥ה,Яхве,Господь
ВЗ,jeremiah,Иеремия,3,22,10,יְהֹוָ֥ה,есть Яхве,есть Господь
ВЗ,jeremiah,Иеремия,3,23,6,בַּיהֹוָ֣ה,"есть в, Яхве","есть в, Господь"
ВЗ,jeremiah,Иеремия,3,25,5,לַיהוָ֨ה,"к, Яхве","к, Господь"
ВЗ,jeremiah,Иеремия,3,25,17,יְהֹוָ֥ה,Яхве,Господь
ВЗ,jeremiah,Иеремия,4,1,4,יְהוָ֛ה,Яхве,Господь
ВЗ,jeremiah,Иеремия,4,2,2,יְהוָ֔ה,Яхве,Господь
ВЗ,jeremiah,Иеремия,4,3,3,יְהֹוָ֗ה,Яхве,Господь
ВЗ,jeremiah,Иеремия,4,4,1,לַיהֹוָ֗ה,"к, Яхве","к, Господь"
ВЗ,jeremiah,Иеремия,4,8,11,יְהֹוָ֖ה,Яхве,Господь
ВЗ,jeremiah,Иеремия,4,9,4,יְהוָ֔ה,Яхве,Господь
ВЗ,jeremiah,Иеремия,4,10,3,יְהוִ֗ה,Яхве,Господь
ВЗ,jeremiah,Иеремия,4,10,10,לֵאמֹ֔ר,"к, говоря",говоря
ВЗ,jeremiah,Иеремия,4,17,9,יְהוָֽה\׃,Яхве,Господь
ВЗ,jeremiah,Иеремия,4,23,4,תֹ֖הוּ,безвидность,пустота
ВЗ,jeremiah,Иеремия,4,26,8,יְהוָ֔ה,Яхве,Господь
ВЗ,jeremiah,Иеремия,4,27,3,יְהוָ֔ה,Яхве,Господь
ВЗ,jeremiah,Иеремия,5,2,2,יְהֹוָ֖ה,Яхве,Господь
ВЗ,jeremiah,Иеремия,5,3,0,יְהֹוָ֗ה,О Яхве,О Господь
ВЗ,jeremiah,Иеремия,5,4,10,יְהוָ֔ה,Яхве,Господь
ВЗ,jeremiah,Иеремия,5,5,10,יְהוָ֔ה,Яхве,Господь
ВЗ,jeremiah,Иеремия,5,9,5,יְהֹוָ֑ה,Яхве,Господь
ВЗ,jeremiah,Иеремия,5,10,10,לַיהוָ֖ה,"принадлежать к, Яхве","принадлежать к, Господь"
ВЗ,jeremiah,Иеремия,5,11,9,יְהוָֽה\׃,Яхве,Господь
ВЗ,jeremiah,Иеремия,5,12,1,בַּיהוָ֔ה,"в, Яхве","в, Господь"
ВЗ,jeremiah,Иеремия,5,14,3,יְהוָה֙,Яхве,Господь
ВЗ,jeremiah,Иеремия,5,15,8,יְהֹוָ֑ה,Яхве,Господь
ВЗ,jeremiah,Иеремия,5,15,13,מֵעוֹלָם֙,"от, долгий назад","от, давно"
ВЗ,jeremiah,Иеремия,5,18,4,יְהֹוָ֑ה,Яхве,Господь
ВЗ,jeremiah,Иеремия,5,19,6,יְהֹוָ֧ה,Яхве,Господь
ВЗ,jeremiah,Иеремия,5,20,6,לֵאמֹֽר\׃,"к, говоря",говоря
ВЗ,jeremiah,Иеремия,5,22,4,יְהֹוָ֗ה,Яхве,Господь
ВЗ,jeremiah,Иеремия,5,24,6,יְהוָ֣ה,Яхве,Господь
ВЗ,jeremiah,Иеремия,5,29,5,יְהֹוָ֑ה,Яхве,Господь
ВЗ,jeremiah,Иеремия,6,6,3,יְהוָ֣ה,Яхве,Господь
ВЗ,jeremiah,Иеремия,6,9,2,יְהֹוָ֣ה,Яхве,Господь
ВЗ,jeremiah,Иеремия,6,10,13,יְהוָ֗ה,Яхве,Господь
ВЗ,jeremiah,Иеремия,6,11,2,יְהוָ֤ה\׀,Яхве,Господь
ВЗ,jeremiah,Иеремия,6,12,14,יְהוָֽה\׃,Яхве,Господь
ВЗ,jeremiah,Иеремия,6,14,6,לֵאמֹ֖ר,"к, говоря",говоря
ВЗ,jeremiah,Иеремия,6,15,19,יְהוָֽה\׃\ \ס,Яхве,Господь
ВЗ,jeremiah,Иеремия,6,16,2,יְהוָ֡ה,Яхве,Господь
ВЗ,jeremiah,Иеремия,6,21,3,יְהוָ֔ה,Яхве,Господь
ВЗ,jeremiah,Иеремия,6,22,2,יְהוָ֔ה,Яхве,Господь
ВЗ,jeremiah,Иеремия,6,30,6,יְהוָ֖ה,Яхве,Господь
ВЗ,jeremiah,Иеремия,7,1,2,הָיָ֣ה,оно пришёл,было
ВЗ,jeremiah,Иеремия,7,1,6,יְהוָ֖ה,Яхве,Господь
ВЗ,jeremiah,Иеремия,7,1,7,לֵאמֹֽר\׃,"к, говоря",говоря
ВЗ,jeremiah,Иеремия,7,2,3,יְהוָ֔ה,Яхве,Господь
ВЗ,jeremiah,Иеремия,7,2,12,יְהוָ֗ה,Яхве,Господь
ВЗ,jeremiah,Иеремия,7,2,19,לַיהוָֽה\׃\ \ס,"к, Яхве","к, Господь"
ВЗ,jeremiah,Иеремия,7,3,2,יְהוָ֤ה,Яхве,Господь
ВЗ,jeremiah,Иеремия,7,4,6,לֵאמֹ֑ר,"к, говоря",говоря
ВЗ,jeremiah,Иеремия,7,4,8,יְהוָה֙,Яхве,Господь
ВЗ,jeremiah,Иеремия,7,4,10,יְהוָ֔ה,Яхве,Господь
ВЗ,jeremiah,Иеремия,7,4,12,יְהוָ֖ה,Яхве,Господь
ВЗ,jeremiah,Иеремия,7,11,15,יְהוָֽה\׃\ \ס,Яхве,Господь
ВЗ,jeremiah,Иеремия,7,13,8,יְהוָ֑ה,Яхве,Господь
ВЗ,jeremiah,Иеремия,7,19,4,יְהוָ֑ה,Яхве,Господь
ВЗ,jeremiah,Иеремия,7,20,4,יְהֹוִ֗ה,Яхве,Господь
ВЗ,jeremiah,Иеремия,7,21,2,יְהוָ֥ה,Яхве,Господь
ВЗ,jeremiah,Иеремия,7,23,7,לֵאמֹר֙,"к, говоря",говоря
ВЗ,jeremiah,Иеремия,7,28,8,יְהוָ֣ה,Яхве,Господь
ВЗ,jeremiah,Иеремия,7,29,9,יְהוָ֔ה,Яхве,Господь
ВЗ,jeremiah,Иеремия,7,30,7,יְהוָ֑ה,Яхве,Господь
ВЗ,jeremiah,Иеремия,7,31,17,עָלְתָ֖ה,оно пришёл вверх,было вверх
ВЗ,jeremiah,Иеремия,7,32,5,יְהוָ֔ה,Яхве,Господь
ВЗ,jeremiah,Иеремия,8,1,3,יְהוָ֡ה,Яхве,Господь
ВЗ,jeremiah,Иеремия,8,3,17,יְהוָ֥ה,Яхве,Господь
ВЗ,jeremiah,Иеремия,8,4,4,יְהוָ֔ה,Яхве,Господь
ВЗ,jeremiah,Иеремия,8,6,10,לֵאמֹ֖ר,"к, говоря",говоря
ВЗ,jeremiah,Иеремия,8,7,17,יְהוָֽה\׃,Яхве,Господь
ВЗ,jeremiah,Иеремия,8,8,5,יְהוָ֖ה,Яхве,Господь
ВЗ,jeremiah,Иеремия,8,9,6,יְהוָה֙,Яхве,Господь
ВЗ,jeremiah,Иеремия,8,11,7,לֵאמֹ֖ר,"к, говоря",говоря
ВЗ,jeremiah,Иеремия,8,12,18,יְהוָֽה\׃\ \ס,Яхве,Господь
ВЗ,jeremiah,Иеремия,8,13,3,יְהֹוָ֑ה,Яхве,Господь
ВЗ,jeremiah,Иеремия,8,14,12,יְהוָ֨ה,Яхве,Господь
ВЗ,jeremiah,Иеремия,8,14,20,לַיהוָֽה\׃,"к, Яхве","к, Господь"
ВЗ,jeremiah,Иеремия,8,17,13,יְהוָֽה\׃\ \ס,Яхве,Господь
ВЗ,jeremiah,Иеремия,8,19,7,הַֽיהוָה֙,"¿, есть Яхве","¿, есть Господь"
ВЗ,jeremiah,Иеремия,10,1,5,יְהוָ֛ה,Яхве,Господь
ВЗ,jeremiah,Иеремия,10,2,2,יְהוָ֗ה,Яхве,Господь
ВЗ,jeremiah,Иеремия,10,6,2,יְהוָ֑ה,О Яхве,О Господь
ВЗ,jeremiah,Иеремия,10,10,0,וַֽיהוָ֤ה,"и, Яхве","и, Господь"
ВЗ,jeremiah,Иеремия,10,16,11,יְהוָ֥ה,есть Яхве,есть Господь
ВЗ,jeremiah,Иеремия,10,18,3,יְהוָ֔ה,Яхве,Господь
ВЗ,jeremiah,Иеремия,10,21,4,יְהוָ֖ה,Яхве,Господь
ВЗ,jeremiah,Иеремия,10,23,1,יְהוָ֔ה,О Яхве,О Господь
ВЗ,jeremiah,Иеремия,10,24,1,יְהוָ֖ה,О Яхве,О Господь
ВЗ,jeremiah,Иеремия,11,1,2,הָיָ֣ה,оно пришёл,было
ВЗ,jeremiah,Иеремия,11,1,6,יְהוָ֖ה,Яхве,Господь
ВЗ,jeremiah,Иеремия,11,1,7,לֵאמֹֽר\׃,"к, говоря",говоря
ВЗ,jeremiah,Иеремия,11,3,4,יְהוָ֖ה,Яхве,Господь
ВЗ,jeremiah,Иеремия,11,4,11,לֵאמֹ֗ר,"к, говоря",говоря
ВЗ,jeremiah,Иеремия,11,5,18,יְהוָֽה\׃\ \ס,О Яхве,О Господь
ВЗ,jeremiah,Иеремия,11,6,1,יְהוָה֙,Яхве,Господь
ВЗ,jeremiah,Иеремия,11,6,12,לֵאמֹ֑ר,"к, говоря",говоря
ВЗ,jeremiah,Иеремия,11,7,14,לֵאמֹ֑ר,"к, говоря",говоря
ВЗ,jeremiah,Иеремия,11,9,1,יְהוָ֖ה,Яхве,Господь
ВЗ,jeremiah,Иеремия,11,11,3,יְהוָ֔ה,Яхве,Господь
ВЗ,jeremiah,Иеремия,11,16,6,יְהוָ֖ה,Яхве,Господь
ВЗ,jeremiah,Иеремия,11,17,0,וַיהוָ֤ה,"и, Яхве","и, Господь"
ВЗ,jeremiah,Иеремия,11,18,0,וַֽיהוָ֥ה,"и, Яхве","и, Господь"
ВЗ,jeremiah,Иеремия,11,20,0,וַֽיהוָ֤ה,"и, О Яхве","и, О Господь"
ВЗ,jeremiah,Иеремия,11,21,3,יְהוָה֙,Яхве,Господь
ВЗ,jeremiah,Иеремия,11,21,10,לֵאמֹ֑ר,"к, говоря",говоря
ВЗ,jeremiah,Иеремия,11,21,14,יְהוָ֔ה,Яхве,Господь
ВЗ,jeremiah,Иеремия,11,22,3,יְהוָ֣ה,Яхве,Господь
ВЗ,jeremiah,Иеремия,12,1,2,יְהוָ֔ה,О Яхве,О Господь
ВЗ,jeremiah,Иеремия,12,3,1,יְהוָה֙,О Яхве,О Господь
ВЗ,jeremiah,Иеремия,12,12,8,לַֽיהוָה֙,Яхве,Господь
ВЗ,jeremiah,Иеремия,12,13,11,יְהוָֽה\׃\ \ס,Яхве,Господь
ВЗ,jeremiah,Иеремия,12,14,2,יְהוָ֗ה,Яхве,Господь
ВЗ,jeremiah,Иеремия,12,16,10,יְהוָ֔ה,Яхве,Господь
ВЗ,jeremiah,Иеремия,12,17,10,יְהוָֽה\׃\ \ס,Яхве,Господь
ВЗ,jeremiah,Иеремия,13,1,2,יְהוָ֜ה,Яхве,Господь
ВЗ,jeremiah,Иеремия,13,2,4,יְהוָ֑ה,Яхве,Господь
ВЗ,jeremiah,Иеремия,13,3,0,וַיְהִ֧י,"и, оно пришёл","и, было"
ВЗ,jeremiah,Иеремия,13,3,2,יְהוָ֛ה,Яхве,Господь
ВЗ,jeremiah,Иеремия,13,3,5,לֵאמֹֽר\׃,"к, говоря",говоря
ВЗ,jeremiah,Иеремия,13,5,5,יְהוָ֖ה,Яхве,Господь
ВЗ,jeremiah,Иеремия,13,6,0,וַיְהִ֕י,"и, оно был",и было
ВЗ,jeremiah,Иеремия,13,6,5,יְהוָ֜ה,Яхве,Господь
ВЗ,jeremiah,Иеремия,13,8,0,וַיְהִ֥י,"и, оно пришёл","и, было"
ВЗ,jeremiah,Иеремия,13,8,2,יְהוָ֖ה,Яхве,Господь
ВЗ,jeremiah,Иеремия,13,8,4,לֵאמֹֽר\׃,"к, говоря",говоря
ВЗ,jeremiah,Иеремия,13,9,2,יְהוָ֑ה,Яхве,Господь
ВЗ,jeremiah,Иеремия,13,11,19,יְהוָ֔ה,Яхве,Господь
ВЗ,jeremiah,Иеремия,13,12,7,יְהוָה֙,Яхве,Господь
ВЗ,jeremiah,Иеремия,13,13,4,יְהוָ֗ה,Яхве,Господь
ВЗ,jeremiah,Иеремия,13,14,8,יְהוָ֑ה,Яхве,Господь
ВЗ,jeremiah,Иеремия,13,15,5,יְהוָ֖ה,Яхве,Господь
ВЗ,jeremiah,Иеремия,13,16,1,לַיהוָ֨ה,"к, Яхве","к, Господь"
ВЗ,jeremiah,Иеремия,13,17,16,יְהוָֽה\׃\ \ס,Яхве,Господь
ВЗ,jeremiah,Иеремия,13,25,6,יְהוָ֑ה,Яхве,Господь
ВЗ,jeremiah,Иеремия,14,1,1,הָיָ֤ה,оно пришёл,было
ВЗ,jeremiah,Иеремия,14,1,3,יְהוָה֙,Яхве,Господь
ВЗ,jeremiah,Иеремия,14,7,4,יְהוָ֕ה,О Яхве,О Господь
ВЗ,jeremiah,Иеремия,14,9,10,יְהוָ֗ה,О Яхве,О Господь
ВЗ,jeremiah,Иеремия,14,10,2,יְהוָ֜ה,Яхве,Господь
ВЗ,jeremiah,Иеремия,14,10,11,וַיהוָה֙,"и, Яхве","и, Господь"
ВЗ,jeremiah,Иеремия,14,11,1,יְהוָ֖ה,Яхве,Господь
ВЗ,jeremiah,Иеремия,14,13,3,יְהוִ֗ה,Яхве,Господь
ВЗ,jeremiah,Иеремия,14,14,1,יְהוָ֜ה,Яхве,Господь
ВЗ,jeremiah,Иеремия,14,15,3,יְהוָ֗ה,Яхве,Господь
ВЗ,jeremiah,Иеремия,14,20,1,יְהוָ֛ה,О Яхве,О Господь
ВЗ,jeremiah,Иеремия,14,22,11,יְהוָ֤ה,О Яхве,О Господь
ВЗ,jeremiah,Иеремия,15,1,1,יְהוָה֙,Яхве,Господь
ВЗ,jeremiah,Иеремия,15,2,10,יְהוָ֗ה,Яхве,Господь
ВЗ,jeremiah,Иеремия,15,3,5,יְהוָ֔ה,Яхве,Господь
ВЗ,jeremiah,Иеремия,15,6,4,יְהוָ֖ה,Яхве,Господь
ВЗ,jeremiah,Иеремия,15,9,17,יְהוָֽה\׃\ \ס,Яхве,Господь
ВЗ,jeremiah,Иеремия,15,11,1,יְהוָ֔ה,Яхве,Господь
ВЗ,jeremiah,Иеремия,15,15,2,יְהוָ֗ה,О Яхве,О Господь
ВЗ,jeremiah,Иеремия,15,16,13,יְהוָ֖ה,О Яхве,О Господь
ВЗ,jeremiah,Иеремия,15,19,3,יְהוָ֗ה,Яхве,Господь
ВЗ,jeremiah,Иеремия,15,20,17,יְהוָֽה\׃,Яхве,Господь
ВЗ,jeremiah,Иеремия,16,1,0,וַיְהִ֥י,"и, оно пришёл","и, было"
ВЗ,jeremiah,Иеремия,16,1,2,יְהוָ֖ה,Яхве,Господь
ВЗ,jeremiah,Иеремия,16,1,4,לֵאמֹֽר\׃,"к, говоря",говоря
ВЗ,jeremiah,Иеремия,16,3,3,יְהוָ֗ה,Яхве,Господь
ВЗ,jeremiah,Иеремия,16,5,3,יְהוָ֗ה,Яхве,Господь
ВЗ,jeremiah,Иеремия,16,5,22,יְהוָ֔ה,Яхве,Господь
ВЗ,jeremiah,Иеремия,16,9,3,יְהוָ֤ה,Яхве,Господь
ВЗ,jeremiah,Иеремия,16,10,14,יְהוָ֤ה,Яхве,Господь
ВЗ,jeremiah,Иеремия,16,10,27,לַֽיהוָ֥ה,"к, Яхве","к, Господь"
ВЗ,jeremiah,Иеремия,16,11,8,יְהוָ֔ה,Яхве,Господь
ВЗ,jeremiah,Иеремия,16,14,5,יְהוָ֑ה,Яхве,Господь
ВЗ,jeremiah,Иеремия,16,14,10,יְהוָ֔ה,Яхве,Господь
ВЗ,jeremiah,Иеремия,16,15,3,יְהוָ֗ה,Яхве,Господь
ВЗ,jeremiah,Иеремия,16,16,5,יְהוָ֖ה,Яхве,Господь
ВЗ,jeremiah,Иеремия,16,19,0,יְהוָ֞ה,О Яхве,О Господь
ВЗ,jeremiah,Иеремия,16,21,13,יְהוָֽה\׃\ \ס,есть Яхве,есть Господь
ВЗ,jeremiah,Иеремия,17,5,2,יְהוָ֗ה,Яхве,Господь
ВЗ,jeremiah,Иеремия,17,5,12,יְהוָ֖ה,Яхве,Господь
ВЗ,jeremiah,Иеремия,17,7,4,בַּֽיהוָ֑ה,"в, Яхве","в, Господь"
ВЗ,jeremiah,Иеремия,17,7,6,יְהוָ֖ה,Яхве,Господь
ВЗ,jeremiah,Иеремия,17,10,1,יְהוָ֛ה,Яхве,Господь
ВЗ,jeremiah,Иеремия,17,13,2,יְהוָ֔ה,О Яхве,О Господь
ВЗ,jeremiah,Иеремия,17,13,15,יְהוָֽה\׃\ \ס,Яхве,Господь
ВЗ,jeremiah,Иеремия,17,14,1,יְהוָה֙,О Яхве,О Господь
ВЗ,jeremiah,Иеремия,17,15,6,יְהוָ֖ה,Яхве,Господь
ВЗ,jeremiah,Иеремия,17,19,2,יְהוָ֜ה,Яхве,Господь
ВЗ,jeremiah,Иеремия,17,20,4,יְהוָ֜ה,Яхве,Господь
ВЗ,jeremiah,Иеремия,17,21,2,יְהוָ֔ה,Яхве,Господь
ВЗ,jeremiah,Иеремия,17,24,6,יְהוָ֔ה,Яхве,Господь
ВЗ,jeremiah,Иеремия,17,26,21,יְהוָֽה\׃,Яхве,Господь
ВЗ,jeremiah,Иеремия,18,1,2,הָיָ֣ה,оно пришёл,было
ВЗ,jeremiah,Иеремия,18,1,6,יְהוָ֖ה,Яхве,Господь
ВЗ,jeremiah,Иеремия,18,1,7,לֵאמֹֽר\׃,"к, говоря",говоря
ВЗ,jeremiah,Иеремия,18,4,0,וְנִשְׁחַ֣ת,"и, оно был споилед",и было споилед
ВЗ,jeremiah,Иеремия,18,5,0,וַיְהִ֥י,"и, оно пришёл","и, было"
ВЗ,jeremiah,Иеремия,18,5,2,יְהוָ֖ה,Яхве,Господь
ВЗ,jeremiah,Иеремия,18,5,4,לֵאמֽוֹר\׃,"к, говоря",говоря
ВЗ,jeremiah,Иеремия,18,6,9,יְהוָ֑ה,Яхве,Господь
ВЗ,jeremiah,Иеремия,18,11,9,לֵאמֹ֗ר,"к, говоря",говоря
ВЗ,jeremiah,Иеремия,18,11,12,יְהוָ֔ה,Яхве,Господь
ВЗ,jeremiah,Иеремия,18,13,3,יְהוָ֔ה,Яхве,Господь
ВЗ,jeremiah,Иеремия,18,18,16,וְנַכֵּ֣הוּ,"и, позволить нас аттакк, его","и, позволить нас аттакк нему"
ВЗ,jeremiah,Иеремия,18,19,1,יְהוָ֖ה,О Яхве,О Господь
ВЗ,jeremiah,Иеремия,18,23,1,יְ֠הוָה,О Яхве,О Господь
ВЗ,jeremiah,Иеремия,19,1,2,יְהוָ֔ה,Яхве,Господь
ВЗ,jeremiah,Иеремия,19,3,3,יְהוָ֔ה,Яхве,Господь
ВЗ,jeremiah,Иеремия,19,3,10,יְהוָ֨ה,Яхве,Господь
ВЗ,jeremiah,Иеремия,19,5,16,עָלְתָ֖ה,оно пришёл вверх,было вверх
ВЗ,jeremiah,Иеремия,19,6,5,יְהוָ֔ה,Яхве,Господь
ВЗ,jeremiah,Иеремия,19,11,4,יְהוָ֣ה,Яхве,Господь
ВЗ,jeremiah,Иеремия,19,12,5,יְהוָ֖ה,Яхве,Господь
ВЗ,jeremiah,Иеремия,19,14,5,יְהוָ֛ה,Яхве,Господь
ВЗ,jeremiah,Иеремия,19,14,11,יְהוָ֔ה,Яхве,Господь
ВЗ,jeremiah,Иеремия,19,15,2,יְהוָ֤ה,Яхве,Господь
ВЗ,jeremiah,Иеремия,20,1,9,יְהוָ֑ה,Яхве,Господь
ВЗ,jeremiah,Иеремия,20,2,15,יְהוָֽה\׃,Яхве,Господь
ВЗ,jeremiah,Иеремия,20,3,0,וַֽיְהִי֙,"и, оно был",и было
ВЗ,jeremiah,Иеремия,20,3,9,אֵלָ֜יו,"к, его",к нему
ВЗ,jeremiah,Иеремия,20,3,14,יְהוָה֙,Яхве,Господь
ВЗ,jeremiah,Иеремия,20,4,3,יְהוָ֡ה,Яхве,Господь
ВЗ,jeremiah,Иеремия,20,7,1,יְהוָה֙,О Яхве,О Господь
ВЗ,jeremiah,Иеремия,20,8,10,יְהוָ֥ה,Яхве,Господь
ВЗ,jeremiah,Иеремия,20,10,16,ל֔וֹ,"к, его",к нему
ВЗ,jeremiah,Иеремия,20,11,0,וַֽיהוָ֤ה,"и, Яхве","и, Господь"
ВЗ,jeremiah,Иеремия,20,12,0,וַיהוָ֤ה,"и, О Яхве","и, О Господь"
ВЗ,jeremiah,Иеремия,20,13,1,לַֽיהוָ֔ה,"к, Яхве","к, Господь"
ВЗ,jeremiah,Иеремия,20,13,4,יְהוָ֑ה,Яхве,Господь
ВЗ,jeremiah,Иеремия,20,15,6,לֵאמֹ֔ר,"к, говоря",говоря
ВЗ,jeremiah,Иеремия,20,16,6,יְהוָ֖ה,Яхве,Господь
ВЗ,jeremiah,Иеремия,21,1,2,הָיָ֥ה,оно пришёл,было
ВЗ,jeremiah,Иеремия,21,1,6,יְהוָ֑ה,Яхве,Господь
ВЗ,jeremiah,Иеремия,21,1,8,אֵלָ֜יו,"к, его",к нему
ВЗ,jeremiah,Иеремия,21,1,20,לֵאמֹֽר\׃,"к, говоря",говоря
ВЗ,jeremiah,Иеремия,21,2,4,יְהוָ֔ה,Яхве,Господь
ВЗ,jeremiah,Иеремия,21,2,13,יְהוָ֤ה,Яхве,Господь
ВЗ,jeremiah,Иеремия,21,4,2,יְהוָ֜ה,Яхве,Господь
ВЗ,jeremiah,Иеремия,21,7,3,יְהוָ֡ה,Яхве,Господь
ВЗ,jeremiah,Иеремия,21,8,6,יְהוָ֑ה,Яхве,Господь
ВЗ,jeremiah,Иеремия,21,9,15,לּ֥וֹ,"к, его",к нему
ВЗ,jeremiah,Иеремия,21,10,9,יְהוָ֑ה,Яхве,Господь
ВЗ,jeremiah,Иеремия,21,11,5,יְהוָֽה\׃,Яхве,Господь
ВЗ,jeremiah,Иеремия,21,12,4,יְהוָ֔ה,Яхве,Господь
ВЗ,jeremiah,Иеремия,21,13,7,יְהוָ֑ה,Яхве,Господь
ВЗ,jeremiah,Иеремия,21,14,5,יְהוָ֑ה,Яхве,Господь
ВЗ,jeremiah,Иеремия,22,1,2,יְהוָ֔ה,Яхве,Господь
ВЗ,jeremiah,Иеремия,22,2,3,יְהוָ֔ה,Яхве,Господь
ВЗ,jeremiah,Иеремия,22,3,2,יְהוָ֗ה,Яхве,Господь
ВЗ,jeremiah,Иеремия,22,5,9,יְהוָ֔ה,Яхве,Господь
ВЗ,jeremiah,Иеремия,22,6,3,יְהוָ֗ה,Яхве,Господь
ВЗ,jeremiah,Иеремия,22,8,13,יְהוָה֙,Яхве,Господь
ВЗ,jeremiah,Иеремия,22,9,6,יְהוָ֖ה,Яхве,Господь
ВЗ,jeremiah,Иеремия,22,10,5,ל֑וֹ,"к, его",к нему
ВЗ,jeremiah,Иеремия,22,11,3,יְ֠הוָה,Яхве,Господь
ВЗ,jeremiah,Иеремия,22,13,14,לֽוֹ\׃,"к, его",к нему
ВЗ,jeremiah,Иеремия,22,16,11,יְהוָֽה\׃,Яхве,Господь
ВЗ,jeremiah,Иеремия,22,18,3,יְהוָ֗ה,Яхве,Господь
ВЗ,jeremiah,Иеремия,22,24,3,יְהוָה֒,Яхве,Господь
ВЗ,jeremiah,Иеремия,22,29,5,יְהוָֽה\׃\ \ס,Яхве,Господь
ВЗ,jeremiah,Иеремия,22,30,2,יְהוָ֗ה,Яхве,Господь
ВЗ,jeremiah,Иеремия,23,1,8,יְהוָֽה\׃,Яхве,Господь
ВЗ,jeremiah,Иеремия,23,2,3,יְהוָ֜ה,Яхве,Господь
ВЗ,jeremiah,Иеремия,23,2,26,יְהוָֽה\׃,Яхве,Господь
ВЗ,jeremiah,Иеремия,23,4,12,יְהוָֽה\׃\ \ס,Яхве,Господь
ВЗ,jeremiah,Иеремия,23,5,4,יְהוָ֔ה,Яхве,Господь
ВЗ,jeremiah,Иеремия,23,6,10,יְהוָ֥ה\׀,Яхве,Господь
ВЗ,jeremiah,Иеремия,23,7,5,יְהוָ֑ה,Яхве,Господь
ВЗ,jeremiah,Иеремия,23,7,10,יְהוָ֔ה,Яхве,Господь
ВЗ,jeremiah,Иеремия,23,8,3,יְהוָ֗ה,Яхве,Господь
ВЗ,jeremiah,Иеремия,23,9,14,יְהוָ֔ה,Яхве,Господь
ВЗ,jeremiah,Иеремия,23,11,11,יְהוָֽה\׃,Яхве,Господь
ВЗ,jeremiah,Иеремия,23,12,16,יְהוָֽה\׃,Яхве,Господь
ВЗ,jeremiah,Иеремия,23,15,3,יְהוָ֤ה,Яхве,Господь
ВЗ,jeremiah,Иеремия,23,16,2,יְהוָ֣ה,Яхве,Господь
ВЗ,jeremiah,Иеремия,23,16,19,יְהוָֽה\׃,Яхве,Господь
ВЗ,jeremiah,Иеремия,23,17,4,יְהוָ֔ה,Яхве,Господь
ВЗ,jeremiah,Иеремия,23,18,4,יְהוָ֔ה,Яхве,Господь
ВЗ,jeremiah,Иеремия,23,19,2,יְהוָ֗ה,Яхве,Господь
ВЗ,jeremiah,Иеремия,23,20,3,יְהוָ֔ה,Яхве,Господь
ВЗ,jeremiah,Иеремия,23,23,4,יְהוָ֑ה,Яхве,Господь
ВЗ,jeremiah,Иеремия,23,24,8,יְהוָ֑ה,Яхве,Господь
ВЗ,jeremiah,Иеремия,23,24,17,יְהוָֽה\׃,Яхве,Господь
ВЗ,jeremiah,Иеремия,23,25,8,לֵאמֹ֑ר,"к, говоря",говоря
ВЗ,jeremiah,Иеремия,23,28,17,יְהוָֽה\׃,Яхве,Господь
ВЗ,jeremiah,Иеремия,23,29,5,יְהוָ֑ה,Яхве,Господь
ВЗ,jeremiah,Иеремия,23,30,5,יְהוָ֑ה,Яхве,Господь
ВЗ,jeremiah,Иеремия,23,31,4,יְהוָ֑ה,Яхве,Господь
ВЗ,jeremiah,Иеремия,23,32,6,יְהוָ֔ה,Яхве,Господь
ВЗ,jeremiah,Иеремия,23,32,24,יְהוָֽה\׃,Яхве,Господь
ВЗ,jeremiah,Иеремия,23,33,8,לֵאמֹ֔ר,"к, говоря",говоря
ВЗ,jeremiah,Иеремия,23,33,11,יְהוָ֑ה,Яхве,Господь
ВЗ,jeremiah,Иеремия,23,33,20,יְהוָֽה\׃,Яхве,Господь
ВЗ,jeremiah,Иеремия,23,34,6,יְהוָ֑ה,Яхве,Господь
ВЗ,jeremiah,Иеремия,23,35,10,יְהוָ֔ה,Яхве,Господь
ВЗ,jeremiah,Иеремия,23,35,13,יְהוָֽה\׃,Яхве,Господь
ВЗ,jeremiah,Иеремия,23,36,1,יְהוָ֖ה,Яхве,Господь
ВЗ,jeremiah,Иеремия,23,36,15,יְהוָ֥ה,Яхве,Господь
ВЗ,jeremiah,Иеремия,23,37,6,יְהוָ֔ה,Яхве,Господь
ВЗ,jeremiah,Иеремия,23,37,9,יְהוָֽה\׃,Яхве,Господь
ВЗ,jeremiah,Иеремия,23,38,2,יְהוָה֮,Яхве,Господь
ВЗ,jeremiah,Иеремия,23,38,7,יְהוָ֔ה,Яхве,Господь
ВЗ,jeremiah,Иеремия,23,38,14,יְהוָ֑ה,Яхве,Господь
ВЗ,jeremiah,Иеремия,23,38,17,לֵאמֹ֔ר,"к, говоря",говоря
ВЗ,jeremiah,Иеремия,23,38,21,יְהוָֽה\׃,Яхве,Господь
ВЗ,jeremiah,Иеремия,24,1,1,יְהוָה֒,Яхве,Господь
ВЗ,jeremiah,Иеремия,24,1,9,יְהוָ֑ה,Яхве,Господь
ВЗ,jeremiah,Иеремия,24,3,1,יְהוָ֜ה,Яхве,Господь
ВЗ,jeremiah,Иеремия,24,4,0,וַיְהִ֥י,"и, оно пришёл","и, было"
ВЗ,jeremiah,Иеремия,24,4,2,יְהוָ֖ה,Яхве,Господь
ВЗ,jeremiah,Иеремия,24,4,4,לֵאמֹֽר\׃,"к, говоря",говоря
ВЗ,jeremiah,Иеремия,24,5,2,יְהוָה֙,Яхве,Господь
ВЗ,jeremiah,Иеремия,24,7,7,יְהוָ֔ה,есмь Яхве,есмь Господь
ВЗ,jeremiah,Иеремия,24,8,9,יְהוָ֗ה,Яхве,Господь
ВЗ,jeremiah,Иеремия,25,1,2,הָיָ֤ה,оно пришёл,было
ВЗ,jeremiah,Иеремия,25,2,12,לֵאמֹֽר\׃,"к, говоря",говоря
ВЗ,jeremiah,Иеремия,25,3,18,יְהוָ֖ה,Яхве,Господь
ВЗ,jeremiah,Иеремия,25,4,1,יְהוָ֨ה,Яхве,Господь
ВЗ,jeremiah,Иеремия,25,5,0,לֵאמֹ֗ר,"к, говоря",говоря
ВЗ,jeremiah,Иеремия,25,5,13,יְהוָ֛ה,Яхве,Господь
ВЗ,jeremiah,Иеремия,25,7,4,יְהוָ֑ה,Яхве,Господь
ВЗ,jeremiah,Иеремия,25,8,3,יְהוָ֣ה,Яхве,Господь
ВЗ,jeremiah,Иеремия,25,9,8,יְהוָ֗ה,Яхве,Господь
ВЗ,jeremiah,Иеремия,25,12,12,יְהוָ֛ה,Яхве,Господь
ВЗ,jeremiah,Иеремия,25,15,3,יְהוָ֜ה,Яхве,Господь
ВЗ,jeremiah,Иеремия,25,17,4,יְהוָ֑ה,Яхве,Господь
ВЗ,jeremiah,Иеремия,25,17,11,יְהוָ֖ה,Яхве,Господь
ВЗ,jeremiah,Иеремия,25,27,4,יְהוָ֨ה,Яхве,Господь
ВЗ,jeremiah,Иеремия,25,28,11,יְהוָ֥ה,Яхве,Господь
ВЗ,jeremiah,Иеремия,25,29,24,יְהוָ֥ה,Яхве,Господь
ВЗ,jeremiah,Иеремия,25,30,9,יְהוָ֞ה,Яхве,Господь
ВЗ,jeremiah,Иеремия,25,31,7,לַֽיהוָה֙,"принадлежит к, Яхве","принадлежит к, Господь"
ВЗ,jeremiah,Иеремия,25,31,17,יְהוָֽה\׃\ \ס,Яхве,Господь
ВЗ,jeremiah,Иеремия,25,32,2,יְהוָ֣ה,Яхве,Господь
ВЗ,jeremiah,Иеремия,25,33,2,יְהוָה֙,Яхве,Господь
ВЗ,jeremiah,Иеремия,25,36,8,יְהוָ֖ה,Яхве,Господь
ВЗ,jeremiah,Иеремия,25,37,6,יְהוָֽה\׃,Яхве,Господь
ВЗ,jeremiah,Иеремия,26,1,7,הָיָה֙,оно пришёл,было
ВЗ,jeremiah,Иеремия,26,1,11,יְהוָ֖ה,Яхве,Господь
ВЗ,jeremiah,Иеремия,26,1,12,לֵאמֹֽר\׃,"к, говоря",говоря
ВЗ,jeremiah,Иеремия,26,2,2,יְהוָ֗ה,Яхве,Господь
ВЗ,jeremiah,Иеремия,26,2,6,יְהוָה֒,Яхве,Господь
ВЗ,jeremiah,Иеремия,26,2,15,יְהוָ֔ה,Яхве,Господь
ВЗ,jeremiah,Иеремия,26,4,4,יְהוָ֑ה,Яхве,Господь
ВЗ,jeremiah,Иеремия,26,7,12,יְהוָֽה\׃,Яхве,Господь
ВЗ,jeremiah,Иеремия,26,8,0,וַיְהִ֣י\׀,"и, оно был",и было
ВЗ,jeremiah,Иеремия,26,8,8,יְהוָ֔ה,Яхве,Господь
ВЗ,jeremiah,Иеремия,26,8,19,לֵאמֹ֖ר,"к, говоря",говоря
ВЗ,jeremiah,Иеремия,26,9,3,יְהוָ֜ה,Яхве,Господь
ВЗ,jeremiah,Иеремия,26,9,4,לֵאמֹ֗ר,"к, говоря",говоря
ВЗ,jeremiah,Иеремия,26,9,20,יְהוָֽה\׃,Яхве,Господь
ВЗ,jeremiah,Иеремия,26,10,10,יְהוָ֑ה,Яхве,Господь
ВЗ,jeremiah,Иеремия,26,10,14,יְהוָ֖ה,Яхве,Господь
ВЗ,jeremiah,Иеремия,26,11,8,לֵאמֹ֑ר,"к, говоря",говоря
ВЗ,jeremiah,Иеремия,26,11,9,מִשְׁפַּט\־,сентенке,высказывание
ВЗ,jeremiah,Иеремия,26,12,8,לֵאמֹ֑ר,"к, говоря",говоря
ВЗ,jeremiah,Иеремия,26,12,9,יְהוָ֣ה,Яхве,Господь
ВЗ,jeremiah,Иеремия,26,13,6,יְהוָ֣ה,Яхве,Господь
ВЗ,jeremiah,Иеремия,26,13,9,יְהוָ֔ה,Яхве,Господь
ВЗ,jeremiah,Иеремия,26,15,22,יְהוָה֙,Яхве,Господь
ВЗ,jeremiah,Иеремия,26,16,11,מִשְׁפַּט\־,сентенке,высказывание
ВЗ,jeremiah,Иеремия,26,16,15,יְהוָ֥ה,Яхве,Господь
ВЗ,jeremiah,Иеремия,26,17,9,לֵאמֹֽר\׃,"к, говоря",говоря
ВЗ,jeremiah,Иеремия,26,18,1,הַמּ֣וֹרַשְׁתִּ֔י,Морасфите,Морасфитянин
ВЗ,jeremiah,Иеремия,26,18,13,לֵאמֹ֜ר,"к, говоря",говоря
ВЗ,jeremiah,Иеремия,26,18,16,יְהוָ֣ה,Яхве,Господь
ВЗ,jeremiah,Иеремия,26,19,10,יְהוָה֒,Яхве,Господь
ВЗ,jeremiah,Иеремия,26,19,14,יְהוָ֔ה,Яхве,Господь
ВЗ,jeremiah,Иеремия,26,19,16,יְהוָ֔ה,Яхве,Господь
ВЗ,jeremiah,Иеремия,26,20,5,יְהוָ֔ה,Яхве,Господь
ВЗ,jeremiah,Иеремия,27,1,7,הָיָ֞ה,оно пришёл,было
ВЗ,jeremiah,Иеремия,27,1,13,יְהוָ֖ה,Яхве,Господь
ВЗ,jeremiah,Иеремия,27,1,14,לֵאמֹֽר\׃,"к, говоря",говоря
ВЗ,jeremiah,Иеремия,27,2,2,יְהוָה֙,Яхве,Господь
ВЗ,jeremiah,Иеремия,27,4,4,לֵאמֹ֑ר,"к, говоря",говоря
ВЗ,jeremiah,Иеремия,27,4,7,יְהוָ֤ה,Яхве,Господь
ВЗ,jeremiah,Иеремия,27,6,17,ל֖וֹ,"к, его",к нему
ВЗ,jeremiah,Иеремия,27,8,28,יְהוָ֔ה,Яхве,Господь
ВЗ,jeremiah,Иеремия,27,9,17,לֵאמֹ֔ר,"к, говоря",говоря
ВЗ,jeremiah,Иеремия,27,11,13,יְהוָ֔ה,Яхве,Господь
ВЗ,jeremiah,Иеремия,27,12,8,לֵאמֹ֑ר,"к, говоря",говоря
ВЗ,jeremiah,Иеремия,27,13,9,יְהוָ֔ה,Яхве,Господь
ВЗ,jeremiah,Иеремия,27,14,7,לֵאמֹ֔ר,"к, говоря",говоря
ВЗ,jeremiah,Иеремия,27,15,4,יְהוָ֔ה,Яхве,Господь
ВЗ,jeremiah,Иеремия,27,16,7,לֵאמֹ֗ר,"к, говоря",говоря
ВЗ,jeremiah,Иеремия,27,16,10,יְהוָה֒,Яхве,Господь
ВЗ,jeremiah,Иеремия,27,16,18,לֵאמֹ֔ר,"к, говоря",говоря
ВЗ,jeremiah,Иеремия,27,16,22,יְהוָ֛ה,Яхве,Господь
ВЗ,jeremiah,Иеремия,27,18,6,יְהוָ֖ה,Яхве,Господь
ВЗ,jeremiah,Иеремия,27,18,10,בַּֽיהוָ֣ה,"в, Яхве","в, Господь"
ВЗ,jeremiah,Иеремия,27,18,17,יְהוָ֗ה,Яхве,Господь
ВЗ,jeremiah,Иеремия,27,19,3,יְהוָ֣ה,Яхве,Господь
ВЗ,jeremiah,Иеремия,27,21,3,יְהוָ֥ה,Яхве,Господь
ВЗ,jeremiah,Иеремия,27,21,11,יְהוָ֔ה,Яхве,Господь
ВЗ,jeremiah,Иеремия,27,22,9,יְהוָ֔ה,Яхве,Господь
ВЗ,jeremiah,Иеремия,28,1,0,וַיְהִ֣י\׀,"и, оно был",и было
ВЗ,jeremiah,Иеремия,28,1,21,יְהוָ֔ה,Яхве,Господь
ВЗ,jeremiah,Иеремия,28,1,26,לֵאמֹֽר\׃,"к, говоря",говоря
ВЗ,jeremiah,Иеремия,28,2,2,יְהוָ֧ה,Яхве,Господь
ВЗ,jeremiah,Иеремия,28,2,6,לֵאמֹ֑ר,"к, говоря",говоря
ВЗ,jeremiah,Иеремия,28,3,12,יְהוָ֑ה,Яхве,Господь
ВЗ,jeremiah,Иеремия,28,4,18,יְהוָ֑ה,Яхве,Господь
ВЗ,jeremiah,Иеремия,28,5,13,יְהוָֽה\׃,Яхве,Господь
ВЗ,jeremiah,Иеремия,28,6,6,יְהוָ֑ה,Яхве,Господь
ВЗ,jeremiah,Иеремия,28,6,8,יְהוָה֙,Яхве,Господь
ВЗ,jeremiah,Иеремия,28,6,16,יְהוָה֙,Яхве,Господь
ВЗ,jeremiah,Иеремия,28,9,11,יְהוָ֖ה,Яхве,Господь
ВЗ,jeremiah,Иеремия,28,11,5,לֵאמֹ֗ר,"к, говоря",говоря
ВЗ,jeremiah,Иеремия,28,11,8,יְהוָה֒,Яхве,Господь
ВЗ,jeremiah,Иеремия,28,12,0,וַיְהִ֥י,"и, оно пришёл","и, было"
ВЗ,jeremiah,Иеремия,28,12,2,יְהוָ֖ה,Яхве,Господь
ВЗ,jeremiah,Иеремия,28,12,15,לֵאמֹֽר\׃,"к, говоря",говоря
ВЗ,jeremiah,Иеремия,28,13,4,לֵאמֹ֗ר,"к, говоря",говоря
ВЗ,jeremiah,Иеремия,28,13,7,יְהוָ֔ה,Яхве,Господь
ВЗ,jeremiah,Иеремия,28,14,3,יְהוָ֨ה,Яхве,Господь
ВЗ,jeremiah,Иеремия,28,14,26,לֽוֹ\׃,"к, его",к нему
ВЗ,jeremiah,Иеремия,28,15,11,יְהוָ֔ה,Яхве,Господь
ВЗ,jeremiah,Иеремия,28,16,3,יְהוָ֔ה,Яхве,Господь
ВЗ,jeremiah,Иеремия,28,16,16,יְהוָֽה\׃,Яхве,Господь
ВЗ,jeremiah,Иеремия,29,3,17,לֵאמֹֽר\׃\ \ס,"к, говоря",говоря
ВЗ,jeremiah,Иеремия,29,4,2,יְהוָ֥ה,Яхве,Господь
ВЗ,jeremiah,Иеремия,29,7,11,יְהוָ֑ה,Яхве,Господь
ВЗ,jeremiah,Иеремия,29,8,3,יְהוָ֤ה,Яхве,Господь
ВЗ,jeremiah,Иеремия,29,9,9,יְהוָֽה\׃\ \ס,Яхве,Господь
ВЗ,jeremiah,Иеремия,29,10,3,יְהוָ֔ה,Яхве,Господь
ВЗ,jeremiah,Иеремия,29,11,10,יְהוָ֑ה,Яхве,Господь
ВЗ,jeremiah,Иеремия,29,14,3,יְהוָה֒,Яхве,Господь
ВЗ,jeremiah,Иеремия,29,14,18,יְהוָ֑ה,Яхве,Господь
ВЗ,jeremiah,Иеремия,29,15,4,יְהוָ֛ה,Яхве,Господь
ВЗ,jeremiah,Иеремия,29,16,3,יְהוָ֗ה,Яхве,Господь
ВЗ,jeremiah,Иеремия,29,17,2,יְהוָ֣ה,Яхве,Господь
ВЗ,jeremiah,Иеремия,29,19,7,יְהוָ֑ה,Яхве,Господь
ВЗ,jeremiah,Иеремия,29,19,19,יְהוָֽה\׃,Яхве,Господь
ВЗ,jeremiah,Иеремия,29,20,3,יְהוָ֑ה,Яхве,Господь
ВЗ,jeremiah,Иеремия,29,21,2,יְהוָ֨ה,Яхве,Господь
ВЗ,jeremiah,Иеремия,29,22,8,לֵאמֹ֑ר,"к, говоря",говоря
ВЗ,jeremiah,Иеремия,29,22,10,יְהוָה֙,Яхве,Господь
ВЗ,jeremiah,Иеремия,29,23,20,יְהוָֽה\׃\ \ס,Яхве,Господь
ВЗ,jeremiah,Иеремия,29,24,4,לֵאמֹֽר\׃,"к, говоря",говоря
ВЗ,jeremiah,Иеремия,29,25,2,יְהוָ֧ה,Яхве,Господь
ВЗ,jeremiah,Иеремия,29,25,6,לֵאמֹ֑ר,"к, говоря",говоря
ВЗ,jeremiah,Иеремия,29,25,26,לֵאמֹֽר\׃,"к, говоря",говоря
ВЗ,jeremiah,Иеремия,29,26,0,יְהוָ֞ה,Яхве,Господь
ВЗ,jeremiah,Иеремия,29,26,9,יְהוָ֔ה,Яхве,Господь
ВЗ,jeremiah,Иеремия,29,28,6,לֵאמֹ֖ר,"к, говоря",говоря
ВЗ,jeremiah,Иеремия,29,30,0,וַֽיְהִי֙,"и, оно пришёл","и, было"
ВЗ,jeremiah,Иеремия,29,30,2,יְהוָ֔ה,Яхве,Господь
ВЗ,jeremiah,Иеремия,29,30,5,לֵאמֹֽר\׃,"к, говоря",говоря
ВЗ,jeremiah,Иеремия,29,31,4,לֵאמֹ֔ר,"к, говоря",говоря
ВЗ,jeremiah,Иеремия,29,31,7,יְהוָ֔ה,Яхве,Господь
ВЗ,jeremiah,Иеремия,29,32,3,יְהוָ֗ה,Яхве,Господь
ВЗ,jeremiah,Иеремия,29,32,13,ל֜וֹ,"к, его",к нему
ВЗ,jeremiah,Иеремия,29,32,27,יְהוָ֑ה,Яхве,Господь
ВЗ,jeremiah,Иеремия,29,32,32,יְהוָֽה\׃\ \ס,Яхве,Господь
ВЗ,jeremiah,Иеремия,30,1,2,הָיָ֣ה,оно пришёл,было
ВЗ,jeremiah,Иеремия,30,1,6,יְהוָ֖ה,Яхве,Господь
ВЗ,jeremiah,Иеремия,30,1,7,לֵאמֹֽר\׃,"к, говоря",говоря
ВЗ,jeremiah,Иеремия,30,2,2,יְהוָ֛ה,Яхве,Господь
ВЗ,jeremiah,Иеремия,30,2,5,לֵאמֹ֑ר,"к, говоря",говоря
ВЗ,jeremiah,Иеремия,30,3,5,יְהוָ֔ה,Яхве,Господь
ВЗ,jeremiah,Иеремия,30,3,13,יְהוָ֑ה,Яхве,Господь
ВЗ,jeremiah,Иеремия,30,4,4,יְהוָ֛ה,Яхве,Господь
ВЗ,jeremiah,Иеремия,30,5,3,יְהוָ֔ה,Яхве,Господь
ВЗ,jeremiah,Иеремия,30,8,4,יְהוָ֣ה,Яхве,Господь
ВЗ,jeremiah,Иеремия,30,9,2,יְהוָ֣ה,Яхве,Господь
ВЗ,jeremiah,Иеремия,30,10,6,יְהֹוָה֙,Яхве,Господь
ВЗ,jeremiah,Иеремия,30,11,4,יְהוָ֖ה,Яхве,Господь
ВЗ,jeremiah,Иеремия,30,12,3,יְהוָ֖ה,Яхве,Господь
ВЗ,jeremiah,Иеремия,30,17,7,יְהוָ֑ה,Яхве,Господь
ВЗ,jeremiah,Иеремия,30,18,2,יְהוָ֗ה,Яхве,Господь
ВЗ,jeremiah,Иеремия,30,20,2,כְּקֶ֔דֶם,"как, долгий назад","как, давно"
ВЗ,jeremiah,Иеремия,30,21,19,יְהוָֽה\׃,Яхве,Господь
ВЗ,jeremiah,Иеремия,30,23,2,יְהוָ֗ה,Яхве,Господь
ВЗ,jeremiah,Иеремия,30,24,4,יְהוָ֔ה,Яхве,Господь
ВЗ,jeremiah,Иеремия,31,1,3,יְהוָ֔ה,Яхве,Господь
ВЗ,jeremiah,Иеремия,31,2,2,יְהוָ֔ה,Яхве,Господь
ВЗ,jeremiah,Иеремия,31,3,1,יְהוָ֖ה,Яхве,Господь
ВЗ,jeremiah,Иеремия,31,6,11,יְהוָ֖ה,Яхве,Господь
ВЗ,jeremiah,Иеремия,31,7,3,יְהוָ֗ה,Яхве,Господь
ВЗ,jeremiah,Иеремия,31,7,14,יְהוָה֙,О Яхве,О Господь
ВЗ,jeremiah,Иеремия,31,10,2,יְהוָה֙,Яхве,Господь
ВЗ,jeremiah,Иеремия,31,11,2,יְהוָ֖ה,Яхве,Господь
ВЗ,jeremiah,Иеремия,31,12,7,יְהוָ֗ה,Яхве,Господь
ВЗ,jeremiah,Иеремия,31,14,9,יְהוָֽה\׃\ \ס,Яхве,Господь
ВЗ,jeremiah,Иеремия,31,15,2,יְהוָ֗ה,Яхве,Господь
ВЗ,jeremiah,Иеремия,31,16,2,יְהוָ֗ה,Яхве,Господь
ВЗ,jeremiah,Иеремия,31,16,13,יְהוָ֔ה,Яхве,Господь
ВЗ,jeremiah,Иеремия,31,17,4,יְהוָ֑ה,Яхве,Господь
ВЗ,jeremiah,Иеремия,31,18,13,יְהוָ֥ה,есть Яхве,есть Господь
ВЗ,jeremiah,Иеремия,31,20,22,יְהוָֽה\׃\ \ס,Яхве,Господь
ВЗ,jeremiah,Иеремия,31,22,7,יְהוָ֤ה,Яхве,Господь
ВЗ,jeremiah,Иеремия,31,23,2,יְהוָ֤ה,Яхве,Господь
ВЗ,jeremiah,Иеремия,31,23,18,יְהוָ֛ה,Яхве,Господь
ВЗ,jeremiah,Иеремия,31,27,4,יְהוָ֑ה,Яхве,Господь
ВЗ,jeremiah,Иеремия,31,28,15,יְהוָֽה\׃,Яхве,Господь
ВЗ,jeremiah,Иеремия,31,31,4,יְהוָ֑ה,Яхве,Господь
ВЗ,jeremiah,Иеремия,31,32,21,יְהוָֽה\׃,Яхве,Господь
ВЗ,jeremiah,Иеремия,31,33,12,יְהוָ֔ה,Яхве,Господь
ВЗ,jeremiah,Иеремия,31,34,9,לֵאמֹ֔ר,"к, говоря",говоря
ВЗ,jeremiah,Иеремия,31,34,12,יְהוָ֑ה,Яхве,Господь
ВЗ,jeremiah,Иеремия,31,34,21,יְהוָ֔ה,Яхве,Господь
ВЗ,jeremiah,Иеремия,31,35,2,יְהוָ֗ה,Яхве,Господь
ВЗ,jeremiah,Иеремия,31,35,16,יְהוָ֥ה,есть Яхве,есть Господь
ВЗ,jeremiah,Иеремия,31,36,6,יְהוָ֑ה,Яхве,Господь
ВЗ,jeremiah,Иеремия,31,37,2,יְהוָ֗ה,Яхве,Господь
ВЗ,jeremiah,Иеремия,31,37,22,יְהוָֽה\׃\ \ס,Яхве,Господь
ВЗ,jeremiah,Иеремия,31,38,3,יְהוָ֑ה,Яхве,Господь
ВЗ,jeremiah,Иеремия,31,38,6,לַֽיהוָ֔ה,"для, Яхве","для, Господь"
ВЗ,jeremiah,Иеремия,31,40,15,לַֽיהוָ֑ה,"к, Яхве","к, Господь"
ВЗ,jeremiah,Иеремия,32,1,2,הָיָ֤ה,оно пришёл,было
ВЗ,jeremiah,Иеремия,32,1,6,יְהוָ֔ה,Яхве,Господь
ВЗ,jeremiah,Иеремия,32,3,5,לֵאמֹ֑ר,"к, говоря",говоря
ВЗ,jeremiah,Иеремия,32,3,9,לֵאמֹ֗ר,"к, говоря",говоря
ВЗ,jeremiah,Иеремия,32,3,12,יְהוָ֔ה,Яхве,Господь
ВЗ,jeremiah,Иеремия,32,5,10,יְהוָ֑ה,Яхве,Господь
ВЗ,jeremiah,Иеремия,32,6,2,הָיָ֥ה,оно пришёл,было
ВЗ,jeremiah,Иеремия,32,6,4,יְהוָ֖ה,Яхве,Господь
ВЗ,jeremiah,Иеремия,32,6,6,לֵאמֹֽר\׃,"к, говоря",говоря
ВЗ,jeremiah,Иеремия,32,7,7,לֵאמֹ֑ר,"к, говоря",говоря
ВЗ,jeremiah,Иеремия,32,8,6,יְהוָה֮,Яхве,Господь
ВЗ,jeremiah,Иеремия,32,8,32,יְהוָ֖ה,Яхве,Господь
ВЗ,jeremiah,Иеремия,32,13,4,לֵאמֹֽר\׃,"к, говоря",говоря
ВЗ,jeremiah,Иеремия,32,14,2,יְהוָ֨ה,Яхве,Господь
ВЗ,jeremiah,Иеремия,32,15,3,יְהוָ֥ה,Яхве,Господь
ВЗ,jeremiah,Иеремия,32,16,2,יְהוָ֑ה,Яхве,Господь
ВЗ,jeremiah,Иеремия,32,16,12,לֵאמֹֽר\׃,"к, говоря",говоря
ВЗ,jeremiah,Иеремия,32,17,2,יְהוִה֒,Яхве,Господь
ВЗ,jeremiah,Иеремия,32,18,13,יְהוָ֥ה,есть Яхве,есть Господь
ВЗ,jeremiah,Иеремия,32,25,4,יְהוִ֔ה,Яхве,Господь
ВЗ,jeremiah,Иеремия,32,26,0,וַיְהִי֙,"и, оно пришёл","и, было"
ВЗ,jeremiah,Иеремия,32,26,2,יְהוָ֔ה,Яхве,Господь
ВЗ,jeremiah,Иеремия,32,26,5,לֵאמֹֽר\׃,"к, говоря",говоря
ВЗ,jeremiah,Иеремия,32,27,2,יְהוָ֔ה,есмь Яхве,есмь Господь
ВЗ,jeremiah,Иеремия,32,28,3,יְהוָ֑ה,Яхве,Господь
ВЗ,jeremiah,Иеремия,32,30,20,יְהוָֽה\׃,Яхве,Господь
ВЗ,jeremiah,Иеремия,32,36,4,יְהוָ֖ה,Яхве,Господь
ВЗ,jeremiah,Иеремия,32,42,3,יְהוָ֔ה,Яхве,Господь
ВЗ,jeremiah,Иеремия,32,44,25,יְהוָֽה\׃\ \פ,Яхве,Господь
ВЗ,jeremiah,Иеремия,33,1,0,וַיְהִ֧י,"и, оно пришёл","и, было"
ВЗ,jeremiah,Иеремия,33,1,2,יְהוָ֛ה,Яхве,Господь
ВЗ,jeremiah,Иеремия,33,1,11,לֵאמֹֽר\׃,"к, говоря",говоря
ВЗ,jeremiah,Иеремия,33,2,2,יְהוָ֖ה,Яхве,Господь
ВЗ,jeremiah,Иеремия,33,2,4,יְהוָ֗ה,Яхве,Господь
ВЗ,jeremiah,Иеремия,33,2,8,יְהוָ֥ה,есть Яхве,есть Господь
ВЗ,jeremiah,Иеремия,33,4,3,יְהוָה֙,Яхве,Господь
ВЗ,jeremiah,Иеремия,33,10,2,יְהוָ֗ה,Яхве,Господь
ВЗ,jeremiah,Иеремия,33,11,12,יְהוָ֨ה,Яхве,Господь
ВЗ,jeremiah,Иеремия,33,11,16,יְהוָה֙,Яхве,Господь
ВЗ,jeremiah,Иеремия,33,11,23,יְהוָ֑ה,Яхве,Господь
ВЗ,jeremiah,Иеремия,33,11,31,יְהוָֽה\׃\ \ס,Яхве,Господь
ВЗ,jeremiah,Иеремия,33,12,2,יְהוָ֣ה,Яхве,Господь
ВЗ,jeremiah,Иеремия,33,13,19,יְהוָֽה\׃\ \ס,Яхве,Господь
ВЗ,jeremiah,Иеремия,33,14,4,יְהוָ֑ה,Яхве,Господь
ВЗ,jeremiah,Иеремия,33,16,11,יְהוָ֥ה\׀,Яхве,Господь
ВЗ,jeremiah,Иеремия,33,17,3,יְהוָ֑ה,Яхве,Господь
ВЗ,jeremiah,Иеремия,33,19,0,וַֽיְהִי֙,"и, оно пришёл","и, было"
ВЗ,jeremiah,Иеремия,33,19,2,יְהוָ֔ה,Яхве,Господь
ВЗ,jeremiah,Иеремия,33,19,5,לֵאמֽוֹר\׃,"к, говоря",говоря
ВЗ,jeremiah,Иеремия,33,20,2,יְהוָ֔ה,Яхве,Господь
ВЗ,jeremiah,Иеремия,33,21,7,ל֥וֹ,"к, его",к нему
ВЗ,jeremiah,Иеремия,33,23,0,וַֽיְהִי֙,"и, оно пришёл","и, было"
ВЗ,jeremiah,Иеремия,33,23,2,יְהוָ֔ה,Яхве,Господь
ВЗ,jeremiah,Иеремия,33,23,5,לֵאמֹֽר\׃,"к, говоря",говоря
ВЗ,jeremiah,Иеремия,33,24,6,לֵאמֹ֔ר,"к, говоря",говоря
ВЗ,jeremiah,Иеремия,33,24,11,יְהוָ֛ה,Яхве,Господь
ВЗ,jeremiah,Иеремия,33,25,2,יְהוָ֔ה,Яхве,Господь
ВЗ,jeremiah,Иеремия,34,1,2,הָיָ֥ה,оно пришёл,было
ВЗ,jeremiah,Иеремия,34,1,6,יְהוָ֑ה,Яхве,Господь
ВЗ,jeremiah,Иеремия,34,1,25,לֵאמֹֽר\׃,"к, говоря",говоря
ВЗ,jeremiah,Иеремия,34,2,2,יְהוָה֙,Яхве,Господь
ВЗ,jeremiah,Иеремия,34,2,12,אֵלָ֗יו,"к, его",к нему
ВЗ,jeremiah,Иеремия,34,2,15,יְהוָ֔ה,Яхве,Господь
ВЗ,jeremiah,Иеремия,34,4,3,יְהוָ֔ה,Яхве,Господь
ВЗ,jeremiah,Иеремия,34,4,9,יְהוָה֙,Яхве,Господь
ВЗ,jeremiah,Иеремия,34,5,21,יְהוָֽה\׃\ \ס,Яхве,Господь
ВЗ,jeremiah,Иеремия,34,8,2,הָיָ֥ה,оно пришёл,было
ВЗ,jeremiah,Иеремия,34,8,6,יְהוָ֑ה,Яхве,Господь
ВЗ,jeremiah,Иеремия,34,12,0,וַיְהִ֤י,"и, оно пришёл","и, было"
ВЗ,jeremiah,Иеремия,34,12,2,יְהוָה֙,Яхве,Господь
ВЗ,jeremiah,Иеремия,34,12,6,יְהוָ֖ה,Яхве,Господь
ВЗ,jeremiah,Иеремия,34,12,7,לֵאמֹֽר\׃,"к, говоря",говоря
ВЗ,jeremiah,Иеремия,34,13,2,יְהוָ֖ה,Яхве,Господь
ВЗ,jeremiah,Иеремия,34,13,17,לֵאמֹֽר\׃,"к, говоря",говоря
ВЗ,jeremiah,Иеремия,34,17,3,יְהוָה֒,Яхве,Господь
ВЗ,jeremiah,Иеремия,34,17,19,יְהוָ֗ה,Яхве,Господь
ВЗ,jeremiah,Иеремия,34,22,3,יְהוָ֗ה,Яхве,Господь
ВЗ,jeremiah,Иеремия,35,1,2,הָיָ֥ה,оно пришёл,было
ВЗ,jeremiah,Иеремия,35,1,6,יְהוָ֑ה,Яхве,Господь
ВЗ,jeremiah,Иеремия,35,1,13,לֵאמֹֽר\׃,"к, говоря",говоря
ВЗ,jeremiah,Иеремия,35,2,8,יְהוָ֔ה,Яхве,Господь
ВЗ,jeremiah,Иеремия,35,4,3,יְהוָ֔ה,Яхве,Господь
ВЗ,jeremiah,Иеремия,35,6,11,לֵאמֹ֔ר,"к, говоря",говоря
ВЗ,jeremiah,Иеремия,35,11,0,וַיְהִ֗י,"и, оно был",и было
ВЗ,jeremiah,Иеремия,35,12,0,וַֽיְהִי֙,"и, оно пришёл","и, было"
ВЗ,jeremiah,Иеремия,35,12,2,יְהוָ֔ה,Яхве,Господь
ВЗ,jeremiah,Иеремия,35,12,5,לֵאמֹֽר\׃,"к, говоря",говоря
ВЗ,jeremiah,Иеремия,35,13,2,יְהוָ֤ה,Яхве,Господь
ВЗ,jeremiah,Иеремия,35,13,19,יְהוָֽה\׃,Яхве,Господь
ВЗ,jeremiah,Иеремия,35,15,8,לֵאמֹ֡ר,"к, говоря",говоря
ВЗ,jeremiah,Иеремия,35,17,3,יְהוָ֜ה,Яхве,Господь
ВЗ,jeremiah,Иеремия,35,18,6,יְהוָ֤ה,Яхве,Господь
ВЗ,jeremiah,Иеремия,35,19,3,יְהוָ֥ה,Яхве,Господь
ВЗ,jeremiah,Иеремия,36,1,0,וַֽיְהִי֙,"и, оно был",и было
ВЗ,jeremiah,Иеремия,36,1,8,הָיָ֞ה,оно пришёл,было
ВЗ,jeremiah,Иеремия,36,1,14,יְהוָ֖ה,Яхве,Господь
ВЗ,jeremiah,Иеремия,36,1,15,לֵאמֹֽר\׃,"к, говоря",говоря
ВЗ,jeremiah,Иеремия,36,4,13,יְהוָ֛ה,Яхве,Господь
ВЗ,jeremiah,Иеремия,36,4,16,אֵלָ֖יו,"к, его",к нему
ВЗ,jeremiah,Иеремия,36,5,4,לֵאמֹ֑ר,"к, говоря",говоря
ВЗ,jeremiah,Иеремия,36,5,11,יְהוָֽה\׃,Яхве,Господь
ВЗ,jeremiah,Иеремия,36,6,9,יְהוָ֜ה,Яхве,Господь
ВЗ,jeremiah,Иеремия,36,6,13,יְהוָ֖ה,Яхве,Господь
ВЗ,jeremiah,Иеремия,36,7,4,יְהוָ֔ה,Яхве,Господь
ВЗ,jeremiah,Иеремия,36,7,15,יְהוָ֖ה,Яхве,Господь
ВЗ,jeremiah,Иеремия,36,8,12,יְהוָ֖ה,Яхве,Господь
ВЗ,jeremiah,Иеремия,36,8,14,יְהֹוָֽה\׃\ \ס,Яхве,Господь
ВЗ,jeremiah,Иеремия,36,9,0,וַיְהִ֣י,"и, оно был",и было
ВЗ,jeremiah,Иеремия,36,9,13,יְהוָ֛ה,Яхве,Господь
ВЗ,jeremiah,Иеремия,36,10,7,יְהוָ֑ה,Яхве,Господь
ВЗ,jeremiah,Иеремия,36,10,18,יְהוָה֙,Яхве,Господь
ВЗ,jeremiah,Иеремия,36,11,9,יְהוָ֖ה,Яхве,Господь
ВЗ,jeremiah,Иеремия,36,14,13,לֵאמֹר֒,"к, говоря",говоря
ВЗ,jeremiah,Иеремия,36,15,1,אֵלָ֔יו,"к, его",к нему
ВЗ,jeremiah,Иеремия,36,16,0,וַיְהִ֗י,"и, оно был",и было
ВЗ,jeremiah,Иеремия,36,17,3,לֵאמֹ֑ר,"к, говоря",говоря
ВЗ,jeremiah,Иеремия,36,23,0,וַיְהִ֣י\׀,"и, оно был",и было
ВЗ,jeremiah,Иеремия,36,26,22,יְהוָֽה\׃\ \ס,Яхве,Господь
ВЗ,jeremiah,Иеремия,36,27,0,וַיְהִ֥י,"и, оно пришёл","и, было"
ВЗ,jeremiah,Иеремия,36,27,2,יְהוָ֖ה,Яхве,Господь
ВЗ,jeremiah,Иеремия,36,27,17,לֵאמֹֽר\׃,"к, говоря",говоря
ВЗ,jeremiah,Иеремия,36,29,7,יְהוָ֑ה,Яхве,Господь
ВЗ,jeremiah,Иеремия,36,29,13,לֵאמֹ֔ר,"к, говоря",говоря
ВЗ,jeremiah,Иеремия,36,29,17,לֵאמֹ֗ר,"к, говоря",говоря
ВЗ,jeremiah,Иеремия,36,30,3,יְהוָ֗ה,Яхве,Господь
ВЗ,jeremiah,Иеремия,36,30,10,לּ֥וֹ,"к, его",к нему
ВЗ,jeremiah,Иеремия,37,2,8,יְהוָ֔ה,Яхве,Господь
ВЗ,jeremiah,Иеремия,37,3,15,לֵאמֹ֑ר,"к, говоря",говоря
ВЗ,jeremiah,Иеремия,37,3,20,יְהוָ֖ה,Яхве,Господь
ВЗ,jeremiah,Иеремия,37,6,0,וַֽיְהִי֙,"и, оно пришёл","и, было"
ВЗ,jeremiah,Иеремия,37,6,2,יְהוָ֔ה,Яхве,Господь
ВЗ,jeremiah,Иеремия,37,6,6,לֵאמֹֽר\׃,"к, говоря",говоря
ВЗ,jeremiah,Иеремия,37,7,2,יְהוָה֙,Яхве,Господь
ВЗ,jeremiah,Иеремия,37,9,2,יְהוָ֗ה,Яхве,Господь
ВЗ,jeremiah,Иеремия,37,9,6,לֵאמֹ֔ר,"к, говоря",говоря
ВЗ,jeremiah,Иеремия,37,11,0,וְהָיָ֗ה,"и, оно был",и было
ВЗ,jeremiah,Иеремия,37,13,0,וַיְהִי\־,"и, оно был",и было
ВЗ,jeremiah,Иеремия,37,13,17,לֵאמֹ֔ר,"к, говоря",говоря
ВЗ,jeremiah,Иеремия,37,14,9,אֵלָ֑יו,"к, его",к нему
ВЗ,jeremiah,Иеремия,37,17,12,יְהוָ֑ה,Яхве,Господь
ВЗ,jeremiah,Иеремия,37,19,5,לֵאמֹ֑ר,"к, говоря",говоря
ВЗ,jeremiah,Иеремия,37,21,9,ל֨וֹ,"к, его",к нему
ВЗ,jeremiah,Иеремия,38,1,21,לֵאמֹֽר\׃\ \ס,"к, говоря",говоря
ВЗ,jeremiah,Иеремия,38,2,2,יְהוָה֒,Яхве,Господь
ВЗ,jeremiah,Иеремия,38,2,15,לּ֥וֹ,"к, его",к нему
ВЗ,jeremiah,Иеремия,38,3,2,יְהוָ֑ה,Яхве,Господь
ВЗ,jeremiah,Иеремия,38,8,8,לֵאמֹֽר\׃,"к, говоря",говоря
ВЗ,jeremiah,Иеремия,38,10,6,לֵאמֹ֑ר,"к, говоря",говоря
ВЗ,jeremiah,Иеремия,38,14,7,אֵלָ֔יו,"к, его",к нему
ВЗ,jeremiah,Иеремия,38,14,13,יְהוָ֑ה,Яхве,Господь
ВЗ,jeremiah,Иеремия,38,16,6,לֵאמֹ֑ר,"к, говоря",говоря
ВЗ,jeremiah,Иеремия,38,16,8,יְהוָ֞ה,Яхве,Господь
ВЗ,jeremiah,Иеремия,38,17,6,יְהוָה֩,Яхве,Господь
ВЗ,jeremiah,Иеремия,38,20,7,יְהוָ֗ה,Яхве,Господь
ВЗ,jeremiah,Иеремия,38,21,8,יְהוָֽה\׃,Яхве,Господь
ВЗ,jeremiah,Иеремия,38,28,9,וְהָיָ֕ה,"и, оно был",и было
ВЗ,jeremiah,Иеремия,39,4,0,וַיְהִ֡י,"и, оно был",и было
ВЗ,jeremiah,Иеремия,39,11,10,לֵאמֹֽר\׃,"к, говоря",говоря
ВЗ,jeremiah,Иеремия,39,12,6,ל֖וֹ,"к, его",к нему
ВЗ,jeremiah,Иеремия,39,15,4,יְהוָ֑ה,Яхве,Господь
ВЗ,jeremiah,Иеремия,39,15,9,לֵאמֹֽר\׃,"к, говоря",говоря
ВЗ,jeremiah,Иеремия,39,16,5,לֵאמֹ֗ר,"к, говоря",говоря
ВЗ,jeremiah,Иеремия,39,16,8,יְהוָ֤ה,Яхве,Господь
ВЗ,jeremiah,Иеремия,39,17,4,יְהוָ֑ה,Яхве,Господь
ВЗ,jeremiah,Иеремия,39,18,14,יְהוָֽה\׃\ \ס,Яхве,Господь
ВЗ,jeremiah,Иеремия,40,1,2,הָיָ֤ה,оно пришёл,было
ВЗ,jeremiah,Иеремия,40,1,6,יְהוָ֔ה,Яхве,Господь
ВЗ,jeremiah,Иеремия,40,2,5,אֵלָ֔יו,"к, его",к нему
ВЗ,jeremiah,Иеремия,40,2,6,יְהוָ֣ה,Яхве,Господь
ВЗ,jeremiah,Иеремия,40,3,2,יְהוָ֖ה,Яхве,Господь
ВЗ,jeremiah,Иеремия,40,3,7,לַֽיהוָה֙,"к, Яхве","к, Господь"
ВЗ,jeremiah,Иеремия,40,5,28,ל֧וֹ,"к, его",к нему
ВЗ,jeremiah,Иеремия,40,9,8,לֵאמֹ֔ר,"к, говоря",говоря
ВЗ,jeremiah,Иеремия,40,14,1,אֵלָ֗יו,"к, его",к нему
ВЗ,jeremiah,Иеремия,40,15,8,לֵאמֹ֗ר,"к, говоря",говоря
ВЗ,jeremiah,Иеремия,41,1,0,וַיְהִ֣י\׀,"и, оно был",и было
ВЗ,jeremiah,Иеремия,41,4,0,וַיְהִ֛י,"и, оно был",и было
ВЗ,jeremiah,Иеремия,41,5,17,יְהוָֽה\׃,Яхве,Господь
ВЗ,jeremiah,Иеремия,41,6,10,וַֽיְהִי֙,"и, оно был",и было
ВЗ,jeremiah,Иеремия,41,7,0,וַיְהִ֕י,"и, оно был",и было
ВЗ,jeremiah,Иеремия,41,13,0,וַיְהִ֗י,"и, оно был",и было
ВЗ,jeremiah,Иеремия,42,2,11,יְהוָ֣ה,Яхве,Господь
ВЗ,jeremiah,Иеремия,42,3,2,יְהוָ֣ה,Яхве,Господь
ВЗ,jeremiah,Иеремия,42,4,8,יְהוָ֥ה,Яхве,Господь
ВЗ,jeremiah,Иеремия,42,4,16,יְהוָ֤ה,Яхве,Господь
ВЗ,jeremiah,Иеремия,42,5,5,יְהוָה֙,Яхве,Господь
ВЗ,jeremiah,Иеремия,42,5,16,יְהוָ֧ה,Яхве,Господь
ВЗ,jeremiah,Иеремия,42,6,5,יְהוָ֣ה,Яхве,Господь
ВЗ,jeremiah,Иеремия,42,6,11,אֵלָ֖יו,"к, его",к нему
ВЗ,jeremiah,Иеремия,42,6,20,יְהוָ֥ה,Яхве,Господь
ВЗ,jeremiah,Иеремия,42,7,0,וַיְהִ֕י,"и, оно был",и было
ВЗ,jeremiah,Иеремия,42,7,4,וַיְהִ֥י,"и, оно пришёл","и, было"
ВЗ,jeremiah,Иеремия,42,7,6,יְהוָ֖ה,Яхве,Господь
ВЗ,jeremiah,Иеремия,42,9,4,יְהוָ֖ה,Яхве,Господь
ВЗ,jeremiah,Иеремия,42,9,10,אֵלָ֔יו,"к, его",к нему
ВЗ,jeremiah,Иеремия,42,11,13,יְהוָ֔ה,Яхве,Господь
ВЗ,jeremiah,Иеремия,42,13,10,יְהוָ֥ה,Яхве,Господь
ВЗ,jeremiah,Иеремия,42,14,0,לֵאמֹ֗ר,"к, говоря",говоря
ВЗ,jeremiah,Иеремия,42,15,4,יְהוָ֖ה,Яхве,Господь
ВЗ,jeremiah,Иеремия,42,15,9,יְהוָ֨ה,Яхве,Господь
ВЗ,jeremiah,Иеремия,42,18,3,יְהוָ֣ה,Яхве,Господь
ВЗ,jeremiah,Иеремия,42,19,1,יְהוָ֤ה,Яхве,Господь
ВЗ,jeremiah,Иеремия,42,20,8,יְהוָ֤ה,Яхве,Господь
ВЗ,jeremiah,Иеремия,42,20,10,לֵאמֹ֔ר,"к, говоря",говоря
ВЗ,jeremiah,Иеремия,42,20,14,יְהוָ֖ה,Яхве,Господь
ВЗ,jeremiah,Иеремия,42,20,19,יְהוָ֧ה,Яхве,Господь
ВЗ,jeremiah,Иеремия,42,21,6,יְהוָ֣ה,Яхве,Господь
ВЗ,jeremiah,Иеремия,43,1,0,וַיְהִי֩,"и, оно был",и было
ВЗ,jeremiah,Иеремия,43,1,10,יְהוָ֣ה,Яхве,Господь
ВЗ,jeremiah,Иеремия,43,1,14,יְהוָ֥ה,Яхве,Господь
ВЗ,jeremiah,Иеремия,43,2,18,יְהוָ֤ה,Яхве,Господь
ВЗ,jeremiah,Иеремия,43,2,20,לֵאמֹ֔ר,"к, говоря",говоря
ВЗ,jeremiah,Иеремия,43,4,11,יְהוָ֑ה,Яхве,Господь
ВЗ,jeremiah,Иеремия,43,7,7,יְהוָ֑ה,Яхве,Господь
ВЗ,jeremiah,Иеремия,43,8,0,וַיְהִ֤י,"и, оно пришёл","и, было"
ВЗ,jeremiah,Иеремия,43,8,2,יְהוָה֙,Яхве,Господь
ВЗ,jeremiah,Иеремия,43,8,6,לֵאמֹֽר\׃,"к, говоря",говоря
ВЗ,jeremiah,Иеремия,43,10,4,יְהוָ֨ה,Яхве,Господь
ВЗ,jeremiah,Иеремия,44,1,2,הָיָ֣ה,оно пришёл,было
ВЗ,jeremiah,Иеремия,44,1,17,לֵאמֹֽר\׃\ \ס,"к, говоря",говоря
ВЗ,jeremiah,Иеремия,44,2,2,יְהוָ֤ה,Яхве,Господь
ВЗ,jeremiah,Иеремия,44,4,8,לֵאמֹ֑ר,"к, говоря",говоря
ВЗ,jeremiah,Иеремия,44,7,3,יְהוָה֩,Яхве,Господь
ВЗ,jeremiah,Иеремия,44,11,3,יְהוָ֤ה,Яхве,Господь
ВЗ,jeremiah,Иеремия,44,15,22,לֵאמֹֽר\׃,"к, говоря",говоря
ВЗ,jeremiah,Иеремия,44,16,5,יְהוָ֑ה,Яхве,Господь
ВЗ,jeremiah,Иеремия,44,20,15,לֵאמֹֽר\׃,"к, говоря",говоря
ВЗ,jeremiah,Иеремия,44,21,17,יְהוָ֔ה,Яхве,Господь
ВЗ,jeremiah,Иеремия,44,22,2,יְהוָ֨ה,Яхве,Господь
ВЗ,jeremiah,Иеремия,44,23,5,לַיהוָ֗ה,"к, Яхве","к, Господь"
ВЗ,jeremiah,Иеремия,44,23,9,יְהוָ֔ה,Яхве,Господь
ВЗ,jeremiah,Иеремия,44,24,10,יְהוָ֔ה,Яхве,Господь
ВЗ,jeremiah,Иеремия,44,25,2,יְהוָֽה\־,Яхве,Господь
ВЗ,jeremiah,Иеремия,44,25,6,לֵאמֹ֗ר,"к, говоря",говоря
ВЗ,jeremiah,Иеремия,44,25,13,לֵאמֹר֒,"к, говоря",говоря
ВЗ,jeremiah,Иеремия,44,26,3,יְהוָ֔ה,Яхве,Господь
ВЗ,jeremiah,Иеремия,44,26,14,יְהוָ֔ה,Яхве,Господь
ВЗ,jeremiah,Иеремия,44,26,27,יְהוִ֖ה,Яхве,Господь
ВЗ,jeremiah,Иеремия,44,29,4,יְהוָ֔ה,Яхве,Господь
ВЗ,jeremiah,Иеремия,44,30,2,יְהוָ֗ה,Яхве,Господь
ВЗ,jeremiah,Иеремия,45,1,24,לֵאמֹֽר\׃\ \ס,"к, говоря",говоря
ВЗ,jeremiah,Иеремия,45,2,2,יְהוָ֖ה,Яхве,Господь
ВЗ,jeremiah,Иеремия,45,3,6,יְהוָ֛ה,Яхве,Господь
ВЗ,jeremiah,Иеремия,45,4,2,אֵלָ֗יו,"к, его",к нему
ВЗ,jeremiah,Иеремия,45,4,5,יְהוָ֔ה,Яхве,Господь
ВЗ,jeremiah,Иеремия,45,5,14,יְהוָ֔ה,Яхве,Господь
ВЗ,jeremiah,Иеремия,46,1,1,הָיָ֧ה,оно пришёл,было
ВЗ,jeremiah,Иеремия,46,1,3,יְהוָ֛ה,Яхве,Господь
ВЗ,jeremiah,Иеремия,46,5,15,יְהוָֽה\׃,Яхве,Господь
ВЗ,jeremiah,Иеремия,46,10,3,יְהוִ֣ה,Яхве,Господь
ВЗ,jeremiah,Иеремия,46,10,17,יְהוִ֧ה,Яхве,Господь
ВЗ,jeremiah,Иеремия,46,13,3,יְהוָ֔ה,Яхве,Господь
ВЗ,jeremiah,Иеремия,46,15,6,יְהוָ֖ה,Яхве,Господь
ВЗ,jeremiah,Иеремия,46,18,4,יְהוָ֥ה,есть Яхве,есть Господь
ВЗ,jeremiah,Иеремия,46,22,0,קוֹלָ֖הּ,"звук, его",звук нему
ВЗ,jeremiah,Иеремия,46,23,3,יְהוָ֔ה,Яхве,Господь
ВЗ,jeremiah,Иеремия,46,25,1,יְהוָ֨ה,Яхве,Господь
ВЗ,jeremiah,Иеремия,46,26,16,יְהוָֽה\׃\ \ס,Яхве,Господь
ВЗ,jeremiah,Иеремия,46,28,6,יְהוָ֔ה,Яхве,Господь
ВЗ,jeremiah,Иеремия,47,1,1,הָיָ֧ה,оно пришёл,было
ВЗ,jeremiah,Иеремия,47,1,3,יְהוָ֛ה,Яхве,Господь
ВЗ,jeremiah,Иеремия,47,2,2,יְהוָ֗ה,Яхве,Господь
ВЗ,jeremiah,Иеремия,47,4,15,יְהוָה֙,Яхве,Господь
ВЗ,jeremiah,Иеремия,47,6,2,לַֽיהוָ֔ה,Яхве,Господь
ВЗ,jeremiah,Иеремия,47,7,2,וַֽיהוָ֖ה,"и, Яхве","и, Господь"
ВЗ,jeremiah,Иеремия,48,1,3,יְהוָ֨ה,Яхве,Господь
ВЗ,jeremiah,Иеремия,48,8,14,יְהוָֽה\׃,Яхве,Господь
ВЗ,jeremiah,Иеремия,48,10,3,יְהוָ֖ה,Яхве,Господь
ВЗ,jeremiah,Иеремия,48,12,5,יְהוָ֔ה,Яхве,Господь
ВЗ,jeremiah,Иеремия,48,15,10,יְהוָ֥ה,есть Яхве,есть Господь
ВЗ,jeremiah,Иеремия,48,25,6,יְהוָֽה\׃,Яхве,Господь
ВЗ,jeremiah,Иеремия,48,26,3,יְהוָ֖ה,Яхве,Господь
ВЗ,jeremiah,Иеремия,48,30,3,יְהוָ֔ה,Яхве,Господь
ВЗ,jeremiah,Иеремия,48,30,10,עָשֽׂוּ\׃,они имеют аккомплишед,они имеют уверенно познавших
ВЗ,jeremiah,Иеремия,48,35,3,יְהוָ֑ה,Яхве,Господь
ВЗ,jeremiah,Иеремия,48,38,16,יְהוָֽה\׃,Яхве,Господь
ВЗ,jeremiah,Иеремия,48,40,3,יְהוָ֔ה,Яхве,Господь
ВЗ,jeremiah,Иеремия,48,42,5,יְהוָ֖ה,Яхве,Господь
ВЗ,jeremiah,Иеремия,48,43,7,יְהוָֽה\׃,Яхве,Господь
ВЗ,jeremiah,Иеремия,48,44,19,יְהוָֽה\׃,Яхве,Господь
ВЗ,jeremiah,Иеремия,48,47,6,יְהוָ֑ה,Яхве,Господь
ВЗ,jeremiah,Иеремия,49,1,4,יְהוָ֔ה,Яхве,Господь
ВЗ,jeremiah,Иеремия,49,2,5,יְהוָ֗ה,Яхве,Господь
ВЗ,jeremiah,Иеремия,49,2,24,יְהוָֽה\׃,Яхве,Господь
ВЗ,jeremiah,Иеремия,49,5,6,יְהוִ֛ה,Яхве,Господь
ВЗ,jeremiah,Иеремия,49,6,8,יְהוָֽה\׃\ \ס,Яхве,Господь
ВЗ,jeremiah,Иеремия,49,7,3,יְהוָ֣ה,Яхве,Господь
ВЗ,jeremiah,Иеремия,49,12,3,יְהוָ֗ה,Яхве,Господь
ВЗ,jeremiah,Иеремия,49,12,7,מִשְׁפָּטָ֜ם,"сентенке, их","высказывание, их"
ВЗ,jeremiah,Иеремия,49,13,4,יְהוָ֔ה,Яхве,Господь
ВЗ,jeremiah,Иеремия,49,14,3,יְהוָ֔ה,Яхве,Господь
ВЗ,jeremiah,Иеремия,49,16,18,יְהוָֽה\׃,Яхве,Господь
ВЗ,jeremiah,Иеремия,49,18,5,יְהוָ֑ה,Яхве,Господь
ВЗ,jeremiah,Иеремия,49,20,3,יְהוָ֗ה,Яхве,Господь
ВЗ,jeremiah,Иеремия,49,21,8,קוֹלָֽהּ\׃,"звук, его",звук нему
ВЗ,jeremiah,Иеремия,49,26,11,יְהוָ֥ה,Яхве,Господь
ВЗ,jeremiah,Иеремия,49,28,10,יְהוָ֑ה,Яхве,Господь
ВЗ,jeremiah,Иеремия,49,30,8,יְהוָ֑ה,Яхве,Господь
ВЗ,jeremiah,Иеремия,49,31,8,יְהוָ֑ה,Яхве,Господь
ВЗ,jeremiah,Иеремия,49,32,17,יְהוָֽה\׃,Яхве,Господь
ВЗ,jeremiah,Иеремия,49,34,1,הָיָ֧ה,оно пришёл,было
ВЗ,jeremiah,Иеремия,49,34,3,יְהוָ֛ה,Яхве,Господь
ВЗ,jeremiah,Иеремия,49,34,14,לֵאמֹֽר\׃,"к, говоря",говоря
ВЗ,jeremiah,Иеремия,49,35,2,יְהוָ֣ה,Яхве,Господь
ВЗ,jeremiah,Иеремия,49,37,15,יְהוָ֑ה,Яхве,Господь
ВЗ,jeremiah,Иеремия,49,38,8,יְהוָֽה\׃,Яхве,Господь
ВЗ,jeremiah,Иеремия,49,39,8,יְהוָֽה\׃\ \ס,Яхве,Господь
ВЗ,jeremiah,Иеремия,50,1,3,יְהוָ֛ה,Яхве,Господь
ВЗ,jeremiah,Иеремия,50,4,5,יְהוָ֔ה,Яхве,Господь
ВЗ,jeremiah,Иеремия,50,4,17,יְהוָ֥ה,Яхве,Господь
ВЗ,jeremiah,Иеремия,50,5,8,יְהוָ֔ה,Яхве,Господь
ВЗ,jeremiah,Иеремия,50,7,10,לַֽיהוָה֙,"к, Яхве","к, Господь"
ВЗ,jeremiah,Иеремия,50,7,15,יְהוָֽה\׃\ \ס,Яхве,Господь
ВЗ,jeremiah,Иеремия,50,10,7,יְהוָֽה\׃,Яхве,Господь
ВЗ,jeremiah,Иеремия,50,13,1,יְהוָה֙,Яхве,Господь
ВЗ,jeremiah,Иеремия,50,14,14,לַֽיהוָ֖ה,"к, Яхве","к, Господь"
ВЗ,jeremiah,Иеремия,50,15,11,יְהוָ֥ה,Яхве,Господь
ВЗ,jeremiah,Иеремия,50,18,3,יְהוָ֤ה,Яхве,Господь
ВЗ,jeremiah,Иеремия,50,20,5,יְהוָ֗ה,Яхве,Господь
ВЗ,jeremiah,Иеремия,50,21,12,יְהוָ֔ה,Яхве,Господь
ВЗ,jeremiah,Иеремия,50,24,12,בַֽיהוָ֖ה,"с, Яхве","с, Господь"
ВЗ,jeremiah,Иеремия,50,25,1,יְהוָה֙,Яхве,Господь
ВЗ,jeremiah,Иеремия,50,25,12,יְהוִ֛ה,Яхве,Господь
ВЗ,jeremiah,Иеремия,50,28,9,יְהוָ֣ה,Яхве,Господь
ВЗ,jeremiah,Иеремия,50,29,23,יְהוָ֛ה,Яхве,Господь
ВЗ,jeremiah,Иеремия,50,30,11,יְהוָֽה\׃\ \ס,Яхве,Господь
ВЗ,jeremiah,Иеремия,50,31,5,יְהוִ֖ה,Яхве,Господь
ВЗ,jeremiah,Иеремия,50,33,2,יְהוָ֣ה,Яхве,Господь
ВЗ,jeremiah,Иеремия,50,34,2,יְהוָ֤ה,есть Яхве,есть Господь
ВЗ,jeremiah,Иеремия,50,35,4,יְהוָ֑ה,Яхве,Господь
ВЗ,jeremiah,Иеремия,50,40,9,יְהוָ֑ה,Яхве,Господь
ВЗ,jeremiah,Иеремия,50,45,3,יְהוָ֗ה,Яхве,Господь
ВЗ,jeremiah,Иеремия,51,1,2,יְהוָ֔ה,Яхве,Господь
ВЗ,jeremiah,Иеремия,51,3,4,קַשְׁתּ֔וֹ,"лук, его",лук нему
ВЗ,jeremiah,Иеремия,51,5,6,מֵֽיְהוָ֖ה,"от, Яхве","от, Господь"
ВЗ,jeremiah,Иеремия,51,6,13,לַֽיהוָ֔ה,"для, Яхве","для, Господь"
ВЗ,jeremiah,Иеремия,51,7,4,יְהוָ֔ה,Яхве,Господь
ВЗ,jeremiah,Иеремия,51,8,3,וַתִּשָּׁבֵ֑ר,"и, оно был сломанный",и было сломанный
ВЗ,jeremiah,Иеремия,51,10,1,יְהוָ֖ה,Яхве,Господь
ВЗ,jeremiah,Иеремия,51,10,9,יְהוָ֥ה,Яхве,Господь
ВЗ,jeremiah,Иеремия,51,11,5,יְהוָ֗ה,Яхве,Господь
ВЗ,jeremiah,Иеремия,51,11,17,יְהוָה֙,Яхве,Господь
ВЗ,jeremiah,Иеремия,51,12,14,יְהוָ֔ה,Яхве,Господь
ВЗ,jeremiah,Иеремия,51,14,1,יְהוָ֥ה,Яхве,Господь
ВЗ,jeremiah,Иеремия,51,19,10,יְהוָ֥ה,есть Яхве,есть Господь
ВЗ,jeremiah,Иеремия,51,24,13,יְהוָֽה\׃\ \ס,Яхве,Господь
ВЗ,jeremiah,Иеремия,51,25,5,יְהוָ֔ה,Яхве,Господь
ВЗ,jeremiah,Иеремия,51,26,12,יְהוָֽה\׃,Яхве,Господь
ВЗ,jeremiah,Иеремия,51,29,8,יְהוָ֔ה,Яхве,Господь
ВЗ,jeremiah,Иеремия,51,33,3,יְהוָ֤ה,Яхве,Господь
ВЗ,jeremiah,Иеремия,51,36,3,יְהוָ֔ה,Яхве,Господь
ВЗ,jeremiah,Иеремия,51,36,16,מְקוֹרָֽהּ\׃,"источник, его",источник нему
ВЗ,jeremiah,Иеремия,51,39,13,יְהוָֽה\׃,Яхве,Господь
ВЗ,jeremiah,Иеремия,51,44,10,אֵלָ֛יו,"к, его",к нему
ВЗ,jeremiah,Иеремия,51,45,9,יְהוָֽה\׃,Яхве,Господь
ВЗ,jeremiah,Иеремия,51,48,14,יְהוָֽה\׃,Яхве,Господь
ВЗ,jeremiah,Иеремия,51,50,8,יְהוָ֔ה,Яхве,Господь
ВЗ,jeremiah,Иеремия,51,51,13,יְהוָֽה\׃\ \ס,Яхве,Господь
ВЗ,jeremiah,Иеремия,51,52,5,יְהוָ֔ה,Яхве,Господь
ВЗ,jeremiah,Иеремия,51,53,13,יְהוָֽה\׃\ \ס,Яхве,Господь
ВЗ,jeremiah,Иеремия,51,55,2,יְהוָה֙,Яхве,Господь
ВЗ,jeremiah,Иеремия,51,56,13,יְהוָ֖ה,Яхве,Господь
ВЗ,jeremiah,Иеремия,51,57,13,יְהוָ֥ה,есть Яхве,есть Господь
ВЗ,jeremiah,Иеремия,51,58,2,יְהוָ֣ה,Яхве,Господь
ВЗ,jeremiah,Иеремия,51,62,1,יְהוָה֙,О Яхве,О Господь
ВЗ,jeremiah,Иеремия,52,2,3,יְהוָ֑ה,Яхве,Господь
ВЗ,jeremiah,Иеремия,52,3,3,יְהוָ֗ה,Яхве,Господь
ВЗ,jeremiah,Иеремия,52,4,0,וַיְהִי֩,"и, оно был",и было
ВЗ,jeremiah,Иеремия,52,5,0,וַתָּבֹ֥א,"и, оно пришёл","и, было"
ВЗ,jeremiah,Иеремия,52,6,4,וַיֶּחֱזַ֥ק,"и, оно был севере",и было севере
ВЗ,jeremiah,Иеремия,52,7,0,וַתִּבָּקַ֣ע,"и, оно был сломанный в",и было сломанный в
ВЗ,jeremiah,Иеремия,52,13,3,יְהוָ֖ה,Яхве,Господь
ВЗ,jeremiah,Иеремия,52,17,5,יְהוָ֗ה,Яхве,Господь
ВЗ,jeremiah,Иеремия,52,17,13,יְהוָ֖ה,Яхве,Господь
ВЗ,jeremiah,Иеремия,52,20,16,יְהוָ֑ה,Яхве,Господь
ВЗ,jeremiah,Иеремия,52,31,0,וַיְהִי֩,"и, оно был",и было
ВЗ,jeremiah,Иеремия,52,31,1,בִשְׁלֹשִׁ֨ים,"в, тридцать",в тридцатый
ВЗ,jeremiah,Иеремия,52,34,4,לּ֜וֹ,"к, его",к нему
ВЗ,lamentations,Плач Иеремии,1,5,6,יְהוָ֥ה,Яхве,Господь
ВЗ,lamentations,Плач Иеремии,1,9,11,יְהוָה֙,О Яхве,О Господь
ВЗ,lamentations,Плач Иеремии,1,11,11,יְהוָה֙,О Яхве,О Господь
ВЗ,lamentations,Плач Иеремии,1,12,16,יְהוָ֔ה,Яхве,Господь
ВЗ,lamentations,Плач Иеремии,1,17,7,יְהוָ֛ה,Яхве,Господь
ВЗ,lamentations,Плач Иеремии,1,18,2,יְהוָ֖ה,Яхве,Господь
ВЗ,lamentations,Плач Иеремии,1,20,1,יְהוָ֤ה,О Яхве,О Господь
ВЗ,lamentations,Плач Иеремии,2,4,1,קַשְׁתּ֜וֹ,"лук, его",лук нему
ВЗ,lamentations,Плач Иеремии,2,6,6,יְהוָ֤ה\׀,Яхве,Господь
ВЗ,lamentations,Плач Иеремии,2,7,2,מִזְבְּחוֹ֙,"жертвенник, его",жертвенник нему
ВЗ,lamentations,Плач Иеремии,2,7,13,יְהוָ֖ה,Яхве,Господь
ВЗ,lamentations,Плач Иеремии,2,8,1,יְהוָ֤ה\׀,Яхве,Господь
ВЗ,lamentations,Плач Иеремии,2,9,16,מֵיְהוָֽה\׃\ \ס,"от, Яхве","от, Господь"
ВЗ,lamentations,Плач Иеремии,2,17,1,יְהוָ֜ה,Яхве,Господь
ВЗ,lamentations,Плач Иеремии,2,19,12,אֵלָ֣יו,"к, его",к нему
ВЗ,lamentations,Плач Иеремии,2,20,1,יְהוָה֙,О Яхве,О Господь
ВЗ,lamentations,Плач Иеремии,2,22,9,יְהוָ֖ה,Яхве,Господь
ВЗ,lamentations,Плач Иеремии,3,12,1,קַשְׁתוֹ֙,"лук, его",лук нему
ВЗ,lamentations,Плач Иеремии,3,18,4,מֵיְהוָֽה\׃\ \ס,"от, Яхве","от, Господь"
ВЗ,lamentations,Плач Иеремии,3,22,1,יְהוָה֙,Яхве,Господь
ВЗ,lamentations,Плач Иеремии,3,24,1,יְהוָה֙,Яхве,Господь
ВЗ,lamentations,Плач Иеремии,3,25,1,יְהוָה֙,Яхве,Господь
ВЗ,lamentations,Плач Иеремии,3,26,4,יְהוָֽה\׃,Яхве,Господь
ВЗ,lamentations,Плач Иеремии,3,37,3,וַתֶּ֔הִי,"и, оно был",и было
ВЗ,lamentations,Плач Иеремии,3,40,5,יְהוָֽה\׃,Яхве,Господь
ВЗ,lamentations,Плач Иеремии,3,50,3,יְהוָ֖ה,Яхве,Господь
ВЗ,lamentations,Плач Иеремии,3,55,2,יְהוָ֔ה,О Яхве,О Господь
ВЗ,lamentations,Плач Иеремии,3,59,1,יְהוָה֙,О Яхве,О Господь
ВЗ,lamentations,Плач Иеремии,3,61,2,יְהוָ֔ה,О Яхве,О Господь
ВЗ,lamentations,Плач Иеремии,3,64,3,יְהוָ֖ה,О Яхве,О Господь
ВЗ,lamentations,Плач Иеремии,3,66,5,יְהוָֽה\׃\ \פ,Яхве,Господь
ВЗ,lamentations,Плач Иеремии,4,7,1,נְזִירֶ֙יהָ֙,"те высокий ранк, его",те высокий ранк нему
ВЗ,lamentations,Плач Иеремии,4,11,1,יְהוָה֙,Яхве,Господь
ВЗ,lamentations,Плач Иеремии,4,16,1,יְהוָה֙,Яхве,Господь
ВЗ,lamentations,Плач Иеремии,4,20,3,יְהוָ֔ה,Яхве,Господь
ВЗ,lamentations,Плач Иеремии,5,1,1,יְהוָה֙,О Яхве,О Господь
ВЗ,lamentations,Плач Иеремии,5,19,1,יְהוָה֙,О Яхве,О Господь
ВЗ,lamentations,Плач Иеремии,5,21,1,יְהוָ֤ה\׀,О Яхве,О Господь
ВЗ,ezekiel,Иезекииль,1,1,0,וַיְהִ֣י\׀,"и, оно был",и было
ВЗ,ezekiel,Иезекииль,1,1,1,בִּשְׁלֹשִׁ֣ים,"в, тридцать",в тридцатый
ВЗ,ezekiel,Иезекииль,1,1,3,בָּֽרְבִיעִי֙,"в, четвёртый месяц",в четвёртом месяце
ВЗ,ezekiel,Иезекииль,1,1,4,בַּחֲמִשָּׁ֣ה,"на, день пять",пятый день
ВЗ,ezekiel,Иезекииль,1,1,7,בְתֽוֹךְ\־,"был в, среди",был среди
ВЗ,ezekiel,Иезекииль,1,1,12,נִפְתְּחוּ֙,они были открыл,открылись
ВЗ,ezekiel,Иезекииль,1,2,0,בַּחֲמִשָּׁ֖ה,"на, день пять",пятый день
ВЗ,ezekiel,Иезекииль,1,3,1,הָיָ֣ה,оно пришёл,было
ВЗ,ezekiel,Иезекииль,1,3,3,יְ֠הוָה,Яхве,Господь
ВЗ,ezekiel,Иезекииль,1,3,14,וַתְּהִ֥י,"и, оно был",и было
ВЗ,ezekiel,Иезекииль,1,3,18,יְהוָֽה\׃,Яхве,Господь
ВЗ,ezekiel,Иезекииль,1,25,0,וַיְהִי\־,"и, оно пришёл","и, было"
ВЗ,ezekiel,Иезекииль,1,28,15,יְהוָ֑ה,Яхве,Господь
ВЗ,ezekiel,Иезекииль,2,2,0,וַתָּ֧בֹא,"и, оно пришёл","и, было"
ВЗ,ezekiel,Иезекииль,2,4,14,יְהֹוִֽה\׃,Яхве,Господь
ВЗ,ezekiel,Иезекииль,3,3,16,וַתְּהִ֥י,"и, оно был",и было
ВЗ,ezekiel,Иезекииль,3,11,14,יְהֹוִ֑ה,Яхве,Господь
ВЗ,ezekiel,Иезекииль,3,12,9,יְהוָ֖ה,Яхве,Господь
ВЗ,ezekiel,Иезекииль,3,14,8,יְהוָ֥ה,Яхве,Господь
ВЗ,ezekiel,Иезекииль,3,16,0,וַיְהִ֕י,"и, оно был",и было
ВЗ,ezekiel,Иезекииль,3,16,4,וַיְהִ֥י,"и, оно пришёл","и, было"
ВЗ,ezekiel,Иезекииль,3,16,6,יְהוָ֖ה,Яхве,Господь
ВЗ,ezekiel,Иезекииль,3,16,8,לֵאמֹֽר\׃,"к, говоря",говоря
ВЗ,ezekiel,Иезекииль,3,22,0,וַתְּהִ֥י,"и, оно был",и было
ВЗ,ezekiel,Иезекииль,3,22,4,יְהוָ֑ה,Яхве,Господь
ВЗ,ezekiel,Иезекииль,3,23,7,יְהוָה֙,Яхве,Господь
ВЗ,ezekiel,Иезекииль,3,24,0,וַתָּבֹא\־,"и, оно пришёл","и, было"
ВЗ,ezekiel,Иезекииль,3,27,10,יְהֹוִ֑ה,Яхве,Господь
ВЗ,ezekiel,Иезекииль,4,13,1,יְהוָ֔ה,Яхве,Господь
ВЗ,ezekiel,Иезекииль,4,14,3,יְהוִ֔ה,Яхве,Господь
ВЗ,ezekiel,Иезекииль,5,5,3,יְהֹוִ֔ה,Яхве,Господь
ВЗ,ezekiel,Иезекииль,5,7,4,יְהוִ֗ה,Яхве,Господь
ВЗ,ezekiel,Иезекииль,5,8,4,יְהוִ֔ה,Яхве,Господь
ВЗ,ezekiel,Иезекииль,5,11,5,יְהוִה֒,Яхве,Господь
ВЗ,ezekiel,Иезекииль,5,13,9,יְהוָ֗ה,Яхве,Господь
ВЗ,ezekiel,Иезекииль,5,15,16,יְהוָ֖ה,Яхве,Господь
ВЗ,ezekiel,Иезекииль,5,17,14,יְהוָ֖ה,Яхве,Господь
ВЗ,ezekiel,Иезекииль,6,1,0,וַיְהִ֥י,"и, оно пришёл","и, было"
ВЗ,ezekiel,Иезекииль,6,1,2,יְהוָ֖ה,Яхве,Господь
ВЗ,ezekiel,Иезекииль,6,1,4,לֵאמֹֽר\׃,"к, говоря",говоря
ВЗ,ezekiel,Иезекииль,6,3,6,יְהוִ֑ה,Яхве,Господь
ВЗ,ezekiel,Иезекииль,6,3,10,יְ֠הוִה,Яхве,Господь
ВЗ,ezekiel,Иезекииль,6,7,6,יְהוָֽה\׃,есмь Яхве,есмь Господь
ВЗ,ezekiel,Иезекииль,6,10,3,יְהוָ֑ה,есмь Яхве,есмь Господь
ВЗ,ezekiel,Иезекииль,6,11,3,יְהוִ֗ה,Яхве,Господь
ВЗ,ezekiel,Иезекииль,6,13,3,יְהוָ֔ה,есмь Яхве,есмь Господь
ВЗ,ezekiel,Иезекииль,6,14,16,יְהוָֽה\׃\ \פ,есмь Яхве,есмь Господь
ВЗ,ezekiel,Иезекииль,7,1,0,וַיְהִ֥י,"и, оно пришёл","и, было"
ВЗ,ezekiel,Иезекииль,7,1,2,יְהוָ֖ה,Яхве,Господь
ВЗ,ezekiel,Иезекииль,7,1,4,לֵאמֹֽר\׃,"к, говоря",говоря
ВЗ,ezekiel,Иезекииль,7,2,6,יְהוִ֛ה,Яхве,Господь
ВЗ,ezekiel,Иезекииль,7,4,16,יְהוָֽה\׃\ \פ,есмь Яхве,есмь Господь
ВЗ,ezekiel,Иезекииль,7,5,3,יְהוִ֑ה,Яхве,Господь
ВЗ,ezekiel,Иезекииль,7,9,14,יְהוָ֖ה,Яхве,Господь
ВЗ,ezekiel,Иезекииль,7,19,13,יְהוָ֔ה,Яхве,Господь
ВЗ,ezekiel,Иезекииль,7,27,17,יְהוָֽה\׃\ \פ,есмь Яхве,есмь Господь
ВЗ,ezekiel,Иезекииль,8,1,0,וַיְהִ֣י\׀,"и, оно был",и было
ВЗ,ezekiel,Иезекииль,8,1,4,בַּחֲמִשָּׁ֣ה,"на, день пять",пятый день
ВЗ,ezekiel,Иезекииль,8,1,18,יְהֹוִֽה\׃,Яхве,Господь
ВЗ,ezekiel,Иезекииль,8,12,17,יְהוָה֙,Яхве,Господь
ВЗ,ezekiel,Иезекииль,8,12,21,יְהוָ֖ה,Яхве,Господь
ВЗ,ezekiel,Иезекииль,8,14,6,יְהוָ֔ה,Яхве,Господь
ВЗ,ezekiel,Иезекииль,8,16,5,יְהוָה֮,Яхве,Господь
ВЗ,ezekiel,Иезекииль,8,16,10,יְהוָ֗ה,Яхве,Господь
ВЗ,ezekiel,Иезекииль,8,16,21,יְהוָה֙,Яхве,Господь
ВЗ,ezekiel,Иезекииль,9,1,4,לֵאמֹ֔ר,"к, говоря",говоря
ВЗ,ezekiel,Иезекииль,9,4,1,יְהוָה֙,Яхве,Господь
ВЗ,ezekiel,Иезекииль,9,4,2,אֵלָ֔יו,"к, его",к нему
ВЗ,ezekiel,Иезекииль,9,8,0,וַֽיְהִי֙,"и, оно был",и было
ВЗ,ezekiel,Иезекииль,9,8,11,יְהוִ֔ה,Яхве,Господь
ВЗ,ezekiel,Иезекииль,9,9,18,יְהוָה֙,Яхве,Господь
ВЗ,ezekiel,Иезекииль,9,9,22,יְהוָ֖ה,Яхве,Господь
ВЗ,ezekiel,Иезекииль,9,11,9,לֵאמֹ֑ר,"к, говоря",говоря
ВЗ,ezekiel,Иезекииль,10,4,2,יְהוָה֙,Яхве,Господь
ВЗ,ezekiel,Иезекииль,10,4,8,וַיִּמָּלֵ֤א,"и, оно был наполнил",и было наполнил
ВЗ,ezekiel,Иезекииль,10,4,17,יְהוָֽה\׃,Яхве,Господь
ВЗ,ezekiel,Иезекииль,10,6,0,וַיְהִ֗י,"и, оно был",и было
ВЗ,ezekiel,Иезекииль,10,6,6,לֵאמֹ֔ר,"к, говоря",говоря
ВЗ,ezekiel,Иезекииль,10,8,0,וַיֵּרָ֖א,"и, оно был виденное",и было виденное
ВЗ,ezekiel,Иезекииль,10,18,2,יְהוָ֔ה,Яхве,Господь
ВЗ,ezekiel,Иезекииль,10,19,15,יְהוָה֙,Яхве,Господь
ВЗ,ezekiel,Иезекииль,11,1,8,יְהוָ֤ה,Яхве,Господь
ВЗ,ezekiel,Иезекииль,11,5,3,יְהוָה֒,Яхве,Господь
ВЗ,ezekiel,Иезекииль,11,5,9,יְהוָ֔ה,Яхве,Господь
ВЗ,ezekiel,Иезекииль,11,7,4,יְהוִה֒,Яхве,Господь
ВЗ,ezekiel,Иезекииль,11,8,7,יְהוִֽה\׃,Яхве,Господь
ВЗ,ezekiel,Иезекииль,11,10,10,יְהוָֽה\׃,есмь Яхве,есмь Господь
ВЗ,ezekiel,Иезекииль,11,12,3,יְהוָ֔ה,есмь Яхве,есмь Господь
ВЗ,ezekiel,Иезекииль,11,13,0,וַֽיְהִי֙,"и, оно был",и было
ВЗ,ezekiel,Иезекииль,11,13,15,יְהוִ֔ה,Яхве,Господь
ВЗ,ezekiel,Иезекииль,11,14,0,וַיְהִ֥י,"и, оно пришёл","и, было"
ВЗ,ezekiel,Иезекииль,11,14,2,יְהוָ֖ה,Яхве,Господь
ВЗ,ezekiel,Иезекииль,11,14,4,לֵאמֹֽר\׃,"к, говоря",говоря
ВЗ,ezekiel,Иезекииль,11,15,17,יְהוָ֔ה,Яхве,Господь
ВЗ,ezekiel,Иезекииль,11,16,5,יְהוִה֒,Яхве,Господь
ВЗ,ezekiel,Иезекииль,11,17,5,יְהוִה֒,Яхве,Господь
ВЗ,ezekiel,Иезекииль,11,21,11,יְהוִֽה\׃,Яхве,Господь
ВЗ,ezekiel,Иезекииль,11,23,2,יְהוָ֔ה,Яхве,Господь
ВЗ,ezekiel,Иезекииль,11,25,6,יְהוָ֖ה,Яхве,Господь
ВЗ,ezekiel,Иезекииль,12,1,0,וַיְהִ֥י,"и, оно пришёл","и, было"
ВЗ,ezekiel,Иезекииль,12,1,2,יְהוָ֖ה,Яхве,Господь
ВЗ,ezekiel,Иезекииль,12,1,4,לֵאמֹֽר\׃,"к, говоря",говоря
ВЗ,ezekiel,Иезекииль,12,8,0,וַיְהִ֧י,"и, оно пришёл","и, было"
ВЗ,ezekiel,Иезекииль,12,8,2,יְהוָ֛ה,Яхве,Господь
ВЗ,ezekiel,Иезекииль,12,8,5,לֵאמֹֽר\׃,"к, говоря",говоря
ВЗ,ezekiel,Иезекииль,12,10,5,יְהֹוִ֑ה,Яхве,Господь
ВЗ,ezekiel,Иезекииль,12,15,3,יְהוָ֑ה,есмь Яхве,есмь Господь
ВЗ,ezekiel,Иезекииль,12,16,19,יְהוָֽה\׃\ \פ,есмь Яхве,есмь Господь
ВЗ,ezekiel,Иезекииль,12,17,0,וַיְהִ֥י,"и, оно пришёл","и, было"
ВЗ,ezekiel,Иезекииль,12,17,2,יְהוָ֖ה,Яхве,Господь
ВЗ,ezekiel,Иезекииль,12,17,4,לֵאמֹֽר\׃,"к, говоря",говоря
ВЗ,ezekiel,Иезекииль,12,19,7,יְהוִ֜ה,Яхве,Господь
ВЗ,ezekiel,Иезекииль,12,20,9,יְהוָֽה\׃\ \פ,есмь Яхве,есмь Господь
ВЗ,ezekiel,Иезекииль,12,21,0,וַיְהִ֥י,"и, оно пришёл","и, было"
ВЗ,ezekiel,Иезекииль,12,21,2,יְהוָ֖ה,Яхве,Господь
ВЗ,ezekiel,Иезекииль,12,21,4,לֵאמֹֽר\׃,"к, говоря",говоря
ВЗ,ezekiel,Иезекииль,12,22,9,לֵאמֹ֑ר,"к, говоря",говоря
ВЗ,ezekiel,Иезекииль,12,23,6,יְהוִה֒,Яхве,Господь
ВЗ,ezekiel,Иезекииль,12,25,2,יְהוָ֗ה,Яхве,Господь
ВЗ,ezekiel,Иезекииль,12,25,21,יְהוִֽה\׃\ \פ,Яхве,Господь
ВЗ,ezekiel,Иезекииль,12,26,0,וַיְהִ֥י,"и, оно пришёл","и, было"
ВЗ,ezekiel,Иезекииль,12,26,2,יְהוָ֖ה,Яхве,Господь
ВЗ,ezekiel,Иезекииль,12,26,4,לֵאמֹֽר\׃,"к, говоря",говоря
ВЗ,ezekiel,Иезекииль,12,28,6,יְהוִ֔ה,Яхве,Господь
ВЗ,ezekiel,Иезекииль,12,28,18,יְהוִֽה\׃\ \ס,Яхве,Господь
ВЗ,ezekiel,Иезекииль,13,1,0,וַיְהִ֥י,"и, оно пришёл","и, было"
ВЗ,ezekiel,Иезекииль,13,1,2,יְהוָ֖ה,Яхве,Господь
ВЗ,ezekiel,Иезекииль,13,1,4,לֵאמֹֽר\׃,"к, говоря",говоря
ВЗ,ezekiel,Иезекииль,13,2,12,יְהוָֽה\׃,Яхве,Господь
ВЗ,ezekiel,Иезекииль,13,3,3,יְהוִ֔ה,Яхве,Господь
ВЗ,ezekiel,Иезекииль,13,5,11,יְהוָֽה\׃,Яхве,Господь
ВЗ,ezekiel,Иезекииль,13,6,6,יְהוָ֔ה,Яхве,Господь
ВЗ,ezekiel,Иезекииль,13,6,7,וַֽיהוָ֖ה,"и, Яхве","и, Господь"
ВЗ,ezekiel,Иезекииль,13,7,9,יְהוָ֔ה,Яхве,Господь
ВЗ,ezekiel,Иезекииль,13,8,4,יְהוִ֔ה,Яхве,Господь
ВЗ,ezekiel,Иезекииль,13,8,15,יְהוִֽה\׃,Яхве,Господь
ВЗ,ezekiel,Иезекииль,13,9,26,יְהוִֽה\׃,Яхве,Господь
ВЗ,ezekiel,Иезекииль,13,10,5,לֵאמֹ֥ר,"к, говоря",говоря
ВЗ,ezekiel,Иезекииль,13,13,4,יְהוִ֔ה,Яхве,Господь
ВЗ,ezekiel,Иезекииль,13,14,17,יְהוָֽה\׃,есмь Яхве,есмь Господь
ВЗ,ezekiel,Иезекииль,13,16,13,יְהֹוִֽה\׃\ \פ,Яхве,Господь
ВЗ,ezekiel,Иезекииль,13,18,4,יְהוִ֗ה,Яхве,Господь
ВЗ,ezekiel,Иезекииль,13,20,4,יְהוִ֗ה,Яхве,Господь
ВЗ,ezekiel,Иезекииль,13,21,15,יְהוָֽה\׃,есмь Яхве,есмь Господь
ВЗ,ezekiel,Иезекииль,13,23,15,יְהוָֽה\׃,есмь Яхве,есмь Господь
ВЗ,ezekiel,Иезекииль,14,2,0,וַיְהִ֥י,"и, оно пришёл","и, было"
ВЗ,ezekiel,Иезекииль,14,2,2,יְהוָ֖ה,Яхве,Господь
ВЗ,ezekiel,Иезекииль,14,2,4,לֵאמֹֽר\׃,"к, говоря",говоря
ВЗ,ezekiel,Иезекииль,14,4,8,יְהוִ֗ה,Яхве,Господь
ВЗ,ezekiel,Иезекииль,14,4,28,יְהוָ֗ה,Яхве,Господь
ВЗ,ezekiel,Иезекииль,14,4,30,ל֦וֹ,"к, его",к нему
ВЗ,ezekiel,Иезекииль,14,6,8,יְהוִ֔ה,Яхве,Господь
ВЗ,ezekiel,Иезекииль,14,7,24,ל֣וֹ,"к, его",к нему
ВЗ,ezekiel,Иезекииль,14,7,27,יְהוָ֔ה,Яхве,Господь
ВЗ,ezekiel,Иезекииль,14,7,29,לּ֖וֹ,"к, его",к нему
ВЗ,ezekiel,Иезекииль,14,8,13,יְהוָֽה\׃\ \ס,есмь Яхве,есмь Господь
ВЗ,ezekiel,Иезекииль,14,9,6,יְהוָה֙,Яхве,Господь
ВЗ,ezekiel,Иезекииль,14,11,21,יְהוִֽה\׃\ \פ,Яхве,Господь
ВЗ,ezekiel,Иезекииль,14,12,0,וַיְהִ֥י,"и, оно пришёл","и, было"
ВЗ,ezekiel,Иезекииль,14,12,2,יְהוָ֖ה,Яхве,Господь
ВЗ,ezekiel,Иезекииль,14,12,4,לֵאמֹֽר\׃,"к, говоря",говоря
ВЗ,ezekiel,Иезекииль,14,14,14,יְהוִֽה\׃,Яхве,Господь
ВЗ,ezekiel,Иезекииль,14,16,8,יְהוִ֔ה,Яхве,Господь
ВЗ,ezekiel,Иезекииль,14,18,8,יְהוִ֔ה,Яхве,Господь
ВЗ,ezekiel,Иезекииль,14,20,8,יְהוִ֔ה,Яхве,Господь
ВЗ,ezekiel,Иезекииль,14,21,4,יְהֹוִ֗ה,Яхве,Господь
ВЗ,ezekiel,Иезекииль,14,23,20,יְהֹוִֽה\׃\ \פ,Яхве,Господь
ВЗ,ezekiel,Иезекииль,15,1,0,וַיְהִ֥י,"и, оно пришёл","и, было"
ВЗ,ezekiel,Иезекииль,15,1,2,יְהוָ֖ה,Яхве,Господь
ВЗ,ezekiel,Иезекииль,15,1,4,לֵאמֹֽר\׃,"к, говоря",говоря
ВЗ,ezekiel,Иезекииль,15,6,4,יְהוִ֔ה,Яхве,Господь
ВЗ,ezekiel,Иезекииль,15,7,11,יְהוָ֔ה,есмь Яхве,есмь Господь
ВЗ,ezekiel,Иезекииль,15,8,9,יְהוִֽה\׃\ \פ,Яхве,Господь
ВЗ,ezekiel,Иезекииль,16,1,0,וַיְהִ֥י,"и, оно пришёл","и, было"
ВЗ,ezekiel,Иезекииль,16,1,2,יְהוָ֖ה,Яхве,Господь
ВЗ,ezekiel,Иезекииль,16,1,4,לֵאמֹֽר\׃,"к, говоря",говоря
ВЗ,ezekiel,Иезекииль,16,3,4,יְהוִה֙,Яхве,Господь
ВЗ,ezekiel,Иезекииль,16,8,19,יְהוִ֖ה,Яхве,Господь
ВЗ,ezekiel,Иезекииль,16,14,14,יְהוִֽה\׃,Яхве,Господь
ВЗ,ezekiel,Иезекииль,16,15,11,לוֹ\־,"к, его",к нему
ВЗ,ezekiel,Иезекииль,16,19,12,וַיֶּ֑הִי,"и, оно был",и было
ВЗ,ezekiel,Иезекииль,16,19,15,יְהוִֽה\׃,Яхве,Господь
ВЗ,ezekiel,Иезекииль,16,23,0,וַיְהִ֕י,"и, оно был",и было
ВЗ,ezekiel,Иезекииль,16,23,9,יְהוִֽה\׃,Яхве,Господь
ВЗ,ezekiel,Иезекииль,16,30,5,יְהוִ֑ה,Яхве,Господь
ВЗ,ezekiel,Иезекииль,16,34,0,וַיְהִי\־,"и, оно был",и было
ВЗ,ezekiel,Иезекииль,16,35,4,יְהוָֽה\׃\ \פ,Яхве,Господь
ВЗ,ezekiel,Иезекииль,16,36,3,יְהֹוִ֗ה,Яхве,Господь
ВЗ,ezekiel,Иезекииль,16,36,7,וַתִּגָּלֶ֣ה,"и, оно был открыл",и было открыл
ВЗ,ezekiel,Иезекииль,16,43,19,יְהוִ֔ה,Яхве,Господь
ВЗ,ezekiel,Иезекииль,16,44,5,לֵאמֹ֑ר,"к, говоря",говоря
ВЗ,ezekiel,Иезекииль,16,48,4,יְהוִ֔ה,Яхве,Господь
ВЗ,ezekiel,Иезекииль,16,58,7,יְהוָֽה\׃\ \ס,Яхве,Господь
ВЗ,ezekiel,Иезекииль,16,59,4,יְהוִ֔ה,Яхве,Господь
ВЗ,ezekiel,Иезекииль,16,62,8,יְהוָֽה\׃,есмь Яхве,есмь Господь
ВЗ,ezekiel,Иезекииль,16,63,18,יְהוִֽה\׃\ \ס,Яхве,Господь
ВЗ,ezekiel,Иезекииль,17,1,0,וַיְהִ֥י,"и, оно пришёл","и, было"
ВЗ,ezekiel,Иезекииль,17,1,2,יְהוָ֖ה,Яхве,Господь
ВЗ,ezekiel,Иезекииль,17,1,4,לֵאמֹֽר\׃,"к, говоря",говоря
ВЗ,ezekiel,Иезекииль,17,3,4,יְהוִ֗ה,Яхве,Господь
ВЗ,ezekiel,Иезекииль,17,3,16,בָּ֚א,оно пришёл,было
ВЗ,ezekiel,Иезекииль,17,7,0,וַיְהִ֤י,"и, оно был",и было
ВЗ,ezekiel,Иезекииль,17,9,4,יְהֹוִ֖ה,Яхве,Господь
ВЗ,ezekiel,Иезекииль,17,11,0,וַיְהִ֥י,"и, оно пришёл","и, было"
ВЗ,ezekiel,Иезекииль,17,11,2,יְהוָ֖ה,Яхве,Господь
ВЗ,ezekiel,Иезекииль,17,11,4,לֵאמֹֽר\׃,"к, говоря",говоря
ВЗ,ezekiel,Иезекииль,17,15,6,ל֥וֹ,"к, его",к нему
ВЗ,ezekiel,Иезекииль,17,16,4,יְהוִה֒,Яхве,Господь
ВЗ,ezekiel,Иезекииль,17,19,4,יְהוִה֮,Яхве,Господь
ВЗ,ezekiel,Иезекииль,17,21,14,יְהוָ֖ה,Яхве,Господь
ВЗ,ezekiel,Иезекииль,17,22,3,יְהוִ֔ה,Яхве,Господь
ВЗ,ezekiel,Иезекииль,17,24,6,יְהוָה֙,Яхве,Господь
ВЗ,ezekiel,Иезекииль,17,24,20,יְהוָ֖ה,Яхве,Господь
ВЗ,ezekiel,Иезекииль,18,1,0,וַיְהִ֥י,"и, оно пришёл","и, было"
ВЗ,ezekiel,Иезекииль,18,1,2,יְהוָ֖ה,Яхве,Господь
ВЗ,ezekiel,Иезекииль,18,1,4,לֵאמֹֽר\׃,"к, говоря",говоря
ВЗ,ezekiel,Иезекииль,18,2,10,לֵאמֹ֑ר,"к, говоря",говоря
ВЗ,ezekiel,Иезекииль,18,3,4,יְהוִ֑ה,Яхве,Господь
ВЗ,ezekiel,Иезекииль,18,9,12,יְהוִֽה\׃,Яхве,Господь
ВЗ,ezekiel,Иезекииль,18,22,6,ל֑וֹ,"к, его",к нему
ВЗ,ezekiel,Иезекииль,18,23,6,יְהוִ֑ה,Яхве,Господь
ВЗ,ezekiel,Иезекииль,18,30,9,יְהוִ֑ה,Яхве,Господь
ВЗ,ezekiel,Иезекииль,18,32,7,יְהוִ֑ה,Яхве,Господь
ВЗ,ezekiel,Иезекииль,19,7,4,וַתֵּ֤שַׁם,"и, оно был опустошённый",и было опустошённый
ВЗ,ezekiel,Иезекииль,19,11,7,וַתִּגְבַּ֥הּ,"и, оно был лофтй",и было лофтй
ВЗ,ezekiel,Иезекииль,19,11,12,וַיֵּרָ֣א,"и, оно был виденное",и было виденное
ВЗ,ezekiel,Иезекииль,19,12,0,וַתֻּתַּ֤שׁ,"и, оно был плуккед вверх",и было плуккед вверх
ВЗ,ezekiel,Иезекииль,20,1,0,וַיְהִ֣י\׀,"и, оно был",и было
ВЗ,ezekiel,Иезекииль,20,1,12,יְהוָ֑ה,Яхве,Господь
ВЗ,ezekiel,Иезекииль,20,2,0,וַיְהִ֥י,"и, оно пришёл","и, было"
ВЗ,ezekiel,Иезекииль,20,2,2,יְהוָ֖ה,Яхве,Господь
ВЗ,ezekiel,Иезекииль,20,2,4,לֵאמֹֽר\׃,"к, говоря",говоря
ВЗ,ezekiel,Иезекииль,20,3,11,יְהוִ֔ה,Яхве,Господь
ВЗ,ezekiel,Иезекииль,20,3,23,יְהוִֽה\׃,Яхве,Господь
ВЗ,ezekiel,Иезекииль,20,5,5,יְהוִה֒,Яхве,Господь
ВЗ,ezekiel,Иезекииль,20,5,21,לֵאמֹ֔ר,"к, говоря",говоря
ВЗ,ezekiel,Иезекииль,20,5,23,יְהוָ֥ה,есмь Яхве,есмь Господь
ВЗ,ezekiel,Иезекииль,20,7,11,יְהוָ֥ה,есмь Яхве,есмь Господь
ВЗ,ezekiel,Иезекииль,20,12,12,יְהוָ֖ה,есмь Яхве,есмь Господь
ВЗ,ezekiel,Иезекииль,20,19,1,יְהוָ֣ה,есмь Яхве,есмь Господь
ВЗ,ezekiel,Иезекииль,20,20,10,יְהוָ֖ה,есмь Яхве,есмь Господь
ВЗ,ezekiel,Иезекииль,20,26,14,יְהוָֽה\׃\ \ס,есмь Яхве,есмь Господь
ВЗ,ezekiel,Иезекииль,20,27,12,יְהוִ֑ה,Яхве,Господь
ВЗ,ezekiel,Иезекииль,20,30,8,יְהוִ֔ה,Яхве,Господь
ВЗ,ezekiel,Иезекииль,20,31,20,יְהוִ֔ה,Яхве,Господь
ВЗ,ezekiel,Иезекииль,20,33,4,יְהוִ֑ה,Яхве,Господь
ВЗ,ezekiel,Иезекииль,20,36,12,יְהוִֽה\׃,Яхве,Господь
ВЗ,ezekiel,Иезекииль,20,38,17,יְהוָֽה\׃,есмь Яхве,есмь Господь
ВЗ,ezekiel,Иезекииль,20,39,6,יְהֹוִ֗ה,Яхве,Господь
ВЗ,ezekiel,Иезекииль,20,40,8,יְהוִ֔ה,Яхве,Господь
ВЗ,ezekiel,Иезекииль,20,42,3,יְהוָ֔ה,есмь Яхве,есмь Господь
ВЗ,ezekiel,Иезекииль,20,44,3,יְהוָ֔ה,есмь Яхве,есмь Господь
ВЗ,ezekiel,Иезекииль,20,44,17,יְהוִֽה\׃\ \פ,Яхве,Господь
ВЗ,ezekiel,Иезекииль,22,1,0,וַיְהִ֥י,"и, оно пришёл","и, было"
ВЗ,ezekiel,Иезекииль,22,1,2,יְהוָ֖ה,Яхве,Господь
ВЗ,ezekiel,Иезекииль,22,1,4,לֵאמֹֽר\׃,"к, говоря",говоря
ВЗ,ezekiel,Иезекииль,22,3,4,יְהוִ֔ה,Яхве,Господь
ВЗ,ezekiel,Иезекииль,22,12,16,יְהוִֽה\׃,Яхве,Господь
ВЗ,ezekiel,Иезекииль,22,14,11,יְהוָ֖ה,Яхве,Господь
ВЗ,ezekiel,Иезекииль,22,16,7,יְהוָֽה\׃\ \פ,есмь Яхве,есмь Господь
ВЗ,ezekiel,Иезекииль,22,17,0,וַיְהִ֥י,"и, оно пришёл","и, было"
ВЗ,ezekiel,Иезекииль,22,17,2,יְהוָ֖ה,Яхве,Господь
ВЗ,ezekiel,Иезекииль,22,17,4,לֵאמֹֽר\׃,"к, говоря",говоря
ВЗ,ezekiel,Иезекииль,22,19,4,יְהוִ֔ה,Яхве,Господь
ВЗ,ezekiel,Иезекииль,22,22,10,יְהוָ֔ה,Яхве,Господь
ВЗ,ezekiel,Иезекииль,22,23,0,וַיְהִ֥י,"и, оно пришёл","и, было"
ВЗ,ezekiel,Иезекииль,22,23,2,יְהוָ֖ה,Яхве,Господь
ВЗ,ezekiel,Иезекииль,22,23,4,לֵאמֹֽר\׃,"к, говоря",говоря
ВЗ,ezekiel,Иезекииль,22,28,13,יְהוִ֔ה,Яхве,Господь
ВЗ,ezekiel,Иезекииль,22,28,14,וַֽיהוָ֖ה,"и, Яхве","и, Господь"
ВЗ,ezekiel,Иезекииль,22,31,11,יְהֹוִֽה\׃\ \פ,Яхве,Господь
ВЗ,ezekiel,Иезекииль,23,1,0,וַיְהִ֥י,"и, оно пришёл","и, было"
ВЗ,ezekiel,Иезекииль,23,1,2,יְהוָ֖ה,Яхве,Господь
ВЗ,ezekiel,Иезекииль,23,1,4,לֵאמֹֽר\׃,"к, говоря",говоря
ВЗ,ezekiel,Иезекииль,23,17,11,וַתֵּ֥קַע,"и, оно был алиенатед",и было алиенатед
ВЗ,ezekiel,Иезекииль,23,18,5,וַתֵּ֤קַע,"и, оно был алиенатед",и было алиенатед
ВЗ,ezekiel,Иезекииль,23,22,5,יְהוִה֒,Яхве,Господь
ВЗ,ezekiel,Иезекииль,23,28,4,יְהוִ֔ה,Яхве,Господь
ВЗ,ezekiel,Иезекииль,23,32,3,יְהֹוִ֔ה,Яхве,Господь
ВЗ,ezekiel,Иезекииль,23,34,13,יְהוִֽה\׃\ \ס,Яхве,Господь
ВЗ,ezekiel,Иезекииль,23,35,4,יְהוִ֔ה,Яхве,Господь
ВЗ,ezekiel,Иезекииль,23,36,1,יְהוָה֙,Яхве,Господь
ВЗ,ezekiel,Иезекииль,23,46,4,יְהוִ֑ה,Яхве,Господь
ВЗ,ezekiel,Иезекииль,23,49,10,יְהוִֽה\׃\ \פ,Яхве,Господь
ВЗ,ezekiel,Иезекииль,24,1,0,וַיְהִי֩,"и, оно пришёл","и, было"
ВЗ,ezekiel,Иезекииль,24,1,2,יְהוָ֨ה,Яхве,Господь
ВЗ,ezekiel,Иезекииль,24,1,10,לֵאמֹֽר\׃,"к, говоря",говоря
ВЗ,ezekiel,Иезекииль,24,3,10,יְהוִ֑ה,Яхве,Господь
ВЗ,ezekiel,Иезекииль,24,6,4,יְהֹוִ֗ה,Яхве,Господь
ВЗ,ezekiel,Иезекииль,24,9,4,יְהוִ֔ה,Яхве,Господь
ВЗ,ezekiel,Иезекииль,24,14,1,יְהוָ֤ה,Яхве,Господь
ВЗ,ezekiel,Иезекииль,24,14,16,יְהֹוִֽה\׃\ \פ,Яхве,Господь
ВЗ,ezekiel,Иезекииль,24,15,0,וַיְהִ֥י,"и, оно пришёл","и, было"
ВЗ,ezekiel,Иезекииль,24,15,2,יְהוָ֖ה,Яхве,Господь
ВЗ,ezekiel,Иезекииль,24,15,4,לֵאמֹֽר\׃,"к, говоря",говоря
ВЗ,ezekiel,Иезекииль,24,20,3,יְהוָ֔ה,Яхве,Господь
ВЗ,ezekiel,Иезекииль,24,20,4,הָיָ֥ה,оно пришёл,было
ВЗ,ezekiel,Иезекииль,24,20,6,לֵאמֹֽר\׃,"к, говоря",говоря
ВЗ,ezekiel,Иезекииль,24,21,6,יְהוִה֒,Яхве,Господь
ВЗ,ezekiel,Иезекииль,24,24,13,יְהוִֽה\׃\ \ס,Яхве,Господь
ВЗ,ezekiel,Иезекииль,24,27,16,יְהוָֽה\׃\ \ס,есмь Яхве,есмь Господь
ВЗ,ezekiel,Иезекииль,25,1,0,וַיְהִ֥י,"и, оно пришёл","и, было"
ВЗ,ezekiel,Иезекииль,25,1,2,יְהוָ֖ה,Яхве,Господь
ВЗ,ezekiel,Иезекииль,25,1,4,לֵאמֹֽר\׃,"к, говоря",говоря
ВЗ,ezekiel,Иезекииль,25,3,6,יְהוִ֑ה,Яхве,Господь
ВЗ,ezekiel,Иезекииль,25,3,10,יְהוִ֡ה,Яхве,Господь
ВЗ,ezekiel,Иезекииль,25,5,13,יְהוָֽה\׃\ \ס,есмь Яхве,есмь Господь
ВЗ,ezekiel,Иезекииль,25,6,4,יְהוִ֔ה,Яхве,Господь
ВЗ,ezekiel,Иезекииль,25,7,19,יְהוָֽה\׃\ \ס,есмь Яхве,есмь Господь
ВЗ,ezekiel,Иезекииль,25,8,3,יְהוִ֑ה,Яхве,Господь
ВЗ,ezekiel,Иезекииль,25,11,6,יְהוָֽה\׃\ \ס,есмь Яхве,есмь Господь
ВЗ,ezekiel,Иезекииль,25,12,3,יְהוִ֔ה,Яхве,Господь
ВЗ,ezekiel,Иезекииль,25,13,4,יְהוִ֔ה,Яхве,Господь
ВЗ,ezekiel,Иезекииль,25,14,16,יְהוִֽה\׃\ \פ,Яхве,Господь
ВЗ,ezekiel,Иезекииль,25,15,3,יְהוִ֔ה,Яхве,Господь
ВЗ,ezekiel,Иезекииль,25,16,4,יְהוִ֔ה,Яхве,Господь
ВЗ,ezekiel,Иезекииль,25,17,9,יְהוָ֔ה,есмь Яхве,есмь Господь
ВЗ,ezekiel,Иезекииль,26,1,0,וַיְהִ֛י,"и, оно был",и было
ВЗ,ezekiel,Иезекииль,26,1,6,הָיָ֥ה,оно пришёл,было
ВЗ,ezekiel,Иезекииль,26,1,8,יְהוָ֖ה,Яхве,Господь
ВЗ,ezekiel,Иезекииль,26,1,10,לֵאמֹֽר\׃,"к, говоря",говоря
ВЗ,ezekiel,Иезекииль,26,3,4,יְהוִ֔ה,Яхве,Господь
ВЗ,ezekiel,Иезекииль,26,5,10,יְהוִ֑ה,Яхве,Господь
ВЗ,ezekiel,Иезекииль,26,6,8,יְהוָֽה\׃\ \פ,есмь Яхве,есмь Господь
ВЗ,ezekiel,Иезекииль,26,7,4,יְהוִ֔ה,Яхве,Господь
ВЗ,ezekiel,Иезекииль,26,14,11,יְהוָה֙,Яхве,Господь
ВЗ,ezekiel,Иезекииль,26,14,15,יְהוִֽה\׃\ \ס,Яхве,Господь
ВЗ,ezekiel,Иезекииль,26,15,3,יְהוִ֖ה,Яхве,Господь
ВЗ,ezekiel,Иезекииль,26,19,4,יְהוִ֔ה,Яхве,Господь
ВЗ,ezekiel,Иезекииль,26,20,11,מֵֽעוֹלָם֙,"от, долгий назад","от, давно"
ВЗ,ezekiel,Иезекииль,26,21,10,יְהֹוִֽה\׃\ \ס,Яхве,Господь
ВЗ,ezekiel,Иезекииль,27,1,0,וַיְהִ֥י,"и, оно пришёл","и, было"
ВЗ,ezekiel,Иезекииль,27,1,2,יְהוָ֖ה,Яхве,Господь
ВЗ,ezekiel,Иезекииль,27,1,4,לֵאמֹֽר\׃,"к, говоря",говоря
ВЗ,ezekiel,Иезекииль,27,3,14,יְהוִ֔ה,Яхве,Господь
ВЗ,ezekiel,Иезекииль,28,1,0,וַיְהִ֥י,"и, оно пришёл","и, было"
ВЗ,ezekiel,Иезекииль,28,1,2,יְהוָ֖ה,Яхве,Господь
ВЗ,ezekiel,Иезекииль,28,1,4,לֵאמֹֽר\׃,"к, говоря",говоря
ВЗ,ezekiel,Иезекииль,28,2,8,יְהֹוִ֗ה,Яхве,Господь
ВЗ,ezekiel,Иезекииль,28,6,4,יְהוִ֑ה,Яхве,Господь
ВЗ,ezekiel,Иезекииль,28,10,10,יְהוִֽה\׃\ \ס,Яхве,Господь
ВЗ,ezekiel,Иезекииль,28,11,0,וַיְהִ֥י,"и, оно пришёл","и, было"
ВЗ,ezekiel,Иезекииль,28,11,2,יְהוָ֖ה,Яхве,Господь
ВЗ,ezekiel,Иезекииль,28,11,4,לֵאמֹֽר\׃,"к, говоря",говоря
ВЗ,ezekiel,Иезекииль,28,12,8,לּ֗וֹ,"к, его",к нему
ВЗ,ezekiel,Иезекииль,28,12,12,יְהוִ֔ה,Яхве,Господь
ВЗ,ezekiel,Иезекииль,28,20,0,וַיְהִ֥י,"и, оно пришёл","и, было"
ВЗ,ezekiel,Иезекииль,28,20,2,יְהוָ֖ה,Яхве,Господь
ВЗ,ezekiel,Иезекииль,28,20,4,לֵאמֹֽר\׃,"к, говоря",говоря
ВЗ,ezekiel,Иезекииль,28,22,4,יְהוִ֔ה,Яхве,Господь
ВЗ,ezekiel,Иезекииль,28,22,13,יְהוָ֗ה,есмь Яхве,есмь Господь
ВЗ,ezekiel,Иезекииль,28,23,14,יְהוָֽה\׃,есмь Яхве,есмь Господь
ВЗ,ezekiel,Иезекииль,28,24,17,יְהוִֽה\׃\ \ס,Яхве,Господь
ВЗ,ezekiel,Иезекииль,28,25,3,יְהוִה֒,Яхве,Господь
ВЗ,ezekiel,Иезекииль,28,26,18,יְהוָ֖ה,есмь Яхве,есмь Господь
ВЗ,ezekiel,Иезекииль,29,1,6,הָיָ֥ה,оно пришёл,было
ВЗ,ezekiel,Иезекииль,29,1,8,יְהוָ֖ה,Яхве,Господь
ВЗ,ezekiel,Иезекииль,29,1,10,לֵאמֹֽר\׃,"к, говоря",говоря
ВЗ,ezekiel,Иезекииль,29,3,5,יְהוִ֗ה,Яхве,Господь
ВЗ,ezekiel,Иезекииль,29,6,6,יְהוָ֑ה,есмь Яхве,есмь Господь
ВЗ,ezekiel,Иезекииль,29,8,4,יְהוִ֔ה,Яхве,Господь
ВЗ,ezekiel,Иезекииль,29,9,8,יְהוָ֑ה,есмь Яхве,есмь Господь
ВЗ,ezekiel,Иезекииль,29,13,4,יְהוִ֑ה,Яхве,Господь
ВЗ,ezekiel,Иезекииль,29,16,14,יְהוִֽה\׃\ \פ,Яхве,Господь
ВЗ,ezekiel,Иезекииль,29,17,0,וַיְהִ֗י,"и, оно был",и было
ВЗ,ezekiel,Иезекииль,29,17,7,הָיָ֥ה,оно пришёл,было
ВЗ,ezekiel,Иезекииль,29,17,9,יְהוָ֖ה,Яхве,Господь
ВЗ,ezekiel,Иезекииль,29,17,11,לֵאמֹֽר\׃,"к, говоря",говоря
ВЗ,ezekiel,Иезекииль,29,18,21,ל֤וֹ,"к, его",к нему
ВЗ,ezekiel,Иезекииль,29,19,4,יְהוִ֔ה,Яхве,Господь
ВЗ,ezekiel,Иезекииль,29,20,5,ל֖וֹ,"к, его",к нему
ВЗ,ezekiel,Иезекииль,29,20,14,יְהוִֽה\׃\ \ס,Яхве,Господь
ВЗ,ezekiel,Иезекииль,29,21,14,יְהוָֽה\׃\ \פ,есмь Яхве,есмь Господь
ВЗ,ezekiel,Иезекииль,30,1,0,וַיְהִ֥י,"и, оно пришёл","и, было"
ВЗ,ezekiel,Иезекииль,30,1,2,יְהוָ֖ה,Яхве,Господь
ВЗ,ezekiel,Иезекииль,30,1,4,לֵאמֹֽר\׃,"к, говоря",говоря
ВЗ,ezekiel,Иезекииль,30,2,7,יְהוִ֑ה,Яхве,Господь
ВЗ,ezekiel,Иезекииль,30,3,5,לַֽיהוָ֑ה,Яхве,Господь
ВЗ,ezekiel,Иезекииль,30,6,2,יְהוָ֔ה,Яхве,Господь
ВЗ,ezekiel,Иезекииль,30,6,16,יְהוִֽה\׃,Яхве,Господь
ВЗ,ezekiel,Иезекииль,30,8,3,יְהוָ֑ה,есмь Яхве,есмь Господь
ВЗ,ezekiel,Иезекииль,30,10,3,יְהוִ֑ה,Яхве,Господь
ВЗ,ezekiel,Иезекииль,30,12,14,יְהוָ֖ה,Яхве,Господь
ВЗ,ezekiel,Иезекииль,30,13,3,יְהוִ֗ה,Яхве,Господь
ВЗ,ezekiel,Иезекииль,30,19,6,יְהוָֽה\׃\ \פ,есмь Яхве,есмь Господь
ВЗ,ezekiel,Иезекииль,30,20,0,וַיְהִ֗י,"и, оно был",и было
ВЗ,ezekiel,Иезекииль,30,20,7,הָיָ֥ה,оно пришёл,было
ВЗ,ezekiel,Иезекииль,30,20,9,יְהוָ֖ה,Яхве,Господь
ВЗ,ezekiel,Иезекииль,30,20,11,לֵאמֹֽר\׃,"к, говоря",говоря
ВЗ,ezekiel,Иезекииль,30,22,4,יְהֹוִ֗ה,Яхве,Господь
ВЗ,ezekiel,Иезекииль,30,25,11,יְהוָ֗ה,есмь Яхве,есмь Господь
ВЗ,ezekiel,Иезекииль,30,26,10,יְהוָֽה\׃\ \ס,есмь Яхве,есмь Господь
ВЗ,ezekiel,Иезекииль,31,1,0,וַיְהִ֗י,"и, оно был",и было
ВЗ,ezekiel,Иезекииль,31,1,7,הָיָ֥ה,оно пришёл,было
ВЗ,ezekiel,Иезекииль,31,1,9,יְהוָ֖ה,Яхве,Господь
ВЗ,ezekiel,Иезекииль,31,1,11,לֵאמֹֽר\׃,"к, говоря",говоря
ВЗ,ezekiel,Иезекииль,31,7,0,וַיְּיִ֣ף,"и, оно был красивый",и было красивый
ВЗ,ezekiel,Иезекииль,31,10,4,יְהוִ֔ה,Яхве,Господь
ВЗ,ezekiel,Иезекииль,31,10,14,וְרָ֥ם,"и, оно был поднял вверх",и было поднял вверх
ВЗ,ezekiel,Иезекииль,31,13,1,מַפַּלְתּ֥וֹ,"падший трунк, его",падший трунк нему
ВЗ,ezekiel,Иезекииль,31,15,3,יְהוִ֗ה,Яхве,Господь
ВЗ,ezekiel,Иезекииль,31,18,27,יְהוִֽה\׃\ \ס,Яхве,Господь
ВЗ,ezekiel,Иезекииль,32,1,0,וַֽיְהִי֙,"и, оно был",и было
ВЗ,ezekiel,Иезекииль,32,1,9,הָיָ֥ה,оно пришёл,было
ВЗ,ezekiel,Иезекииль,32,1,11,יְהוָ֖ה,Яхве,Господь
ВЗ,ezekiel,Иезекииль,32,1,13,לֵאמֹֽר\׃,"к, говоря",говоря
ВЗ,ezekiel,Иезекииль,32,2,9,אֵלָ֔יו,"к, его",к нему
ВЗ,ezekiel,Иезекииль,32,3,3,יְהוִ֔ה,Яхве,Господь
ВЗ,ezekiel,Иезекииль,32,8,12,יְהוִֽה\׃,Яхве,Господь
ВЗ,ezekiel,Иезекииль,32,11,4,יְהוִ֑ה,Яхве,Господь
ВЗ,ezekiel,Иезекииль,32,14,8,יְהוִֽה\׃,Яхве,Господь
ВЗ,ezekiel,Иезекииль,32,15,16,יְהוָֽה\׃,есмь Яхве,есмь Господь
ВЗ,ezekiel,Иезекииль,32,16,16,יְהוִֽה\׃\ \פ,Яхве,Господь
ВЗ,ezekiel,Иезекииль,32,17,0,וַֽיְהִי֙,"и, оно был",и было
ВЗ,ezekiel,Иезекииль,32,17,7,הָיָ֥ה,оно пришёл,было
ВЗ,ezekiel,Иезекииль,32,17,9,יְהוָ֖ה,Яхве,Господь
ВЗ,ezekiel,Иезекииль,32,17,11,לֵאמֹֽר\׃,"к, говоря",говоря
ВЗ,ezekiel,Иезекииль,32,21,1,ל֞וֹ,"к, его",к нему
ВЗ,ezekiel,Иезекииль,32,23,5,וַיְהִ֣י,"и, оно был",и было
ВЗ,ezekiel,Иезекииль,32,27,16,וַתְּהִ֤י,"и, оно был",и было
ВЗ,ezekiel,Иезекииль,32,31,14,יְהוִֽה\׃,Яхве,Господь
ВЗ,ezekiel,Иезекииль,32,32,17,יְהוִֽה\׃\ \פ,Яхве,Господь
ВЗ,ezekiel,Иезекииль,33,1,0,וַיְהִ֥י,"и, оно пришёл","и, было"
ВЗ,ezekiel,Иезекииль,33,1,2,יְהוָ֖ה,Яхве,Господь
ВЗ,ezekiel,Иезекииль,33,1,4,לֵאמֹֽר\׃,"к, говоря",говоря
ВЗ,ezekiel,Иезекииль,33,4,7,וַתָּ֥בוֹא,"и, оно пришёл","и, было"
ВЗ,ezekiel,Иезекииль,33,6,12,וַתָּב֣וֹא,"и, оно пришёл","и, было"
ВЗ,ezekiel,Иезекииль,33,10,9,לֵאמֹ֔ר,"к, говоря",говоря
ВЗ,ezekiel,Иезекииль,33,11,6,יְהוִ֗ה,Яхве,Господь
ВЗ,ezekiel,Иезекииль,33,16,6,ל֑וֹ,"к, его",к нему
ВЗ,ezekiel,Иезекииль,33,21,0,וַיְהִ֞י,"и, оно был",и было
ВЗ,ezekiel,Иезекииль,33,21,5,בַּחֲמִשָּׁ֥ה,"на, день пять",пятый день
ВЗ,ezekiel,Иезекииль,33,21,12,לֵאמֹ֖ר,"к, говоря",говоря
ВЗ,ezekiel,Иезекииль,33,22,1,יְהוָה֩,Яхве,Господь
ВЗ,ezekiel,Иезекииль,33,22,15,וַיִּפָּ֣תַח,"и, оно был открыл",и было открыл
ВЗ,ezekiel,Иезекииль,33,23,0,וַיְהִ֥י,"и, оно пришёл","и, было"
ВЗ,ezekiel,Иезекииль,33,23,2,יְהֹוָ֖ה,Яхве,Господь
ВЗ,ezekiel,Иезекииль,33,23,4,לֵאמֹֽר\׃,"к, говоря",говоря
ВЗ,ezekiel,Иезекииль,33,24,9,לֵאמֹ֔ר,"к, говоря",говоря
ВЗ,ezekiel,Иезекииль,33,25,6,יְהֹוִ֗ה,Яхве,Господь
ВЗ,ezekiel,Иезекииль,33,27,6,יְהוִה֮,Яхве,Господь
ВЗ,ezekiel,Иезекииль,33,29,3,יְהוָ֑ה,есмь Яхве,есмь Господь
ВЗ,ezekiel,Иезекииль,33,30,18,לֵאמֹ֔ר,"к, говоря",говоря
ВЗ,ezekiel,Иезекииль,33,30,26,יְהוָֽה\׃,Яхве,Господь
ВЗ,ezekiel,Иезекииль,34,1,0,וַיְהִ֥י,"и, оно пришёл","и, было"
ВЗ,ezekiel,Иезекииль,34,1,2,יְהוָ֖ה,Яхве,Господь
ВЗ,ezekiel,Иезекииль,34,1,4,לֵאמֹֽר\׃,"к, говоря",говоря
ВЗ,ezekiel,Иезекииль,34,2,13,יְהוִ֗ה,Яхве,Господь
ВЗ,ezekiel,Иезекииль,34,7,5,יְהוָֽה\׃,Яхве,Господь
ВЗ,ezekiel,Иезекииль,34,8,4,יְהוִ֗ה,Яхве,Господь
ВЗ,ezekiel,Иезекииль,34,9,4,יְהוָֽה\׃,Яхве,Господь
ВЗ,ezekiel,Иезекииль,34,10,3,יְהוִ֗ה,Яхве,Господь
ВЗ,ezekiel,Иезекииль,34,11,4,יְהוִ֑ה,Яхве,Господь
ВЗ,ezekiel,Иезекииль,34,15,7,יְהוִֽה\׃,Яхве,Господь
ВЗ,ezekiel,Иезекииль,34,17,5,יְהוִ֑ה,Яхве,Господь
ВЗ,ezekiel,Иезекииль,34,20,4,יְהוִ֖ה,Яхве,Господь
ВЗ,ezekiel,Иезекииль,34,24,1,יְהוָ֗ה,Яхве,Господь
ВЗ,ezekiel,Иезекииль,34,24,10,יְהוָ֖ה,Яхве,Господь
ВЗ,ezekiel,Иезекииль,34,27,15,יְהוָ֗ה,есмь Яхве,есмь Господь
ВЗ,ezekiel,Иезекииль,34,30,3,יְהוָ֛ה,Яхве,Господь
ВЗ,ezekiel,Иезекииль,34,30,12,יְהוִֽה\׃,Яхве,Господь
ВЗ,ezekiel,Иезекииль,34,31,10,יְהוִֽה\׃\ \פ,Яхве,Господь
ВЗ,ezekiel,Иезекииль,35,1,0,וַיְהִ֥י,"и, оно пришёл","и, было"
ВЗ,ezekiel,Иезекииль,35,1,2,יְהוָ֖ה,Яхве,Господь
ВЗ,ezekiel,Иезекииль,35,1,4,לֵאמֹֽר\׃,"к, говоря",говоря
ВЗ,ezekiel,Иезекииль,35,3,5,יְהוִ֔ה,Яхве,Господь
ВЗ,ezekiel,Иезекииль,35,4,9,יְהוָֽה\׃,есмь Яхве,есмь Господь
ВЗ,ezekiel,Иезекииль,35,6,5,יְהוִ֔ה,Яхве,Господь
ВЗ,ezekiel,Иезекииль,35,9,9,יְהוָֽה\׃,есмь Яхве,есмь Господь
ВЗ,ezekiel,Иезекииль,35,10,11,וַֽיהוָ֖ה,"и, Яхве","и, Господь"
ВЗ,ezekiel,Иезекииль,35,11,5,יְהוִה֒,Яхве,Господь
ВЗ,ezekiel,Иезекииль,35,12,3,יְהוָה֒,Яхве,Господь
ВЗ,ezekiel,Иезекииль,35,12,13,לֵאמֹ֣ר\׀,"к, говоря",говоря
ВЗ,ezekiel,Иезекииль,35,14,3,יְהוִ֑ה,Яхве,Господь
ВЗ,ezekiel,Иезекииль,35,15,20,יְהוָֽה\׃\ \פ,есмь Яхве,есмь Господь
ВЗ,ezekiel,Иезекииль,36,1,12,יְהוָֽה\׃,Яхве,Господь
ВЗ,ezekiel,Иезекииль,36,2,3,יְהוִ֔ה,Яхве,Господь
ВЗ,ezekiel,Иезекииль,36,3,6,יְהוִ֑ה,Яхве,Господь
ВЗ,ezekiel,Иезекииль,36,4,6,יְהוִ֑ה,Яхве,Господь
ВЗ,ezekiel,Иезекииль,36,4,10,יְ֠הוִה,Яхве,Господь
ВЗ,ezekiel,Иезекииль,36,5,4,יְהוִה֒,Яхве,Господь
ВЗ,ezekiel,Иезекииль,36,6,13,יְהוִ֗ה,Яхве,Господь
ВЗ,ezekiel,Иезекииль,36,7,4,יְהוִ֔ה,Яхве,Господь
ВЗ,ezekiel,Иезекииль,36,11,14,יְהוָֽה\׃,есмь Яхве,есмь Господь
ВЗ,ezekiel,Иезекииль,36,13,3,יְהוִ֔ה,Яхве,Господь
ВЗ,ezekiel,Иезекииль,36,14,11,יְהוִֽה\׃,Яхве,Господь
ВЗ,ezekiel,Иезекииль,36,15,17,יְהוִֽה\׃\ \ס,Яхве,Господь
ВЗ,ezekiel,Иезекииль,36,16,0,וַיְהִ֥י,"и, оно пришёл","и, было"
ВЗ,ezekiel,Иезекииль,36,16,2,יְהוָ֖ה,Яхве,Господь
ВЗ,ezekiel,Иезекииль,36,16,4,לֵאמֹֽר\׃,"к, говоря",говоря
ВЗ,ezekiel,Иезекииль,36,20,0,וַיָּב֗וֹא,"и, оно пришёл","и, было"
ВЗ,ezekiel,Иезекииль,36,20,13,יְהוָ֣ה,Яхве,Господь
ВЗ,ezekiel,Иезекииль,36,22,7,יְהוִ֔ה,Яхве,Господь
ВЗ,ezekiel,Иезекииль,36,23,13,יְהוָ֗ה,есмь Яхве,есмь Господь
ВЗ,ezekiel,Иезекииль,36,23,16,יְהוִ֔ה,Яхве,Господь
ВЗ,ezekiel,Иезекииль,36,32,6,יְהוִ֔ה,Яхве,Господь
ВЗ,ezekiel,Иезекииль,36,33,3,יְהוִ֔ה,Яхве,Господь
ВЗ,ezekiel,Иезекииль,36,36,7,יְהוָ֗ה,Яхве,Господь
ВЗ,ezekiel,Иезекииль,36,36,13,יְהוָ֖ה,Яхве,Господь
ВЗ,ezekiel,Иезекииль,36,37,3,יְהוִ֔ה,Яхве,Господь
ВЗ,ezekiel,Иезекииль,36,38,15,יְהוָֽה\׃\ \ס,есмь Яхве,есмь Господь
ВЗ,ezekiel,Иезекииль,37,1,3,יְהוָה֒,Яхве,Господь
ВЗ,ezekiel,Иезекииль,37,1,6,יְהוָ֔ה,Яхве,Господь
ВЗ,ezekiel,Иезекииль,37,3,9,יְהוִ֖ה,Яхве,Господь
ВЗ,ezekiel,Иезекииль,37,4,12,יְהוָֽה\׃,Яхве,Господь
ВЗ,ezekiel,Иезекииль,37,5,3,יְהוִ֔ה,Яхве,Господь
ВЗ,ezekiel,Иезекииль,37,6,16,יְהוָֽה\׃,есмь Яхве,есмь Господь
ВЗ,ezekiel,Иезекииль,37,7,3,וַֽיְהִי\־,"и, оно пришёл","и, было"
ВЗ,ezekiel,Иезекииль,37,8,5,עָלָ֔ה,оно пришёл вверх,было вверх
ВЗ,ezekiel,Иезекииль,37,9,14,יְהוִ֗ה,Яхве,Господь
ВЗ,ezekiel,Иезекииль,37,10,3,וַתָּבוֹא֩,"и, оно пришёл","и, было"
ВЗ,ezekiel,Иезекииль,37,12,7,יְהוִה֒,Яхве,Господь
ВЗ,ezekiel,Иезекииль,37,13,3,יְהוָ֑ה,есмь Яхве,есмь Господь
ВЗ,ezekiel,Иезекииль,37,14,11,יְהוָ֛ה,Яхве,Господь
ВЗ,ezekiel,Иезекииль,37,14,15,יְהוָֽה\׃\ \פ,Яхве,Господь
ВЗ,ezekiel,Иезекииль,37,15,0,וַיְהִ֥י,"и, оно пришёл","и, было"
ВЗ,ezekiel,Иезекииль,37,15,2,יְהוָ֖ה,Яхве,Господь
ВЗ,ezekiel,Иезекииль,37,15,4,לֵאמֹֽר\׃,"к, говоря",говоря
ВЗ,ezekiel,Иезекииль,37,18,5,לֵאמֹ֑ר,"к, говоря",говоря
ВЗ,ezekiel,Иезекииль,37,19,5,יְהוִה֒,Яхве,Господь
ВЗ,ezekiel,Иезекииль,37,21,5,יְהוִה֒,Яхве,Господь
ВЗ,ezekiel,Иезекииль,37,28,4,יְהוָ֔ה,Яхве,Господь
ВЗ,ezekiel,Иезекииль,38,1,0,וַיְהִ֥י,"и, оно пришёл","и, было"
ВЗ,ezekiel,Иезекииль,38,1,2,יְהוָ֖ה,Яхве,Господь
ВЗ,ezekiel,Иезекииль,38,1,4,לֵאמֹֽר\׃,"к, говоря",говоря
ВЗ,ezekiel,Иезекииль,38,3,4,יְהוִ֑ה,Яхве,Господь
ВЗ,ezekiel,Иезекииль,38,10,3,יְהוִ֑ה,Яхве,Господь
ВЗ,ezekiel,Иезекииль,38,14,9,יְהוִ֑ה,Яхве,Господь
ВЗ,ezekiel,Иезекииль,38,17,3,יְהוִ֗ה,Яхве,Господь
ВЗ,ezekiel,Иезекииль,38,18,11,יְהוִ֑ה,Яхве,Господь
ВЗ,ezekiel,Иезекииль,38,21,7,יְהוִ֑ה,Яхве,Господь
ВЗ,ezekiel,Иезекииль,38,23,9,יְהוָֽה\׃\ \ס,есмь Яхве,есмь Господь
ВЗ,ezekiel,Иезекииль,39,1,10,יְהוִ֑ה,Яхве,Господь
ВЗ,ezekiel,Иезекииль,39,5,9,יְהוִֽה\׃,Яхве,Господь
ВЗ,ezekiel,Иезекииль,39,6,9,יְהוָֽה\׃,есмь Яхве,есмь Господь
ВЗ,ezekiel,Иезекииль,39,7,17,יְהוָ֔ה,Яхве,Господь
ВЗ,ezekiel,Иезекииль,39,8,5,יְהוִ֑ה,Яхве,Господь
ВЗ,ezekiel,Иезекииль,39,10,21,יְהוִֽה\׃\ \ס,Яхве,Господь
ВЗ,ezekiel,Иезекииль,39,13,11,יְהוִֽה\׃,Яхве,Господь
ВЗ,ezekiel,Иезекииль,39,17,6,יְהֹוִ֗ה,Яхве,Господь
ВЗ,ezekiel,Иезекииль,39,20,11,יְהוִֽה\׃,Яхве,Господь
ВЗ,ezekiel,Иезекииль,39,22,5,יְהוָ֖ה,есмь Яхве,есмь Господь
ВЗ,ezekiel,Иезекииль,39,25,4,יְהוִ֔ה,Яхве,Господь
ВЗ,ezekiel,Иезекииль,39,28,3,יְהוָה֙,есмь Яхве,есмь Господь
ВЗ,ezekiel,Иезекииль,39,29,14,יְהוִֽה\׃\ \פ,Яхве,Господь
ВЗ,ezekiel,Иезекииль,40,1,21,יְהוָ֔ה,Яхве,Господь
ВЗ,ezekiel,Иезекииль,40,46,16,יְהוָ֖ה,Яхве,Господь
ВЗ,ezekiel,Иезекииль,41,7,0,וְֽרָחֲבָ֡ה,"и, оно был броад",и было броад
ВЗ,ezekiel,Иезекииль,41,22,19,יְהוָֽה\׃,Яхве,Господь
ВЗ,ezekiel,Иезекииль,41,25,0,וַעֲשׂוּיָ֨ה,"и, оно был сделано",и было сделано
ВЗ,ezekiel,Иезекииль,42,13,19,לַֽיהוָ֖ה,"к, Яхве","к, Господь"
ВЗ,ezekiel,Иезекииль,43,2,7,וְקוֹל֗וֹ,"и, звук, его","и, звук нему"
ВЗ,ezekiel,Иезекииль,43,4,1,יְהוָ֖ה,Яхве,Господь
ВЗ,ezekiel,Иезекииль,43,4,2,בָּ֣א,оно пришёл,было
ВЗ,ezekiel,Иезекииль,43,5,9,יְהוָ֖ה,Яхве,Господь
ВЗ,ezekiel,Иезекииль,43,18,7,יְהוִ֔ה,Яхве,Господь
ВЗ,ezekiel,Иезекииль,43,19,12,יְהוִ֖ה,Яхве,Господь
ВЗ,ezekiel,Иезекииль,43,24,2,יְהוָ֑ה,Яхве,Господь
ВЗ,ezekiel,Иезекииль,43,24,10,לַֽיהוָֽה\׃,"к, Яхве","к, Господь"
ВЗ,ezekiel,Иезекииль,43,27,19,יְהֹוִֽה\׃\ \ס,Яхве,Господь
ВЗ,ezekiel,Иезекииль,44,2,2,יְהוָ֗ה,Яхве,Господь
ВЗ,ezekiel,Иезекииль,44,2,14,יְהוָ֥ה,Яхве,Господь
ВЗ,ezekiel,Иезекииль,44,3,9,יְהוָ֑ה,Яхве,Господь
ВЗ,ezekiel,Иезекииль,44,4,11,יְהוָ֖ה,Яхве,Господь
ВЗ,ezekiel,Иезекииль,44,4,14,יְהוָ֑ה,Яхве,Господь
ВЗ,ezekiel,Иезекииль,44,5,2,יְהֹוָ֗ה,Яхве,Господь
ВЗ,ezekiel,Иезекииль,44,5,20,יְהוָ֖ה,Яхве,Господь
ВЗ,ezekiel,Иезекииль,44,6,9,יְהוִ֑ה,Яхве,Господь
ВЗ,ezekiel,Иезекииль,44,9,3,יְהוִה֒,Яхве,Господь
ВЗ,ezekiel,Иезекииль,44,12,18,יְהוִ֔ה,Яхве,Господь
ВЗ,ezekiel,Иезекииль,44,15,25,יְהוִֽה\׃,Яхве,Господь
ВЗ,ezekiel,Иезекииль,44,27,13,יְהוִֽה\׃,Яхве,Господь
ВЗ,ezekiel,Иезекииль,45,1,6,לַיהוָ֥ה\׀,"к, Яхве","к, Господь"
ВЗ,ezekiel,Иезекииль,45,4,11,יְהוָ֑ה,Яхве,Господь
ВЗ,ezekiel,Иезекииль,45,8,2,לּ֥וֹ,"к, его",к нему
ВЗ,ezekiel,Иезекииль,45,9,3,יְהוִ֗ה,Яхве,Господь
ВЗ,ezekiel,Иезекииль,45,9,20,יְהוִֽה\׃,Яхве,Господь
ВЗ,ezekiel,Иезекииль,45,15,15,יְהוִֽה\׃,Яхве,Господь
ВЗ,ezekiel,Иезекииль,45,18,3,יְהוִה֒,Яхве,Господь
ВЗ,ezekiel,Иезекииль,45,23,5,לַֽיהוָ֗ה,"к, Яхве","к, Господь"
ВЗ,ezekiel,Иезекииль,46,1,3,יְהוִה֒,Яхве,Господь
ВЗ,ezekiel,Иезекииль,46,3,9,יְהוָֽה\׃,Яхве,Господь
ВЗ,ezekiel,Иезекииль,46,4,4,לַֽיהוָ֑ה,"к, Яхве","к, Господь"
ВЗ,ezekiel,Иезекииль,46,9,4,יְהוָה֮,Яхве,Господь
ВЗ,ezekiel,Иезекииль,46,12,8,לַֽיהוָה֒,"к, Яхве","к, Господь"
ВЗ,ezekiel,Иезекииль,46,13,7,לַֽיהֹוָ֑ה,"к, Яхве","к, Господь"
ВЗ,ezekiel,Иезекииль,46,14,14,לַֽיהוָ֔ה,"к, Яхве","к, Господь"
ВЗ,ezekiel,Иезекииль,46,16,3,יְהֹוִ֗ה,Яхве,Господь
ВЗ,ezekiel,Иезекииль,46,17,7,לּוֹ֙,"к, его",к нему
ВЗ,ezekiel,Иезекииль,47,12,4,שְׂפָת֣וֹ,"банк, его",банк нему
ВЗ,ezekiel,Иезекииль,47,13,3,יְהוִ֔ה,Яхве,Господь
ВЗ,ezekiel,Иезекииль,47,23,11,יְהוִֽה\׃\ \ס,Яхве,Господь
ВЗ,ezekiel,Иезекииль,48,1,20,ל֧וֹ,"к, его",к нему
ВЗ,ezekiel,Иезекииль,48,9,3,לַֽיהוָ֑ה,"к, Яхве","к, Господь"
ВЗ,ezekiel,Иезекииль,48,10,24,יְהוָ֖ה,Яхве,Господь
ВЗ,ezekiel,Иезекииль,48,14,11,לַיהוָֽה\׃,"к, Яхве","к, Господь"
ВЗ,ezekiel,Иезекииль,48,29,11,יְהוִֽה\׃\ \פ,Яхве,Господь
ВЗ,ezekiel,Иезекииль,48,35,7,יְהוָ֥ה\׀,будет быть Яхве,будет быть Господь
ВЗ,daniel,Даниил,1,4,21,וּֽלֲלַמְּדָ֥ם,"и, к, учить, их","и, понять, их"
ВЗ,daniel,Даниил,2,1,7,וַתִּתְפָּ֣עֶם,"и, оно был трублед",и было трублед
ВЗ,daniel,Даниил,2,3,5,וַתִּפָּ֣עֶם,"и, оно был трублед",и было трублед
ВЗ,daniel,Даниил,2,16,8,לֵ֔הּ,"к, его",к нему
ВЗ,daniel,Даниил,2,20,16,לֵֽהּ\־,"есть к, его",есть к нему
ВЗ,daniel,Даниил,2,24,16,לֵ֗הּ,"к, его",к нему
ВЗ,daniel,Даниил,2,25,9,לֵ֗הּ,"к, его",к нему
ВЗ,daniel,Даниил,2,46,12,לֵֽהּ\׃,"к, его",к нему
ВЗ,daniel,Даниил,2,48,8,לֵ֔הּ,"к, его",к нему
ВЗ,daniel,Даниил,5,17,17,אֲהוֹדְעִנֵּֽהּ\׃,"я будет делать известный к, его",я будет делать известный к нему
ВЗ,daniel,Даниил,5,19,4,לֵ֔הּ,"к, его",к нему
ВЗ,daniel,Даниил,5,23,37,לֵ֖הּ,"есть к, его",есть к нему
ВЗ,daniel,Даниил,7,4,12,וּנְטִ֣ילַת,"и, оно был поднял",и было поднял
ВЗ,daniel,Даниил,7,7,19,וּמַדֱּקָ֔ה,"и, оно был шаттеринг",и было шаттеринг
ВЗ,daniel,Даниил,7,8,7,סִלְקָ֣ת,оно пришёл вверх,было вверх
ВЗ,daniel,Даниил,7,10,9,יְשַׁמְּשׁוּנֵּ֔הּ,"они были министеринг к, его",они были министеринг к нему
ВЗ,daniel,Даниил,7,10,17,פְּתִֽיחוּ\׃,они были открыл,открылись
ВЗ,daniel,Даниил,7,11,16,וְהוּבַ֣ד,"и, оно был уничтожен",и было уничтожен
ВЗ,daniel,Даниил,7,11,18,וִיהִיבַ֖ת,"и, оно был данный",и было данный
ВЗ,daniel,Даниил,7,14,0,וְלֵ֨הּ,"и, к, его","и, к нему"
ВЗ,daniel,Даниил,7,14,9,לֵ֣הּ,"к, его",к нему
ВЗ,daniel,Даниил,7,20,7,סִלְקַ֔ת,оно пришёл вверх,было вверх
ВЗ,daniel,Даниил,7,21,8,וְיָכְלָ֖ה,"и, оно был преваилинг",и было преваилинг
ВЗ,daniel,Даниил,7,27,17,לֵ֥הּ,"к, его",к нему
ВЗ,daniel,Даниил,8,2,2,וַיְהִי֙,"и, оно был",и было
ВЗ,daniel,Даниил,8,6,0,וַיָּבֹ֗א,"и, оно пришёл","и, было"
ВЗ,daniel,Даниил,8,7,4,וַיִּתְמַרְמַ֤ר,"и, оно был енрагед",и было енрагед
ВЗ,daniel,Даниил,8,9,3,יָצָ֥א,оно пришёл вне,было вне
ВЗ,daniel,Даниил,8,11,7,וְהֻשְׁלַ֖ךְ,"и, оно был брошенный вниз",и было брошенный вниз
ВЗ,daniel,Даниил,8,15,0,וַיְהִ֗י,"и, оно был",и было
ВЗ,daniel,Даниил,9,2,10,הָיָ֤ה,оно пришёл,было
ВЗ,daniel,Даниил,9,2,12,יְהוָה֙,Яхве,Господь
ВЗ,daniel,Даниил,9,4,1,לַיהוָ֥ה,"к, Яхве","к, Господь"
ВЗ,daniel,Даниил,9,8,0,יְהוָ֗ה,О Яхве,О Господь
ВЗ,daniel,Даниил,9,10,3,יְהוָ֣ה,Яхве,Господь
ВЗ,daniel,Даниил,9,11,21,לֽוֹ\׃,"к, его",к нему
ВЗ,daniel,Даниил,9,13,14,יְהוָ֣ה,Яхве,Господь
ВЗ,daniel,Даниил,9,14,1,יְהוָה֙,Яхве,Господь
ВЗ,daniel,Даниил,9,14,8,יְהוָ֣ה,Яхве,Господь
ВЗ,daniel,Даниил,9,20,12,יְהוָ֣ה,Яхве,Господь
ВЗ,daniel,Даниил,9,26,7,ל֑וֹ,"будет принадлежать к, его",будет принадлежать к нему
ВЗ,daniel,Даниил,10,1,20,ל֖וֹ,"принадлежал к, его",принадлежал к нему
ВЗ,daniel,Даниил,10,3,7,בָ֥א,оно пришёл,было
ВЗ,daniel,Даниил,11,17,12,ל֣וֹ,"к, его",к нему
ВЗ,daniel,Даниил,11,17,17,ל֥וֹ,"к, его",к нему
ВЗ,daniel,Даниил,11,18,12,לֽוֹ\׃,"к, его",к нему
ВЗ,daniel,Даниил,11,21,6,עָלָ֖יו,"к, его",к нему
ВЗ,daniel,Даниил,11,45,13,לֽוֹ\׃,"будет принадлежать к, его",будет принадлежать к нему
ВЗ,hosea,Осия,1,1,1,יְהוָ֣ה\׀,Яхве,Господь
ВЗ,hosea,Осия,1,1,3,הָיָ֗ה,оно пришёл,было
ВЗ,hosea,Осия,1,1,10,יוֹתָ֛ם,Джофам,Иоафам
ВЗ,hosea,Осия,1,2,2,יְהוָ֖ה,Яхве,Господь
ВЗ,hosea,Осия,1,2,5,יְהוָ֜ה,Яхве,Господь
ВЗ,hosea,Осия,1,2,20,יְהוָֽה\׃,Яхве,Господь
ВЗ,hosea,Осия,1,3,8,ל֖וֹ,"к, его",к нему
ВЗ,hosea,Осия,1,4,1,יְהוָה֙,Яхве,Господь
ВЗ,hosea,Осия,1,4,2,אֵלָ֔יו,"к, его",к нему
ВЗ,hosea,Осия,1,6,5,ל֔וֹ,"к, его",к нему
ВЗ,hosea,Осия,1,7,5,בַּיהוָ֣ה,"через, Яхве","через, Господь"
ВЗ,hosea,Осия,3,1,1,יְהוָ֜ה,Яхве,Господь
ВЗ,hosea,Осия,3,1,11,יְהוָה֙,Яхве,Господь
ВЗ,hosea,Осия,3,5,6,יְהוָ֣ה,Яхве,Господь
ВЗ,hosea,Осия,3,5,13,יְהוָ֛ה,Яхве,Господь
ВЗ,hosea,Осия,4,1,2,יְהוָ֖ה,Яхве,Господь
ВЗ,hosea,Осия,4,1,7,לַֽיהוָה֙,"принадлежит к, Яхве","принадлежит к, Господь"
ВЗ,hosea,Осия,4,9,8,לֽוֹ\׃,"к, его",к нему
ВЗ,hosea,Осия,4,10,8,יְהוָ֥ה,Яхве,Господь
ВЗ,hosea,Осия,4,12,3,וּמַקְל֖וֹ,"и, стикк, его","и, стикк нему"
ВЗ,hosea,Осия,4,12,5,ל֑וֹ,"к, его",к нему
ВЗ,hosea,Осия,4,15,17,יְהוָֽה\׃,Яхве,Господь
ВЗ,hosea,Осия,4,16,7,יְהוָ֔ה,Яхве,Господь
ВЗ,hosea,Осия,4,17,4,לֽוֹ\׃,"к, его",к нему
ВЗ,hosea,Осия,5,4,11,יְהוָ֖ה,Яхве,Господь
ВЗ,hosea,Осия,5,6,5,יְהוָ֖ה,Яхве,Господь
ВЗ,hosea,Осия,5,7,0,בַּיהוָ֣ה,"с, Яхве","с, Господь"
ВЗ,hosea,Осия,6,1,3,יְהוָ֔ה,Яхве,Господь
ВЗ,hosea,Осия,6,3,4,יְהוָ֔ה,Яхве,Господь
ВЗ,hosea,Осия,7,10,7,יְהוָ֣ה,Яхве,Господь
ВЗ,hosea,Осия,8,1,6,יְהוָ֑ה,Яхве,Господь
ВЗ,hosea,Осия,8,11,6,ל֥וֹ,"к, его",к нему
ВЗ,hosea,Осия,8,13,5,יְהוָ֖ה,Яхве,Господь
ВЗ,hosea,Осия,9,3,3,יְהוָ֑ה,Яхве,Господь
ВЗ,hosea,Осия,9,4,2,לַיהוָ֥ה\׀,"к, Яхве","к, Господь"
ВЗ,hosea,Осия,9,4,6,לוֹ֒,"к, его",к нему
ВЗ,hosea,Осия,9,4,20,יְהוָֽה\׃,Яхве,Господь
ВЗ,hosea,Осия,9,5,6,יְהוָֽה\׃,Яхве,Господь
ВЗ,hosea,Осия,9,14,2,יְהוָ֖ה,О Яхве,О Господь
ВЗ,hosea,Осия,9,17,5,ל֑וֹ,"к, его",к нему
ВЗ,hosea,Осия,10,3,10,יְהֹוָ֔ה,Яхве,Господь
ВЗ,hosea,Осия,10,12,12,יְהוָ֔ה,Яхве,Господь
ВЗ,hosea,Осия,11,4,12,אֵלָ֖יו,"к, его",к нему
ВЗ,hosea,Осия,11,10,1,יְהוָ֛ה,Яхве,Господь
ВЗ,hosea,Осия,11,11,10,יְהוָֽה\׃\ \ס,Яхве,Господь
ВЗ,hosea,Осия,13,4,1,יְהוָ֥ה,есмь Яхве,есмь Господь
ВЗ,hosea,Осия,13,6,3,וַיָּ֣רָם,"и, оно был превознесённый",и было превознесённый
ВЗ,hosea,Осия,13,13,3,ל֑וֹ,"к, его",к нему
ВЗ,hosea,Осия,13,15,8,יְהוָ֜ה,Яхве,Господь
ВЗ,hosea,Осия,13,15,12,מְקוֹרוֹ֙,"источник, его",источник нему
ВЗ,hosea,Осия,13,15,14,מַעְיָנ֔וֹ,"источник, его",источник нему
ВЗ,joel,Иоиль,1,1,1,יְהוָה֙,Яхве,Господь
ВЗ,joel,Иоиль,1,1,3,הָיָ֔ה,оно пришёл,было
ВЗ,joel,Иоиль,1,9,4,יְהוָ֑ה,Яхве,Господь
ВЗ,joel,Иоиль,1,9,8,יְהוָֽה\׃,Яхве,Господь
ВЗ,joel,Иоиль,1,14,10,יְהוָ֣ה,Яхве,Господь
ВЗ,joel,Иоиль,1,14,14,יְהוָֽה\׃,Яхве,Господь
ВЗ,joel,Иоиль,1,15,5,יְהוָ֔ה,Яхве,Господь
ВЗ,joel,Иоиль,1,19,1,יְהוָ֖ה,О Яхве,О Господь
ВЗ,joel,Иоиль,2,1,13,יְהוָ֖ה,Яхве,Господь
ВЗ,joel,Иоиль,2,8,5,בִּמְסִלָּת֖וֹ,"на, тракк, его","на, тракк нему"
ВЗ,joel,Иоиль,2,11,0,וַֽיהוָ֗ה,"и, Яхве","и, Господь"
ВЗ,joel,Иоиль,2,11,16,יְהוָ֛ה,Яхве,Господь
ВЗ,joel,Иоиль,2,12,3,יְהוָ֔ה,Яхве,Господь
ВЗ,joel,Иоиль,2,13,6,יְהוָ֣ה,Яхве,Господь
ВЗ,joel,Иоиль,2,14,9,לַיהוָ֖ה,"для, Яхве","для, Господь"
ВЗ,joel,Иоиль,2,17,6,יְהוָ֑ה,Яхве,Господь
ВЗ,joel,Иоиль,2,17,9,יְהוָ֣ה,О Яхве,О Господь
ВЗ,joel,Иоиль,2,18,1,יְהוָ֖ה,Яхве,Господь
ВЗ,joel,Иоиль,2,19,1,יְהוָ֜ה,Яхве,Господь
ВЗ,joel,Иоиль,2,21,7,יְהוָ֖ה,Яхве,Господь
ВЗ,joel,Иоиль,2,23,4,בַּיהוָ֣ה,"в, Яхве","в, Господь"
ВЗ,joel,Иоиль,2,26,6,יְהוָה֙,Яхве,Господь
ВЗ,joel,Иоиль,2,27,6,יְהוָ֥ה,есмь Яхве,есмь Господь
ВЗ,amos,Амос,1,2,1,יְהוָה֙,Яхве,Господь
ВЗ,amos,Амос,1,3,2,יְהוָ֔ה,Яхве,Господь
ВЗ,amos,Амос,1,5,16,יְהוָֽה\׃\ \פ,Яхве,Господь
ВЗ,amos,Амос,1,6,2,יְהוָ֔ה,Яхве,Господь
ВЗ,amos,Амос,1,8,15,יְהוִֽה\׃\ \פ,Яхве,Господь
ВЗ,amos,Амос,1,9,2,יְהוָ֔ה,Яхве,Господь
ВЗ,amos,Амос,1,11,2,יְהוָ֔ה,Яхве,Господь
ВЗ,amos,Амос,1,13,2,יְהוָ֔ה,Яхве,Господь
ВЗ,amos,Амос,1,15,7,יְהוָֽה\׃\ \פ,Яхве,Господь
ВЗ,amos,Амос,2,1,2,יְהוָ֔ה,Яхве,Господь
ВЗ,amos,Амос,2,3,8,יְהוָֽה\׃\ \פ,Яхве,Господь
ВЗ,amos,Амос,2,4,2,יְהוָ֔ה,Яхве,Господь
ВЗ,amos,Амос,2,4,15,יְהוָ֗ה,Яхве,Господь
ВЗ,amos,Амос,2,6,2,יְהוָ֔ה,Яхве,Господь
ВЗ,amos,Амос,2,11,11,יְהוָֽה\׃,Яхве,Господь
ВЗ,amos,Амос,2,12,7,לֵאמֹ֔ר,"к, говоря",говоря
ВЗ,amos,Амос,2,16,8,יְהוָֽה\׃\ \פ,Яхве,Господь
ВЗ,amos,Амос,3,1,6,יְהוָ֛ה,Яхве,Господь
ВЗ,amos,Амос,3,1,17,לֵאמֹֽר\׃,"к, говоря",говоря
ВЗ,amos,Амос,3,6,11,וַיהוָ֖ה,"и, Яхве","и, Господь"
ВЗ,amos,Амос,3,7,4,יְהוִ֖ה,Яхве,Господь
ВЗ,amos,Амос,3,8,6,יְהוִה֙,Яхве,Господь
ВЗ,amos,Амос,3,10,5,יְהוָ֑ה,Яхве,Господь
ВЗ,amos,Амос,3,11,4,יְהוִ֔ה,Яхве,Господь
ВЗ,amos,Амос,3,12,2,יְהוָה֒,Яхве,Господь
ВЗ,amos,Амос,3,13,6,יְהוִ֖ה,Яхве,Господь
ВЗ,amos,Амос,3,15,13,יְהוָֽה\׃\ \ס,Яхве,Господь
ВЗ,amos,Амос,4,2,2,יְהוִה֙,Яхве,Господь
ВЗ,amos,Амос,4,3,7,יְהוָֽה\׃,Яхве,Господь
ВЗ,amos,Амос,4,5,13,יְהוִֽה\׃,Яхве,Господь
ВЗ,amos,Амос,4,6,16,יְהוָֽה\׃,Яхве,Господь
ВЗ,amos,Амос,4,8,15,יְהוָֽה\׃,Яхве,Господь
ВЗ,amos,Амос,4,9,15,יְהוָֽה\׃\ \ס,Яхве,Господь
ВЗ,amos,Амос,4,10,19,יְהוָֽה\׃,Яхве,Господь
ВЗ,amos,Амос,4,11,16,יְהוָֽה\׃\ \ס,Яхве,Господь
ВЗ,amos,Амос,4,13,17,יְהוָ֥ה,есть Яхве,есть Господь
ВЗ,amos,Амос,5,3,4,יְהוִ֔ה,Яхве,Господь
ВЗ,amos,Амос,5,4,3,יְהוָ֖ה,Яхве,Господь
ВЗ,amos,Амос,5,6,2,יְהוָ֖ה,Яхве,Господь
ВЗ,amos,Амос,5,8,16,יְהוָ֥ה,есть Яхве,есть Господь
ВЗ,amos,Амос,5,14,8,יְהוָ֧ה,Яхве,Господь
ВЗ,amos,Амос,5,15,9,יְהוָ֥ה,Яхве,Господь
ВЗ,amos,Амос,5,16,3,יְהוָ֜ה,Яхве,Господь
ВЗ,amos,Амос,5,17,7,יְהוָֽה\׃\ \ס,Яхве,Господь
ВЗ,amos,Амос,5,18,4,יְהוָ֑ה,Яхве,Господь
ВЗ,amos,Амос,5,18,9,יְהוָ֖ה,Яхве,Господь
ВЗ,amos,Амос,5,20,3,יְהוָ֖ה,Яхве,Господь
ВЗ,amos,Амос,5,27,5,יְהוָ֥ה,есть Яхве,есть Господь
ВЗ,amos,Амос,6,8,2,יְהוִ֜ה,Яхве,Господь
ВЗ,amos,Амос,6,8,5,יְהוָה֙,Яхве,Господь
ВЗ,amos,Амос,6,10,21,יְהוָֽה\׃,Яхве,Господь
ВЗ,amos,Амос,6,11,2,יְהוָה֙,Яхве,Господь
ВЗ,amos,Амос,6,14,7,יְהוָ֛ה,Яхве,Господь
ВЗ,amos,Амос,7,1,3,יְהוִ֔ה,Яхве,Господь
ВЗ,amos,Амос,7,2,9,יְהוִה֙,Яхве,Господь
ВЗ,amos,Амос,7,3,1,יְהוָ֖ה,Яхве,Господь
ВЗ,amos,Амос,7,3,7,יְהוָֽה\׃,Яхве,Господь
ВЗ,amos,Амос,7,4,3,יְהוִ֔ה,Яхве,Господь
ВЗ,amos,Амос,7,4,9,יְהוִ֑ה,Яхве,Господь
ВЗ,amos,Амос,7,5,2,יְהוִה֙,Яхве,Господь
ВЗ,amos,Амос,7,6,1,יְהוָ֖ה,Яхве,Господь
ВЗ,amos,Амос,7,6,10,יְהוִֽה\׃\ \ס,Яхве,Господь
ВЗ,amos,Амос,7,8,1,יְהוָ֜ה,Яхве,Господь
ВЗ,amos,Амос,7,10,9,לֵאמֹ֑ר,"к, говоря",говоря
ВЗ,amos,Амос,7,15,1,יְהוָ֔ה,Яхве,Господь
ВЗ,amos,Амос,7,15,6,יְהוָ֔ה,Яхве,Господь
ВЗ,amos,Амос,7,16,3,יְהוָ֑ה,Яхве,Господь
ВЗ,amos,Амос,7,17,3,יְהוָ֗ה,Яхве,Господь
ВЗ,amos,Амос,8,1,3,יְהוִ֑ה,Яхве,Господь
ВЗ,amos,Амос,8,2,9,יְהוָ֜ה,Яхве,Господь
ВЗ,amos,Амос,8,3,7,יְהוִ֑ה,Яхве,Господь
ВЗ,amos,Амос,8,5,0,לֵאמֹ֗ר,"к, говоря",говоря
ВЗ,amos,Амос,8,7,1,יְהוָ֖ה,Яхве,Господь
ВЗ,amos,Амос,8,9,5,יְהוִ֔ה,Яхве,Господь
ВЗ,amos,Амос,8,11,5,יְהוִ֔ה,Яхве,Господь
ВЗ,amos,Амос,8,11,20,יְהוָֽה\׃,Яхве,Господь
ВЗ,amos,Амос,8,12,11,יְהוָ֖ה,Яхве,Господь
ВЗ,amos,Амос,9,5,1,יְהוִ֜ה,Яхве,Господь
ВЗ,amos,Амос,9,6,14,יְהוָ֥ה,есть Яхве,есть Господь
ВЗ,amos,Амос,9,7,8,יְהוָ֑ה,Яхве,Господь
ВЗ,amos,Амос,9,8,3,יְהוִ֗ה,Яхве,Господь
ВЗ,amos,Амос,9,8,20,יְהוָֽה\׃,Яхве,Господь
ВЗ,amos,Амос,9,12,12,יְהוָ֖ה,Яхве,Господь
ВЗ,amos,Амос,9,13,4,יְהוָ֔ה,Яхве,Господь
ВЗ,amos,Амос,9,15,12,יְהוָ֥ה,Яхве,Господь
ВЗ,obadiah,Авдий,1,1,5,יְהוִ֜ה,Яхве,Господь
ВЗ,obadiah,Авдий,1,1,10,יְהוָה֙,Яхве,Господь
ВЗ,obadiah,Авдий,1,4,11,יְהוָֽה\׃,Яхве,Господь
ВЗ,obadiah,Авдий,1,8,4,יְהוָ֑ה,Яхве,Господь
ВЗ,obadiah,Авдий,1,15,3,יְהוָ֖ה,Яхве,Господь
ВЗ,obadiah,Авдий,1,18,19,יְהוָ֖ה,Яхве,Господь
ВЗ,obadiah,Авдий,1,21,9,לַֽיהוָ֖ה,"к, Яхве","к, Господь"
ВЗ,jonah,Иона,1,1,0,וַֽיְהִי֙,"и, оно пришёл","и, было"
ВЗ,jonah,Иона,1,1,2,יְהוָ֔ה,Яхве,Господь
ВЗ,jonah,Иона,1,1,7,לֵאמֹֽר\׃,"к, говоря",говоря
ВЗ,jonah,Иона,1,3,5,יְהוָ֑ה,Яхве,Господь
ВЗ,jonah,Иона,1,3,20,יְהוָֽה\׃,Яхве,Господь
ВЗ,jonah,Иона,1,4,0,וַֽיהוָ֗ה,"и, Яхве","и, Господь"
ВЗ,jonah,Иона,1,4,6,וַיְהִ֥י,"и, оно был",и было
ВЗ,jonah,Иона,1,6,1,אֵלָיו֙,"к, его",к нему
ВЗ,jonah,Иона,1,6,5,ל֖וֹ,"к, его",к нему
ВЗ,jonah,Иона,1,8,1,אֵלָ֔יו,"к, его",к нему
ВЗ,jonah,Иона,1,9,5,יְהוָ֞ה,Яхве,Господь
ВЗ,jonah,Иона,1,10,5,אֵלָ֖יו,"к, его",к нему
ВЗ,jonah,Иона,1,10,14,יְהוָה֙,Яхве,Господь
ВЗ,jonah,Иона,1,11,1,אֵלָיו֙,"к, его",к нему
ВЗ,jonah,Иона,1,14,2,יְהוָ֜ה,Яхве,Господь
ВЗ,jonah,Иона,1,14,5,יְהוָה֙,О Яхве,О Господь
ВЗ,jonah,Иона,1,14,19,יְהוָ֔ה,О Яхве,О Господь
ВЗ,jonah,Иона,1,16,5,יְהוָ֑ה,Яхве,Господь
ВЗ,jonah,Иона,1,16,8,לַֽיהוָ֔ה,"к, Яхве","к, Господь"
ВЗ,jonah,Иона,3,1,0,וַיְהִ֧י,"и, оно пришёл","и, было"
ВЗ,jonah,Иона,3,1,2,יְהוָ֛ה,Яхве,Господь
ВЗ,jonah,Иона,3,1,6,לֵאמֹֽר\׃,"к, говоря",говоря
ВЗ,jonah,Иона,3,3,6,יְהוָ֑ה,Яхве,Господь
ВЗ,jonah,Иона,3,6,8,אַדַּרְתּ֖וֹ,"клоак, его",клоак нему
ВЗ,jonah,Иона,3,7,6,לֵאמֹ֑ר,"к, говоря",говоря
ВЗ,jonah,Иона,4,1,0,וַיֵּ֥רַע,"и, оно был дисплеасинг",и было дисплеасинг
ВЗ,jonah,Иона,4,1,6,לֽוֹ\׃,"к, его",к нему
ВЗ,jonah,Иона,4,2,2,יְהוָ֜ה,Яхве,Господь
ВЗ,jonah,Иона,4,2,5,יְהוָה֙,О Яхве,О Господь
ВЗ,jonah,Иона,4,3,1,יְהוָ֔ה,О Яхве,О Господь
ВЗ,jonah,Иона,4,4,1,יְהוָ֔ה,Яхве,Господь
ВЗ,jonah,Иона,4,6,1,יְהוָֽה\־,Яхве,Господь
ВЗ,jonah,Иона,4,6,12,ל֖וֹ,"к, его",к нему
ВЗ,jonah,Иона,4,8,0,וַיְהִ֣י\׀,"и, оно был",и было
ВЗ,jonah,Иона,4,10,1,יְהוָ֔ה,Яхве,Господь
ВЗ,micah,Михей,1,1,1,יְהוָ֣ה\׀,Яхве,Господь
ВЗ,micah,Михей,1,1,3,הָיָ֗ה,оно пришёл,было
ВЗ,micah,Михей,1,1,6,הַמֹּ֣רַשְׁתִּ֔י,Морасфите,Морасфитянин
ВЗ,micah,Михей,1,1,8,יוֹתָ֛ם,Джофам,Иоафам
ВЗ,micah,Михей,1,2,8,יְהוִ֤ה,Яхве,Господь
ВЗ,micah,Михей,1,3,2,יְהוָ֖ה,Яхве,Господь
ВЗ,micah,Михей,1,12,9,יְהוָ֔ה,Яхве,Господь
ВЗ,micah,Михей,2,3,3,יְהוָ֔ה,Яхве,Господь
ВЗ,micah,Михей,2,5,8,יְהוָֽה\׃,Яхве,Господь
ВЗ,micah,Михей,2,7,5,יְהוָ֔ה,Яхве,Господь
ВЗ,micah,Михей,2,13,11,וַיהוָ֖ה,"и, Яхве","и, Господь"
ВЗ,micah,Михей,3,4,3,יְהוָ֔ה,Яхве,Господь
ВЗ,micah,Михей,3,5,2,יְהוָ֔ה,Яхве,Господь
ВЗ,micah,Михей,3,8,6,יְהוָ֔ה,Яхве,Господь
ВЗ,micah,Михей,3,11,10,יְהוָה֙,Яхве,Господь
ВЗ,micah,Михей,3,11,12,לֵאמֹ֔ר,"к, говоря",говоря
ВЗ,micah,Михей,3,11,14,יְהוָה֙,есть Яхве,есть Господь
ВЗ,micah,Михей,4,1,6,יְהוָ֤ה,Яхве,Господь
ВЗ,micah,Михей,4,2,8,יְהוָ֗ה,Яхве,Господь
ВЗ,micah,Михей,4,2,22,יְהוָ֖ה,Яхве,Господь
ВЗ,micah,Михей,4,4,10,יְהוָ֥ה,Яхве,Господь
ВЗ,micah,Михей,4,5,10,יְהוָ֥ה,Яхве,Господь
ВЗ,micah,Михей,4,6,3,יְהוָ֗ה,Яхве,Господь
ВЗ,micah,Михей,4,7,8,יְהוָ֤ה,Яхве,Господь
ВЗ,micah,Михей,4,10,18,יְהוָ֔ה,Яхве,Господь
ВЗ,micah,Михей,4,12,4,יְהוָ֔ה,Яхве,Господь
ВЗ,micah,Михей,4,13,15,לַֽיהוָה֙,"к, Яхве","к, Господь"
ВЗ,micah,Михей,6,1,4,יְהוָ֖ה,Яхве,Господь
ВЗ,micah,Михей,6,2,4,יְהוָ֔ה,Яхве,Господь
ВЗ,micah,Михей,6,2,10,לַֽיהוָה֙,"принадлежит к, Яхве","принадлежит к, Господь"
ВЗ,micah,Михей,6,5,21,יְהוָֽה\׃,Яхве,Господь
ВЗ,micah,Михей,6,6,2,יְהוָ֔ה,Яхве,Господь
ВЗ,micah,Михей,6,7,1,יְהוָה֙,Яхве,Господь
ВЗ,micah,Михей,6,8,6,יְהוָ֞ה,есть Яхве,есть Господь
ВЗ,micah,Михей,6,9,1,יְהוָה֙,Яхве,Господь
ВЗ,micah,Михей,7,7,1,בַּיהוָ֣ה,"для, Яхве","для, Господь"
ВЗ,micah,Михей,7,8,10,יְהוָ֖ה,Яхве,Господь
ВЗ,micah,Михей,7,9,1,יְהוָה֙,Яхве,Господь
ВЗ,micah,Михей,7,9,5,ל֑וֹ,"к, его",к нему
ВЗ,micah,Михей,7,10,7,יְהוָ֣ה,Яхве,Господь
ВЗ,micah,Михей,7,17,8,יְהוָ֤ה,Яхве,Господь
ВЗ,nahum,Наум,1,2,3,יְהוָ֔ה,Яхве,Господь
ВЗ,nahum,Наум,1,2,5,יְהוָ֖ה,Яхве,Господь
ВЗ,nahum,Наум,1,2,9,יְהוָה֙,Яхве,Господь
ВЗ,nahum,Наум,1,3,0,יְהֹוָ֗ה,Яхве,Господь
ВЗ,nahum,Наум,1,3,8,יְהוָ֗ה,Яхве,Господь
ВЗ,nahum,Наум,1,7,1,יְהוָ֔ה,Яхве,Господь
ВЗ,nahum,Наум,1,9,3,יְהוָ֔ה,Яхве,Господь
ВЗ,nahum,Наум,1,11,4,יְהוָ֖ה,Яхве,Господь
ВЗ,nahum,Наум,1,12,2,יְהוָ֗ה,Яхве,Господь
ВЗ,nahum,Наум,1,14,2,יְהוָ֔ה,Яхве,Господь
ВЗ,nahum,Наум,3,5,3,יְהוָ֣ה,Яхве,Господь
ВЗ,habakkuk,Аввакум,1,2,2,יְהוָ֛ה,О Яхве,О Господь
ВЗ,habakkuk,Аввакум,1,12,3,יְהוָ֧ה,О Яхве,О Господь
ВЗ,habakkuk,Аввакум,1,12,8,יְהוָה֙,О Яхве,О Господь
ВЗ,habakkuk,Аввакум,2,2,1,יְהוָה֙,Яхве,Господь
ВЗ,habakkuk,Аввакум,2,6,8,ל֑וֹ,"к, его",к нему
ВЗ,habakkuk,Аввакум,2,6,13,ל֔וֹ,"принадлежит к, его",принадлежит к нему
ВЗ,habakkuk,Аввакум,2,13,3,יְהוָ֣ה,Яхве,Господь
ВЗ,habakkuk,Аввакум,2,14,6,יְהוָ֑ה,Яхве,Господь
ВЗ,habakkuk,Аввакум,2,16,11,יְהוָ֔ה,Яхве,Господь
ВЗ,habakkuk,Аввакум,2,20,0,וַֽיהוָ֖ה,"и, Яхве","и, Господь"
ВЗ,habakkuk,Аввакум,3,2,0,יְהוָ֗ה,О Яхве,О Господь
ВЗ,habakkuk,Аввакум,3,2,4,יְהוָ֗ה,О Яхве,О Господь
ВЗ,habakkuk,Аввакум,3,4,5,ל֑וֹ,"принадлежать к, его",принадлежать к нему
ВЗ,habakkuk,Аввакум,3,6,14,לֽוֹ\׃,"принадлежать к, его",принадлежать к нему
ВЗ,habakkuk,Аввакум,3,8,2,יְהוָ֔ה,О Яхве,О Господь
ВЗ,habakkuk,Аввакум,3,16,6,יָב֥וֹא,оно пришёл,было
ВЗ,habakkuk,Аввакум,3,18,1,בַּיהוָ֣ה,"в, Яхве","в, Господь"
ВЗ,habakkuk,Аввакум,3,19,0,יְהוִ֤הּ,Яхве,Господь
ВЗ,zephaniah,Софония,1,1,1,יְהוָ֣ה\׀,Яхве,Господь
ВЗ,zephaniah,Софония,1,1,3,הָיָ֗ה,оно пришёл,было
ВЗ,zephaniah,Софония,1,2,7,יְהוָֽה\׃,Яхве,Господь
ВЗ,zephaniah,Софония,1,3,18,יְהוָֽה\׃,Яхве,Господь
ВЗ,zephaniah,Софония,1,5,9,לַֽיהוָ֔ה,"к, Яхве","к, Господь"
ВЗ,zephaniah,Софония,1,6,3,יְהוָ֑ה,Яхве,Господь
ВЗ,zephaniah,Софония,1,6,8,יְהוָ֖ה,Яхве,Господь
ВЗ,zephaniah,Софония,1,7,3,יְהוִ֑ה,Яхве,Господь
ВЗ,zephaniah,Софония,1,7,7,יְהוָ֔ה,Яхве,Господь
ВЗ,zephaniah,Софония,1,7,10,יְהוָ֛ה,Яхве,Господь
ВЗ,zephaniah,Софония,1,8,3,יְהוָ֔ה,Яхве,Господь
ВЗ,zephaniah,Софония,1,10,4,יְהוָ֗ה,Яхве,Господь
ВЗ,zephaniah,Софония,1,12,17,יְהוָ֖ה,Яхве,Господь
ВЗ,zephaniah,Софония,1,14,2,יְהוָה֙,Яхве,Господь
ВЗ,zephaniah,Софония,1,14,9,יְהוָ֔ה,Яхве,Господь
ВЗ,zephaniah,Софония,1,17,5,לַֽיהוָ֖ה,"к, Яхве","к, Господь"
ВЗ,zephaniah,Софония,1,18,9,יְהוָ֔ה,Яхве,Господь
ВЗ,zephaniah,Софония,2,2,12,יְהוָ֔ה,Яхве,Господь
ВЗ,zephaniah,Софония,2,2,19,יְהוָֽה\׃,Яхве,Господь
ВЗ,zephaniah,Софония,2,3,2,יְהוָה֙,Яхве,Господь
ВЗ,zephaniah,Софония,2,3,17,יְהוָֽה\׃,Яхве,Господь
ВЗ,zephaniah,Софония,2,5,7,יְהוָ֣ה,Яхве,Господь
ВЗ,zephaniah,Софония,2,7,13,יְהוָ֥ה,Яхве,Господь
ВЗ,zephaniah,Софония,2,9,4,יְהוָ֨ה,Яхве,Господь
ВЗ,zephaniah,Софония,2,10,9,יְהוָ֥ה,Яхве,Господь
ВЗ,zephaniah,Софония,2,11,1,יְהוָה֙,Яхве,Господь
ВЗ,zephaniah,Софония,2,11,10,לוֹ֙,"к, его",к нему
ВЗ,zephaniah,Софония,3,2,6,בַּֽיהוָה֙,"в, Яхве","в, Господь"
ВЗ,zephaniah,Софония,3,5,0,יְהוָ֤ה,Яхве,Господь
ВЗ,zephaniah,Софония,3,8,4,יְהוָ֔ה,Яхве,Господь
ВЗ,zephaniah,Софония,3,9,10,יְהוָ֔ה,Яхве,Господь
ВЗ,zephaniah,Софония,3,12,7,יְהוָֽה\׃,Яхве,Господь
ВЗ,zephaniah,Софония,3,15,1,יְהוָה֙,Яхве,Господь
ВЗ,zephaniah,Софония,3,15,7,יְהוָה֙,Яхве,Господь
ВЗ,zephaniah,Софония,3,17,0,יְהוָ֧ה,Яхве,Господь
ВЗ,zephaniah,Софония,3,20,20,יְהוָֽה\׃,Яхве,Господь
ВЗ,haggai,Аггей,1,1,9,הָיָ֨ה,оно пришёл,было
ВЗ,haggai,Аггей,1,1,11,יְהוָ֜ה,Яхве,Господь
ВЗ,haggai,Аггей,1,1,27,לֵאמֹֽר\׃,"к, говоря",говоря
ВЗ,haggai,Аггей,1,2,2,יְהוָ֥ה,Яхве,Господь
ВЗ,haggai,Аггей,1,2,4,לֵאמֹ֑ר,"к, говоря",говоря
ВЗ,haggai,Аггей,1,2,13,יְהוָ֖ה,Яхве,Господь
ВЗ,haggai,Аггей,1,3,0,וַֽיְהִי֙,"и, оно пришёл","и, было"
ВЗ,haggai,Аггей,1,3,2,יְהוָ֔ה,Яхве,Господь
ВЗ,haggai,Аггей,1,3,6,לֵאמֹֽר\׃,"к, говоря",говоря
ВЗ,haggai,Аггей,1,5,3,יְהוָ֣ה,Яхве,Господь
ВЗ,haggai,Аггей,1,6,13,ל֑וֹ,"к, его",к нему
ВЗ,haggai,Аггей,1,7,2,יְהוָ֣ה,Яхве,Господь
ВЗ,haggai,Аггей,1,8,10,יְהוָֽה\׃,Яхве,Господь
ВЗ,haggai,Аггей,1,9,12,יְהוָ֣ה,Яхве,Господь
ВЗ,haggai,Аггей,1,12,13,יְהוָ֣ה,Яхве,Господь
ВЗ,haggai,Аггей,1,12,21,יְהוָ֣ה,Яхве,Господь
ВЗ,haggai,Аггей,1,12,26,יְהוָֽה\׃,Яхве,Господь
ВЗ,haggai,Аггей,1,13,3,יְהוָ֛ה,Яхве,Господь
ВЗ,haggai,Аггей,1,13,4,בְּמַלְאֲכ֥וּת,"через, мессаге","через, возвещение"
ВЗ,haggai,Аггей,1,13,5,יְהוָ֖ה,Яхве,Господь
ВЗ,haggai,Аггей,1,13,7,לֵאמֹ֑ר,"к, говоря",говоря
ВЗ,haggai,Аггей,1,13,11,יְהוָֽה\׃,Яхве,Господь
ВЗ,haggai,Аггей,1,14,1,יְהוָ֡ה,Яхве,Господь
ВЗ,haggai,Аггей,1,14,25,יְהוָ֥ה,Яхве,Господь
ВЗ,haggai,Аггей,2,1,4,הָיָה֙,оно пришёл,было
ВЗ,haggai,Аггей,2,1,6,יְהוָ֔ה,Яхве,Господь
ВЗ,haggai,Аггей,2,1,10,לֵאמֹֽר\׃,"к, говоря",говоря
ВЗ,haggai,Аггей,2,2,17,לֵאמֹֽר\׃,"к, говоря",говоря
ВЗ,haggai,Аггей,2,4,4,יְהוָ֡ה,Яхве,Господь
ВЗ,haggai,Аггей,2,4,16,יְהוָ֖ה,Яхве,Господь
ВЗ,haggai,Аггей,2,4,22,יְהוָ֥ה,Яхве,Господь
ВЗ,haggai,Аггей,2,6,3,יְהוָ֣ה,Яхве,Господь
ВЗ,haggai,Аггей,2,7,14,יְהוָ֥ה,Яхве,Господь
ВЗ,haggai,Аггей,2,8,5,יְהוָ֥ה,Яхве,Господь
ВЗ,haggai,Аггей,2,9,9,יְהוָ֣ה,Яхве,Господь
ВЗ,haggai,Аггей,2,9,16,יְהוָ֥ה,Яхве,Господь
ВЗ,haggai,Аггей,2,10,6,הָיָה֙,оно пришёл,было
ВЗ,haggai,Аггей,2,10,8,יְהוָ֔ה,Яхве,Господь
ВЗ,haggai,Аггей,2,10,12,לֵאמֹֽר\׃,"к, говоря",говоря
ВЗ,haggai,Аггей,2,11,2,יְהוָ֣ה,Яхве,Господь
ВЗ,haggai,Аггей,2,11,9,לֵאמֹֽר\׃,"к, говоря",говоря
ВЗ,haggai,Аггей,2,14,11,יְהוָ֔ה,Яхве,Господь
ВЗ,haggai,Аггей,2,15,14,יְהוָֽה\׃,Яхве,Господь
ВЗ,haggai,Аггей,2,16,5,וְהָיְתָ֖ה,"и, оно был",и было
ВЗ,haggai,Аггей,2,16,13,וְהָיְתָ֖ה,"и, оно был",и было
ВЗ,haggai,Аггей,2,17,13,יְהוָֽה\׃,Яхве,Господь
ВЗ,haggai,Аггей,2,18,16,יְהוָ֖ה,Яхве,Господь
ВЗ,haggai,Аггей,2,20,0,וַיְהִ֨י,"и, оно пришёл","и, было"
ВЗ,haggai,Аггей,2,20,2,יְהוָ֤ה\׀,Яхве,Господь
ВЗ,haggai,Аггей,2,20,9,לֵאמֹֽר\׃,"к, говоря",говоря
ВЗ,haggai,Аггей,2,21,5,לֵאמֹ֑ר,"к, говоря",говоря
ВЗ,haggai,Аггей,2,23,3,יְהוָ֣ה,Яхве,Господь
ВЗ,haggai,Аггей,2,23,11,יְהוָ֔ה,Яхве,Господь
ВЗ,haggai,Аггей,2,23,18,יְהוָ֥ה,Яхве,Господь
ВЗ,zechariah,Захария,1,1,5,הָיָ֣ה,оно пришёл,было
ВЗ,zechariah,Захария,1,1,7,יְהוָ֗ה,Яхве,Господь
ВЗ,zechariah,Захария,1,1,15,לֵאמֹֽר\׃,"к, говоря",говоря
ВЗ,zechariah,Захария,1,2,1,יְהוָ֛ה,Яхве,Господь
ВЗ,zechariah,Захария,1,3,4,יְהוָ֣ה,Яхве,Господь
ВЗ,zechariah,Захария,1,3,9,יְהוָ֣ה,Яхве,Господь
ВЗ,zechariah,Захария,1,3,14,יְהוָ֥ה,Яхве,Господь
ВЗ,zechariah,Захария,1,4,8,לֵאמֹ֗ר,"к, говоря",говоря
ВЗ,zechariah,Захария,1,4,11,יְהוָ֣ה,Яхве,Господь
ВЗ,zechariah,Захария,1,4,25,יְהוָֽה\׃,Яхве,Господь
ВЗ,zechariah,Захария,1,6,15,יְהוָ֤ה,Яхве,Господь
ВЗ,zechariah,Захария,1,7,12,הָיָ֣ה,оно пришёл,было
ВЗ,zechariah,Захария,1,7,14,יְהוָ֗ה,Яхве,Господь
ВЗ,zechariah,Захария,1,7,22,לֵאמֹֽר\׃,"к, говоря",говоря
ВЗ,zechariah,Захария,1,10,9,יְהוָ֔ה,Яхве,Господь
ВЗ,zechariah,Захария,1,11,3,יְהוָ֗ה,Яхве,Господь
ВЗ,zechariah,Захария,1,12,2,יְהוָה֮,Яхве,Господь
ВЗ,zechariah,Захария,1,12,4,יְהוָ֣ה,О Яхве,О Господь
ВЗ,zechariah,Захария,1,13,1,יְהוָ֗ה,Яхве,Господь
ВЗ,zechariah,Захария,1,14,6,לֵאמֹ֔ר,"к, говоря",говоря
ВЗ,zechariah,Захария,1,14,9,יְהוָ֣ה,Яхве,Господь
ВЗ,zechariah,Захария,1,16,3,יְהוָ֗ה,Яхве,Господь
ВЗ,zechariah,Захария,1,16,11,יְהוָ֣ה,Яхве,Господь
ВЗ,zechariah,Захария,1,17,2,לֵאמֹ֗ר,"к, говоря",говоря
ВЗ,zechariah,Захария,1,17,5,יְהוָ֣ה,Яхве,Господь
ВЗ,zechariah,Захария,1,17,12,יְהוָ֥ה,Яхве,Господь
ВЗ,zechariah,Захария,3,1,8,יְהוָ֑ה,Яхве,Господь
ВЗ,zechariah,Захария,3,2,1,יְהוָ֜ה,Яхве,Господь
ВЗ,zechariah,Захария,3,2,5,יְהוָ֤ה,Яхве,Господь
ВЗ,zechariah,Захария,3,2,9,יְהוָה֙,Яхве,Господь
ВЗ,zechariah,Захария,3,4,5,לֵאמֹ֔ר,"к, говоря",говоря
ВЗ,zechariah,Захария,3,4,11,אֵלָ֗יו,"к, его",к нему
ВЗ,zechariah,Захария,3,5,14,יְהוָ֖ה,Яхве,Господь
ВЗ,zechariah,Захария,3,6,2,יְהוָ֔ה,Яхве,Господь
ВЗ,zechariah,Захария,3,6,4,לֵאמֹֽר\׃,"к, говоря",говоря
ВЗ,zechariah,Захария,3,7,2,יְהוָ֣ה,Яхве,Господь
ВЗ,zechariah,Захария,3,9,16,יְהוָ֣ה,Яхве,Господь
ВЗ,zechariah,Захария,3,10,3,יְהוָ֣ה,Яхве,Господь
ВЗ,zechariah,Захария,4,4,6,לֵאמֹ֑ר,"к, говоря",говоря
ВЗ,zechariah,Захария,4,6,3,לֵאמֹ֔ר,"к, говоря",говоря
ВЗ,zechariah,Захария,4,6,6,יְהוָ֔ה,Яхве,Господь
ВЗ,zechariah,Захария,4,6,9,לֵאמֹ֑ר,"к, говоря",говоря
ВЗ,zechariah,Захария,4,6,18,יְהוָ֥ה,Яхве,Господь
ВЗ,zechariah,Захария,4,8,0,וַיְהִ֥י,"и, оно пришёл","и, было"
ВЗ,zechariah,Захария,4,8,2,יְהוָ֖ה,Яхве,Господь
ВЗ,zechariah,Захария,4,8,4,לֵאמֹֽר\׃,"к, говоря",говоря
ВЗ,zechariah,Захария,4,9,9,יְהוָ֥ה,Яхве,Господь
ВЗ,zechariah,Захария,4,10,15,יְהוָ֔ה,Яхве,Господь
ВЗ,zechariah,Захария,4,11,2,אֵלָ֑יו,"к, его",к нему
ВЗ,zechariah,Захария,4,12,3,אֵלָ֑יו,"к, его",к нему
ВЗ,zechariah,Захария,4,13,2,לֵאמֹ֔ר,"к, говоря",говоря
ВЗ,zechariah,Захария,5,4,2,יְהוָ֣ה,Яхве,Господь
ВЗ,zechariah,Захария,6,8,4,לֵאמֹ֑ר,"к, говоря",говоря
ВЗ,zechariah,Захария,6,9,0,וַיְהִ֥י,"и, оно пришёл","и, было"
ВЗ,zechariah,Захария,6,9,2,יְהוָ֖ה,Яхве,Господь
ВЗ,zechariah,Захария,6,9,4,לֵאמֹֽר\׃,"к, говоря",говоря
ВЗ,zechariah,Захария,6,12,1,אֵלָיו֙,"к, его",к нему
ВЗ,zechariah,Захария,6,12,2,לֵאמֹ֔ר,"к, говоря",говоря
ВЗ,zechariah,Захария,6,12,5,יְהוָ֥ה,Яхве,Господь
ВЗ,zechariah,Захария,6,12,7,לֵאמֹ֑ר,"к, говоря",говоря
ВЗ,zechariah,Захария,6,12,17,יְהוָֽהּ\׃,Яхве,Господь
ВЗ,zechariah,Захария,6,13,4,יְהוָה֙,Яхве,Господь
ВЗ,zechariah,Захария,6,14,10,יְהוָֽה\׃,Яхве,Господь
ВЗ,zechariah,Захария,6,15,4,יְהוָ֔ה,Яхве,Господь
ВЗ,zechariah,Захария,6,15,7,יְהוָ֥ה,Яхве,Господь
ВЗ,zechariah,Захария,6,15,16,יְהוָ֥ה,Яхве,Господь
ВЗ,zechariah,Захария,7,1,0,וַֽיְהִי֙,"и, оно был",и было
ВЗ,zechariah,Захария,7,1,5,הָיָ֨ה,оно пришёл,было
ВЗ,zechariah,Захария,7,1,7,יְהוָ֜ה,Яхве,Господь
ВЗ,zechariah,Захария,7,2,11,יְהוָֽה\׃,Яхве,Господь
ВЗ,zechariah,Захария,7,3,5,יְהוָ֣ה,Яхве,Господь
ВЗ,zechariah,Захария,7,3,9,לֵאמֹ֑ר,"к, говоря",говоря
ВЗ,zechariah,Захария,7,4,0,וַיְהִ֛י,"и, оно пришёл","и, было"
ВЗ,zechariah,Захария,7,4,2,יְהוָ֥ה,Яхве,Господь
ВЗ,zechariah,Захария,7,4,5,לֵאמֹֽר\׃,"к, говоря",говоря
ВЗ,zechariah,Захария,7,5,7,לֵאמֹ֑ר,"к, говоря",говоря
ВЗ,zechariah,Захария,7,7,5,יְהוָה֙,Яхве,Господь
ВЗ,zechariah,Захария,7,8,0,וַֽיְהִי֙,"и, оно пришёл","и, было"
ВЗ,zechariah,Захария,7,8,2,יְהוָ֔ה,Яхве,Господь
ВЗ,zechariah,Захария,7,8,5,לֵאמֹֽר\׃,"к, говоря",говоря
ВЗ,zechariah,Захария,7,9,2,יְהוָ֥ה,Яхве,Господь
ВЗ,zechariah,Захария,7,9,4,לֵאמֹ֑ר,"к, говоря",говоря
ВЗ,zechariah,Захария,7,12,10,יְהוָ֤ה,Яхве,Господь
ВЗ,zechariah,Захария,7,12,16,וַֽיְהִי֙,"и, оно был",и было
ВЗ,zechariah,Захария,7,12,20,יְהוָ֥ה,Яхве,Господь
ВЗ,zechariah,Захария,7,13,0,וַיְהִ֥י,"и, оно был",и было
ВЗ,zechariah,Захария,7,13,10,יְהוָ֥ה,Яхве,Господь
ВЗ,zechariah,Захария,8,1,0,וַיְהִ֛י,"и, оно пришёл","и, было"
ВЗ,zechariah,Захария,8,1,2,יְהוָ֥ה,Яхве,Господь
ВЗ,zechariah,Захария,8,1,4,לֵאמֹֽר\׃,"к, говоря",говоря
ВЗ,zechariah,Захария,8,2,2,יְהוָ֣ה,Яхве,Господь
ВЗ,zechariah,Захария,8,3,2,יְהוָ֔ה,Яхве,Господь
ВЗ,zechariah,Захария,8,3,14,יְהוָ֥ה,Яхве,Господь
ВЗ,zechariah,Захария,8,4,2,יְהוָ֣ה,Яхве,Господь
ВЗ,zechariah,Захария,8,6,2,יְהוָ֣ה,Яхве,Господь
ВЗ,zechariah,Захария,8,6,16,יְהוָ֥ה,Яхве,Господь
ВЗ,zechariah,Захария,8,7,2,יְהוָ֣ה,Яхве,Господь
ВЗ,zechariah,Захария,8,9,2,יְהוָ֣ה,Яхве,Господь
ВЗ,zechariah,Захария,8,9,18,יְהוָ֧ה,Яхве,Господь
ВЗ,zechariah,Захария,8,11,9,יְהוָ֥ה,Яхве,Господь
ВЗ,zechariah,Захария,8,14,3,יְהוָ֣ה,Яхве,Господь
ВЗ,zechariah,Захария,8,14,13,יְהוָ֣ה,Яхве,Господь
ВЗ,zechariah,Захария,8,17,18,יְהוָֽה\׃\ \ס,Яхве,Господь
ВЗ,zechariah,Захария,8,18,0,וַיְהִ֛י,"и, оно пришёл","и, было"
ВЗ,zechariah,Захария,8,18,2,יְהוָ֥ה,Яхве,Господь
ВЗ,zechariah,Захария,8,18,5,לֵאמֹֽר\׃,"к, говоря",говоря
ВЗ,zechariah,Захария,8,19,2,יְהוָ֣ה,Яхве,Господь
ВЗ,zechariah,Захария,8,20,2,יְהוָ֣ה,Яхве,Господь
ВЗ,zechariah,Захария,8,21,5,לֵאמֹ֗ר,"к, говоря",говоря
ВЗ,zechariah,Захария,8,21,11,יְהוָ֔ה,Яхве,Господь
ВЗ,zechariah,Захария,8,21,14,יְהוָ֣ה,Яхве,Господь
ВЗ,zechariah,Захария,8,22,7,יְהוָ֥ה,Яхве,Господь
ВЗ,zechariah,Захария,8,22,13,יְהוָֽה\׃\ \ס,Яхве,Господь
ВЗ,zechariah,Захария,8,23,2,יְהוָ֣ה,Яхве,Господь
ВЗ,zechariah,Захария,8,23,17,לֵאמֹ֗ר,"к, говоря",говоря
ВЗ,zechariah,Захария,9,1,2,יְהוָה֙,Яхве,Господь
ВЗ,zechariah,Захария,9,1,8,לַֽיהוָה֙,"есть к, Яхве","есть к, Господь"
ВЗ,zechariah,Захария,9,14,0,וַֽיהוָה֙,"и, Яхве","и, Господь"
ВЗ,zechariah,Захария,9,14,7,יְהֹוִה֙,Яхве,Господь
ВЗ,zechariah,Захария,9,15,0,יְהוָ֣ה,Яхве,Господь
ВЗ,zechariah,Захария,9,16,1,יְהוָ֧ה,Яхве,Господь
ВЗ,zechariah,Захария,10,1,1,מֵיְהוָ֤ה,"от, Яхве","от, Господь"
ВЗ,zechariah,Захария,10,1,5,יְהוָ֖ה,Яхве,Господь
ВЗ,zechariah,Захария,10,3,9,יְהוָ֨ה,Яхве,Господь
ВЗ,zechariah,Захария,10,5,8,יְהוָ֖ה,Яхве,Господь
ВЗ,zechariah,Захария,10,6,17,יְהוָ֥ה,есмь Яхве,есмь Господь
ВЗ,zechariah,Захария,10,7,12,בַּיהוָֽה\׃,"в, Яхве","в, Господь"
ВЗ,zechariah,Захария,10,12,1,בַּֽיהוָ֔ה,"через, Яхве","через, Господь"
ВЗ,zechariah,Захария,10,12,5,יְהוָֽה\׃\ \ס,Яхве,Господь
ВЗ,zechariah,Захария,11,4,2,יְהוָ֣ה,Яхве,Господь
ВЗ,zechariah,Захария,11,5,8,יְהוָ֖ה,Яхве,Господь
ВЗ,zechariah,Захария,11,6,8,יְהוָ֑ה,Яхве,Господь
ВЗ,zechariah,Захария,11,8,6,וַתִּקְצַ֤ר,"и, оно был короткий",и было короткий
ВЗ,zechariah,Захария,11,11,0,וַתֻּפַ֖ר,"и, оно был сломанный",и было сломанный
ВЗ,zechariah,Захария,11,11,11,יְהוָ֖ה,Яхве,Господь
ВЗ,zechariah,Захария,11,13,1,יְהוָ֜ה,Яхве,Господь
ВЗ,zechariah,Захария,11,13,17,יְהוָ֖ה,Яхве,Господь
ВЗ,zechariah,Захария,11,15,1,יְהוָ֖ה,Яхве,Господь
ВЗ,zechariah,Захария,12,1,2,יְהוָ֖ה,Яхве,Господь
ВЗ,zechariah,Захария,12,1,6,יְהוָ֗ה,Яхве,Господь
ВЗ,zechariah,Захария,12,4,3,יְהוָ֗ה,Яхве,Господь
ВЗ,zechariah,Захария,12,5,8,בַּיהוָ֥ה,"через, Яхве","через, Господь"
ВЗ,zechariah,Захария,12,7,1,יְהוָ֛ה,Яхве,Господь
ВЗ,zechariah,Захария,12,8,3,יְהוָה֙,Яхве,Господь
ВЗ,zechariah,Захария,12,8,17,יְהוָ֖ה,Яхве,Господь
ВЗ,zechariah,Захария,13,2,4,יְהוָ֣ה,Яхве,Господь
ВЗ,zechariah,Захария,13,3,6,אֵ֠לָיו,"к, его",к нему
ВЗ,zechariah,Захария,13,3,16,יְהוָ֑ה,Яхве,Господь
ВЗ,zechariah,Захария,13,6,1,אֵלָ֔יו,"к, его",к нему
ВЗ,zechariah,Захария,13,7,8,יְהוָ֣ה,Яхве,Господь
ВЗ,zechariah,Захария,13,8,4,יְהוָ֔ה,Яхве,Господь
ВЗ,zechariah,Захария,13,9,23,יְהוָ֥ה,Яхве,Господь
ВЗ,zechariah,Захария,14,1,3,לַֽיהוָ֑ה,Яхве,Господь
ВЗ,zechariah,Захария,14,3,1,יְהוָ֔ה,Яхве,Господь
ВЗ,zechariah,Захария,14,5,19,יְהוָ֣ה,Яхве,Господь
ВЗ,zechariah,Захария,14,7,5,לַֽיהוָ֖ה,"к, Яхве","к, Господь"
ВЗ,zechariah,Захария,14,9,1,יְהוָ֛ה,Яхве,Господь
ВЗ,zechariah,Захария,14,9,9,יְהוָ֛ה,Яхве,Господь
ВЗ,zechariah,Захария,14,12,5,יְהוָה֙,Яхве,Господь
ВЗ,zechariah,Захария,14,12,22,וּלְשׁוֹנ֖וֹ,"и, язык, его","и, язык нему"
ВЗ,zechariah,Захария,14,13,5,יְהוָ֛ה,Яхве,Господь
ВЗ,zechariah,Захария,14,16,14,יְהוָ֣ה,Яхве,Господь
ВЗ,zechariah,Захария,14,17,11,יְהוָ֣ה,Яхве,Господь
ВЗ,zechariah,Захария,14,18,13,יְהוָה֙,Яхве,Господь
ВЗ,zechariah,Захария,14,20,7,לַֽיהוָ֑ה,"к, Яхве","к, Господь"
ВЗ,zechariah,Захария,14,20,11,יְהוָ֔ה,Яхве,Господь
ВЗ,zechariah,Захария,14,21,6,לַיהוָ֣ה,"к, Яхве","к, Господь"
ВЗ,zechariah,Захария,14,21,20,יְהוָ֥ה,Яхве,Господь
ВЗ,malachi,Малахия,1,1,2,יְהוָ֖ה,Яхве,Господь
ВЗ,malachi,Малахия,1,2,3,יְהוָ֔ה,Яхве,Господь
ВЗ,malachi,Малахия,1,2,12,יְהוָ֔ה,Яхве,Господь
ВЗ,malachi,Малахия,1,4,9,יְהוָ֣ה,Яхве,Господь
ВЗ,malachi,Малахия,1,4,22,יְהוָ֖ה,Яхве,Господь
ВЗ,malachi,Малахия,1,5,5,יְהוָ֔ה,Яхве,Господь
ВЗ,malachi,Малахия,1,6,16,יְהוָ֣ה,Яхве,Господь
ВЗ,malachi,Малахия,1,7,10,יְהוָ֖ה,Яхве,Господь
ВЗ,malachi,Малахия,1,8,15,הֲיִרְצְךָ֙,"¿, вилл хе бе плеасед виф, ты","¿, вилл хе бе угождатьд виф, ты"
ВЗ,malachi,Малахия,1,8,20,יְהוָ֥ה,Яхве,Господь
ВЗ,malachi,Малахия,1,9,13,יְהוָ֥ה,Яхве,Господь
ВЗ,malachi,Малахия,1,10,14,יְהוָ֣ה,Яхве,Господь
ВЗ,malachi,Малахия,1,11,20,יְהוָ֥ה,Яхве,Господь
ВЗ,malachi,Малахия,1,13,6,יְהוָ֣ה,Яхве,Господь
ВЗ,malachi,Малахия,1,13,21,יְהוָֽה\׃\ \ס,Яхве,Господь
ВЗ,malachi,Малахия,1,14,14,יְהוָ֣ה,Яхве,Господь
ВЗ,malachi,Малахия,2,2,12,יְהוָ֣ה,Яхве,Господь
ВЗ,malachi,Малахия,2,4,12,יְהוָ֥ה,Яхве,Господь
ВЗ,malachi,Малахия,2,5,6,ל֥וֹ,"к, его",к нему
ВЗ,malachi,Малахия,2,7,10,יְהוָֽה\־,Яхве,Господь
ВЗ,malachi,Малахия,2,8,11,יְהוָ֥ה,Яхве,Господь
ВЗ,malachi,Малахия,2,11,10,יְהוָה֙,Яхве,Господь
ВЗ,malachi,Малахия,2,12,1,יְהוָ֜ה,Яхве,Господь
ВЗ,malachi,Малахия,2,12,11,לַֽיהוָ֖ה,"к, Яхве","к, Господь"
ВЗ,malachi,Малахия,2,13,7,יְהוָ֔ה,Яхве,Господь
ВЗ,malachi,Малахия,2,14,5,יְהוָה֩,Яхве,Господь
ВЗ,malachi,Малахия,2,15,5,ל֔וֹ,"к, его",к нему
ВЗ,malachi,Малахия,2,16,4,יְהוָה֙,Яхве,Господь
ВЗ,malachi,Малахия,2,16,12,יְהוָ֣ה,Яхве,Господь
ВЗ,malachi,Малахия,2,17,1,יְהוָה֙,Яхве,Господь
ВЗ,malachi,Малахия,2,17,12,יְהוָ֗ה,Яхве,Господь
ВЗ,malachi,Малахия,3,1,22,יְהוָ֥ה,Яхве,Господь
ВЗ,malachi,Малахия,3,3,13,לַֽיהוָ֔ה,"к, Яхве","к, Господь"
ВЗ,malachi,Малахия,3,4,1,לַֽיהוָ֔ה,"к, Яхве","к, Господь"
ВЗ,malachi,Малахия,3,5,20,יְהוָ֥ה,Яхве,Господь
ВЗ,malachi,Малахия,3,6,2,יְהוָ֖ה,Яхве,Господь
ВЗ,malachi,Малахия,3,7,11,יְהוָ֣ה,Яхве,Господь
ВЗ,malachi,Малахия,3,10,14,יְהוָ֣ה,Яхве,Господь
ВЗ,malachi,Малахия,3,11,15,יְהוָ֥ה,Яхве,Господь
ВЗ,malachi,Малахия,3,12,10,יְהוָ֥ה,Яхве,Господь
ВЗ,malachi,Малахия,3,13,4,יְהוָ֑ה,Яхве,Господь
ВЗ,malachi,Малахия,3,14,13,יְהוָ֥ה,Яхве,Господь
ВЗ,malachi,Малахия,3,16,3,יְהוָ֖ה,Яхве,Господь
ВЗ,malachi,Малахия,3,16,8,יְהוָה֙,Яхве,Господь
ВЗ,malachi,Малахия,3,16,10,וַ֠יִּכָּתֵב,"и, оно был написанное",и было написанное
ВЗ,malachi,Малахия,3,16,15,יְהוָ֔ה,Яхве,Господь
ВЗ,malachi,Малахия,3,17,3,יְהוָ֣ה,Яхве,Господь
НЗ,matthew,Евангелие от Матфея,1,1,1,γενέσεως,генеалогй,генеалогия
НЗ,matthew,Евангелие от Матфея,1,9,4,Ἰωαθάμ·,Джофам;,Иоафам;
НЗ,matthew,Евангелие от Матфея,1,9,5,Ἰωαθὰμ,Джофам,Иоафам
НЗ,matthew,Евангелие от Матфея,2,5,10,γέγραπται,оно имеет был написанное,написано
НЗ,matthew,Евангелие от Матфея,4,4,4,γέγραπται·,оно имеет был написанное:,написано:
НЗ,matthew,Евангелие от Матфея,4,6,11,γέγραπται,оно имеет был написанное,написано
НЗ,matthew,Евангелие от Матфея,4,7,5,γέγραπται·,оно имеет был написанное:,написано:
НЗ,matthew,Евангелие от Матфея,4,10,9,γέγραπται,оно имеет был написанное,написано
НЗ,matthew,Евангелие от Матфея,7,28,1,ἐγένετο,оно пришёл к пройти,было к пройти
НЗ,matthew,Евангелие от Матфея,9,10,1,ἐγένετο,оно пришёл к пройти,было к пройти
НЗ,matthew,Евангелие от Матфея,11,1,1,ἐγένετο,оно пришёл к пройти,было к пройти
НЗ,matthew,Евангелие от Матфея,11,10,5,γέγραπται·,оно имеет был написанное:,написано:
НЗ,matthew,Евангелие от Матфея,11,21,19,πάλαι,долгий назад,давно
НЗ,matthew,Евангелие от Матфея,13,53,1,ἐγένετο,оно пришёл к пройти,было к пройти
НЗ,matthew,Евангелие от Матфея,19,1,1,ἐγένετο,оно пришёл к пройти,было к пройти
НЗ,matthew,Евангелие от Матфея,21,13,3,γέγραπται·,оно имеет был написанное:,написано:
НЗ,matthew,Евангелие от Матфея,22,5,14,ἐμπορίαν,бусинесс,дело
НЗ,matthew,Евангелие от Матфея,23,33,7,κρίσεως,сентенке,высказывание
НЗ,matthew,Евангелие от Матфея,26,1,1,ἐγένετο,оно пришёл к пройти,было к пройти
НЗ,matthew,Евангелие от Матфея,26,24,7,γέγραπται,оно имеет был написанное,написано
НЗ,matthew,Евангелие от Матфея,26,31,14,γέγραπται,оно имеет был написанное,написано
НЗ,mark,Евангелие от Марка,1,2,1,γέγραπται,оно имеет был написанное,написано
НЗ,mark,Евангелие от Марка,1,9,1,ἐγένετο,оно пришёл к пройти,было к пройти
НЗ,mark,Евангелие от Марка,1,26,11,ἐξῆλθεν,оно пришёл вперёд,было вперёд
НЗ,mark,Евангелие от Марка,2,15,1,γίνεται,оно пришёл к пройти,было к пройти
НЗ,mark,Евангелие от Марка,2,23,1,ἐγένετο,оно пришёл к пройти,было к пройти
НЗ,mark,Евангелие от Марка,4,4,1,ἐγένετο,оно пришёл к пройти,было к пройти
НЗ,mark,Евангелие от Марка,7,6,14,γέγραπται,оно имеет был написанное,написано
НЗ,mark,Евангелие от Марка,9,13,13,γέγραπται,оно имеет был написанное,написано
НЗ,mark,Евангелие от Марка,9,26,6,"ἐξῆλθεν,","оно пришёл вне,","было вне,"
НЗ,mark,Евангелие от Марка,11,17,6,γέγραπται,оно имеет был написанное,написано
НЗ,mark,Евангелие от Марка,13,4,12,συντελεῖσθαι,к быть аккомплишед,к быть уверенно познавших
НЗ,mark,Евангелие от Марка,14,21,8,γέγραπται,оно имеет был написанное,написано
НЗ,mark,Евангелие от Марка,14,22,7,εὐλογήσας,имея сказанное благословение,говоривший благословение
НЗ,mark,Евангелие от Марка,14,27,15,γέγραπται·,оно имеет был написанное:,написано:
НЗ,luke,Евангелие от Луки,1,1,0,Ἐπειδήπερ,Инасмуч как,"Поскольку, как"
НЗ,luke,Евангелие от Луки,1,1,2,ἐπεχείρησαν,ундертук,предприняли
НЗ,luke,Евангелие от Луки,1,1,3,ἀνατάξασθαι,к тянуть вверх,составить
НЗ,luke,Евангелие от Луки,1,1,4,διήγησιν,нарратион,повествование
НЗ,luke,Евангелие от Луки,1,1,7,πεπληροφορημένων,аккомплишед,уверенно познавших
НЗ,luke,Евангелие от Луки,1,8,0,Ἐγένετο,оно пришёл к пройти,было к пройти
НЗ,luke,Евангелие от Луки,1,23,1,ἐγένετο,оно пришёл к пройти,было к пройти
НЗ,luke,Евангелие от Луки,1,41,1,ἐγένετο,оно пришёл к пройти,было к пройти
НЗ,luke,Евангелие от Луки,1,59,1,ἐγένετο,оно пришёл к пройти,было к пройти
НЗ,luke,Евангелие от Луки,2,1,0,Ἐγένετο,оно пришёл к пройти,было к пройти
НЗ,luke,Евангелие от Луки,2,6,0,Ἐγένετο,оно пришёл к пройти,было к пройти
НЗ,luke,Евангелие от Луки,2,15,1,ἐγένετο,оно пришёл к пройти,было к пройти
НЗ,luke,Евангелие от Луки,2,23,1,γέγραπται,оно имеет был написанное,написано
НЗ,luke,Евангелие от Луки,2,46,1,ἐγένετο,оно пришёл к пройти,было к пройти
НЗ,luke,Евангелие от Луки,3,4,1,γέγραπται,оно имеет был написанное,написано
НЗ,luke,Евангелие от Луки,3,21,0,Ἐγένετο,оно пришёл к пройти,было к пройти
НЗ,luke,Евангелие от Луки,4,4,7,γέγραπται,оно имеет был написанное,написано
НЗ,luke,Евангелие от Луки,4,8,10,γέγραπται·,оно имеет был написанное:,написано:
НЗ,luke,Евангелие от Луки,4,10,0,γέγραπται,оно имеет был написанное,написано
НЗ,luke,Евангелие от Луки,4,32,11,λόγος,мессаге,возвещение
НЗ,luke,Евангелие от Луки,4,35,19,ἐξῆλθεν,оно пришёл вне,было вне
НЗ,luke,Евангелие от Луки,5,1,0,Ἐγένετο,оно пришёл к пройти,было к пройти
НЗ,luke,Евангелие от Луки,5,12,1,ἐγένετο,оно пришёл к пройти,было к пройти
НЗ,luke,Евангелие от Луки,5,17,1,ἐγένετο,оно пришёл к пройти,было к пройти
НЗ,luke,Евангелие от Луки,6,1,0,Ἐγένετο,оно пришёл к пройти,было к пройти
НЗ,luke,Евангелие от Луки,6,6,0,Ἐγένετο,оно пришёл к пройти,было к пройти
НЗ,luke,Евангелие от Луки,6,12,0,Ἐγένετο,оно пришёл к пройти,было к пройти
НЗ,luke,Евангелие от Луки,7,11,1,ἐγένετο,оно пришёл к пройти,было к пройти
НЗ,luke,Евангелие от Луки,7,27,4,γέγραπται·,оно имеет был написанное:,написано:
НЗ,luke,Евангелие от Луки,8,1,1,ἐγένετο,оно пришёл к пройти,было к пройти
НЗ,luke,Евангелие от Луки,8,22,1,Ἐγένετο,оно пришёл к пройти,было к пройти
НЗ,luke,Евангелие от Луки,8,40,0,Ἐγένετο,оно пришёл к пройти,было к пройти
НЗ,luke,Евангелие от Луки,9,18,1,ἐγένετο,оно пришёл к пройти,было к пройти
НЗ,luke,Евангелие от Луки,9,28,0,Ἐγένετο,оно пришёл к пройти,было к пройти
НЗ,luke,Евангелие от Луки,9,29,1,ἐγένετο,оно пришёл к пройти,было к пройти
НЗ,luke,Евангелие от Луки,9,33,1,ἐγένετο,оно пришёл к пройти,было к пройти
НЗ,luke,Евангелие от Луки,9,37,0,Ἐγένετο,оно пришёл к пройти,было к пройти
НЗ,luke,Евангелие от Луки,9,51,0,Ἐγένετο,оно пришёл к пройти,было к пройти
НЗ,luke,Евангелие от Луки,9,57,1,ἐγένετο,оно пришёл к пройти,было к пройти
НЗ,luke,Евангелие от Луки,10,13,19,πάλαι,долгий назад,давно
НЗ,luke,Евангелие от Луки,10,38,0,Ἐγένετο,оно пришёл к пройти,было к пройти
НЗ,luke,Евангелие от Луки,11,1,1,ἐγένετο,оно пришёл к пройти,было к пройти
НЗ,luke,Евангелие от Луки,11,14,8,ἐγένετο,оно пришёл к пройти,было к пройти
НЗ,luke,Евангелие от Луки,11,27,0,Ἐγένετο,оно пришёл к пройти,было к пройти
НЗ,luke,Евангелие от Луки,12,50,9,τελεσθῇ.,оно да быть аккомплишед!,оно да быть уверенно познавших!
НЗ,luke,Евангелие от Луки,14,1,1,ἐγένετο,оно пришёл к пройти,было к пройти
НЗ,luke,Евангелие от Луки,17,11,1,ἐγένετο,оно пришёл к пройти,было к пройти
НЗ,luke,Евангелие от Луки,17,14,10,ἐγένετο,оно пришёл к пройти,было к пройти
НЗ,luke,Евангелие от Луки,17,26,2,ἐγένετο,оно пришёл к пройти,было к пройти
НЗ,luke,Евангелие от Луки,17,28,2,ἐγένετο,оно пришёл к пройти,было к пройти
НЗ,luke,Евангелие от Луки,18,31,12,τελεσθήσεται,будет быть аккомплишед,будет быть уверенно познавших
НЗ,luke,Евангелие от Луки,18,35,0,Ἐγένετο,оно пришёл к пройти,было к пройти
НЗ,luke,Евангелие от Луки,19,15,1,ἐγένετο,оно пришёл к пройти,было к пройти
НЗ,luke,Евангелие от Луки,19,29,1,ἐγένετο,оно пришёл к пройти,было к пройти
НЗ,luke,Евангелие от Луки,19,46,2,"γέγραπται,",оно имеет был написанное:,написано:
НЗ,luke,Евангелие от Луки,20,1,1,ἐγένετο,оно пришёл к пройти,было к пройти
НЗ,luke,Евангелие от Луки,22,37,9,τελεσθῆναι,к быть аккомплишед,к быть уверенно познавших
НЗ,luke,Евангелие от Луки,23,24,3,ἐπέκρινεν,сентенкед,высказываниед
НЗ,luke,Евангелие от Луки,24,4,1,ἐγένετο,оно пришёл к пройти,было к пройти
НЗ,luke,Евангелие от Луки,24,15,1,ἐγένετο,оно пришёл к пройти,было к пройти
НЗ,luke,Евангелие от Луки,24,30,1,ἐγένετο,оно пришёл к пройти,было к пройти
НЗ,luke,Евангелие от Луки,24,46,5,γέγραπται,оно имеет был написанное,написано
НЗ,luke,Евангелие от Луки,24,51,1,ἐγένετο,оно пришёл к пройти,было к пройти
НЗ,john,Евангелие от Иоанна,2,10,15,ἐλάσσω·,инфериор;,ниже;
НЗ,john,Евангелие от Иоанна,8,17,7,γέγραπται,оно имеет был написанное,написано
НЗ,john,Евангелие от Иоанна,19,28,8,"τετέλεσται,","имеет был аккомплишед,","имеет был уверенно познавших,"
НЗ,acts,Деяния,1,20,0,γέγραπται,оно имеет был написанное,написано
НЗ,acts,Деяния,4,5,0,Ἐγένετο,оно пришёл к пройти,было к пройти
НЗ,acts,Деяния,4,25,12,εἰπών·,имея сказанное:,говоривший:
НЗ,acts,Деяния,5,7,0,ἐγένετο,оно пришёл к пройти,было к пройти
НЗ,acts,Деяния,5,36,26,ἐγένοντο,они оно пришёл,они было
НЗ,acts,Деяния,7,23,6,ἀνέβη,оно пришёл,было
НЗ,acts,Деяния,7,42,13,γέγραπται,оно имеет был написанное,написано
НЗ,acts,Деяния,8,25,5,λαλήσαντες,имея сказанное,говоривший
НЗ,acts,Деяния,9,3,4,ἐγένετο,оно пришёл к пройти,было к пройти
НЗ,acts,Деяния,9,37,0,ἐγένετο,оно пришёл к пройти,было к пройти
НЗ,acts,Деяния,9,43,0,ἐγένετο,оно пришёл к пройти,было к пройти
НЗ,acts,Деяния,11,5,24,ἦλθεν,оно пришёл вниз,было вниз
НЗ,acts,Деяния,13,26,14,λόγος,мессаге,возвещение
НЗ,acts,Деяния,13,33,16,γέγραπται,оно имеет был написанное,написано
НЗ,acts,Деяния,14,1,0,Ἐγένετο,оно пришёл к пройти,было к пройти
НЗ,acts,Деяния,14,25,1,λαλήσαντες,имея сказанное,говоривший
НЗ,acts,Деяния,15,15,8,γέγραπται·,оно имеет был написанное:,написано:
НЗ,acts,Деяния,15,24,0,Ἐπειδὴ,Инасмуч как,"Поскольку, как"
НЗ,acts,Деяния,16,18,26,ἐξῆλθεν,оно пришёл вне,было вне
НЗ,acts,Деяния,19,1,0,Ἐγένετο,оно пришёл к пройти,было к пройти
НЗ,acts,Деяния,19,24,14,"ἐργασίαν,",бусинесс,дело
НЗ,acts,Деяния,19,25,15,ἐργασίας,бусинесс,дело
НЗ,acts,Деяния,19,27,7,μέρος,бусинесс,дело
НЗ,acts,Деяния,20,4,9,Θεσσαλονικέων,Фессалонианс,фессалоникийцам
НЗ,acts,Деяния,23,5,10,γέγραπται,оно имеет был написанное,написано
НЗ,acts,Деяния,25,4,12,μέλλειν,енсуинг,следующий
НЗ,acts,Деяния,27,10,22,μέλλειν,енсуинг,следующий
НЗ,acts,Деяния,27,44,17,ἐγένετο,оно пришёл к пройти что,было к пройти что
НЗ,acts,Деяния,28,8,0,Ἐγένετο,оно пришёл к пройти,было к пройти
НЗ,acts,Деяния,28,17,0,Ἐγένετο,оно пришёл к пройти,было к пройти
НЗ,1_peter,1 Петра,1,16,1,γέγραπται·,оно имеет был написанное:,написано:
НЗ,1_peter,1 Петра,5,9,16,ἐπιτελεῖσθαι.¶,есть будучи аккомплишед.,есть будучи уверенно познавших.
НЗ,1_peter,1 Петра,5,12,1,Σιλουανοῦ,Силванус,Силуан
НЗ,2_peter,2 Петра,2,3,10,ἔκπαλαι,долгий назад,давно
НЗ,2_peter,2 Петра,2,16,10,φθεγξάμενον,имея сказанное,говоривший
НЗ,2_peter,2 Петра,3,5,8,ἔκπαλαι,долгий назад,давно
НЗ,1_john,1 Иоанна,1,5,4,ἀγγελία,мессаге,возвещение
НЗ,1_john,1 Иоанна,3,11,4,ἀγγελία,мессаге,возвещение
НЗ,jude,Иуды,1,4,5,πάλαι,долгий назад,давно
НЗ,romans,Римлянам,1,17,11,γέγραπται·,оно имеет был написанное:,написано:
НЗ,romans,Римлянам,2,24,12,γέγραπται.¶,оно имеет был написанное.,написано.
НЗ,romans,Римлянам,3,4,12,γέγραπται·,оно имеет был написанное:,написано:
НЗ,romans,Римлянам,3,10,1,γέγραπται,оно имеет был написанное,написано
НЗ,romans,Римлянам,4,17,1,γέγραπται,оно имеет был написанное,написано
НЗ,romans,Римлянам,8,36,1,γέγραπται,оно имеет был написанное,написано
НЗ,romans,Римлянам,9,13,1,γέγραπται·,оно имеет был написанное:,написано:
НЗ,romans,Римлянам,9,28,0,λόγον,сентенке,высказывание
НЗ,romans,Римлянам,9,33,1,γέγραπται·,оно имеет был написанное:,написано:
НЗ,romans,Римлянам,10,15,7,γέγραπται·,оно имеет был написанное:,написано:
НЗ,romans,Римлянам,11,8,1,γέγραπται·,оно имеет был написанное:,написано:
НЗ,romans,Римлянам,11,26,6,γέγραπται·,оно имеет был написанное:,написано:
НЗ,romans,Римлянам,12,19,9,γέγραπται,оно имеет был написанное,написано
НЗ,romans,Римлянам,14,11,0,γέγραπται,оно имеет был написанное,написано
НЗ,romans,Римлянам,15,3,9,γέγραπται·,оно имеет был написанное:,написано:
НЗ,romans,Римлянам,15,9,9,γέγραπται·,оно имеет был написанное:,написано:
НЗ,romans,Римлянам,15,17,8,πρὸς,пертаининг к,относящийся к
НЗ,romans,Римлянам,15,18,7,κατειργάσατο,имеет аккомплишед,имеет уверенно познавших
НЗ,romans,Римлянам,15,21,2,γέγραπται·,оно имеет был написанное:,написано:
НЗ,1_corinthians,1 Коринфянам,1,18,1,λόγος,мессаге,возвещение
НЗ,1_corinthians,1 Коринфянам,1,19,0,γέγραπται,оно имеет был написанное,написано
НЗ,1_corinthians,1 Коринфянам,1,31,2,γέγραπται·,оно имеет был написанное:,написано:
НЗ,1_corinthians,1 Коринфянам,2,4,2,λόγος,мессаге,возвещение
НЗ,1_corinthians,1 Коринфянам,2,9,2,γέγραπται·,оно имеет был написанное:,написано:
НЗ,1_corinthians,1 Коринфянам,3,19,11,γέγραπται,оно имеет был написанное,написано
НЗ,1_corinthians,1 Коринфянам,9,9,5,γέγραπται·,оно имеет был написанное:,написано:
НЗ,1_corinthians,1 Коринфянам,10,7,7,γέγραπται·,оно имеет был написанное:,написано:
НЗ,1_corinthians,1 Коринфянам,14,21,3,γέγραπται,оно имеет был написанное,написано
НЗ,1_corinthians,1 Коринфянам,15,45,2,γέγραπται·,оно имеет был написанное:,написано:
НЗ,2_corinthians,2 Коринфянам,1,9,5,ἀπόκριμα,сентенке,высказывание
НЗ,2_corinthians,2 Коринфянам,1,19,16,Σιλουανοῦ,Силванус,Силуан
НЗ,2_corinthians,2 Коринфянам,8,15,1,γέγραπται·,оно имеет был написанное:,написано:
НЗ,2_corinthians,2 Коринфянам,9,9,1,γέγραπται·,оно имеет был написанное:,написано:
НЗ,2_corinthians,2 Коринфянам,11,5,3,ὑστερηκέναι,к имеют был инфериор,к имеют был ниже
НЗ,2_corinthians,2 Коринфянам,12,11,14,ὑστέρησα,был я инфериор,был я ниже
НЗ,2_corinthians,2 Коринфянам,12,13,4,ἡσσώθητε,ты были инфериор,ты были ниже
НЗ,galatians,Галатам,3,10,9,γέγραπται,оно имеет был написанное,написано
НЗ,galatians,Галатам,3,13,13,γέγραπται,оно имеет был написанное,написано
НЗ,galatians,Галатам,4,22,0,γέγραπται,оно имеет был написанное,написано
НЗ,galatians,Галатам,4,27,0,γέγραπται,оно имеет был написанное,написано
НЗ,ephesians,Ефесянам,3,11,5,ἐποίησεν,Он аккомплишед,Он уверенно познавших
НЗ,ephesians,Ефесянам,6,6,4,ἀνθρωπάρεσκοι,мен-плеасерс,мен-угождатьрс
НЗ,colossians,Колоссянам,3,22,13,ἀνθρωπάρεσκοι,мен-плеасерс,мен-угождатьрс
НЗ,1_thessalonians,1 Фессалоникийцам,1,1,2,Σιλουανὸς,Силванус,Силуан
НЗ,1_thessalonians,1 Фессалоникийцам,1,1,7,Θεσσαλονικέων,Фессалонианс,фессалоникийцам
НЗ,1_thessalonians,1 Фессалоникийцам,1,1,12,κυρίῳ,в Господь,у Господа
НЗ,1_thessalonians,1 Фессалоникийцам,3,4,13,ἐγένετο,оно пришёл к пройти,было к пройти
НЗ,2_thessalonians,2 Фессалоникийцам,1,1,2,Σιλουανὸς,Силванус,Силуан
НЗ,2_thessalonians,2 Фессалоникийцам,1,1,7,Θεσσαλονικέων,Фессалонианс,фессалоникийцам
НЗ,2_thessalonians,2 Фессалоникийцам,1,1,13,κυρίῳ,в Господь,у Господа
НЗ,2_timothy,2 Тимофею,4,15,9,λόγοις.¶,мессаге.,возвещение.
НЗ,2_timothy,2 Тимофею,4,17,13,"πληροφορηθῇ,","да быть фуллй аккомплишед,","да быть фуллй уверенно познавших,"
НЗ,hebrews,Евреям,1,1,0,Πολυμερῶς,В много части,Многочастно
НЗ,hebrews,Евреям,1,1,2,πολυτρόπως,в много пути,многообразно
НЗ,hebrews,Евреям,1,1,3,πάλαι,долгий назад,давно
НЗ,hebrews,Евреям,1,1,6,λαλήσας,имея сказанное,говоривший
НЗ,hebrews,Евреям,4,2,10,λόγος,мессаге,возвещение
НЗ,hebrews,Евреям,7,3,2,"ἀγενεαλόγητος,","без генеалогй,","без генеалогия,"
НЗ,hebrews,Евреям,7,7,5,ἔλαττον,инфериор,ниже
НЗ,hebrews,Евреям,10,7,7,γέγραπται,оно имеет был написанное,написано
